accelerometer_m_s2[0],accelerometer_m_s2[1],accelerometer_m_s2[2]
1.1849777,-0.084972486,-2.19573
1.1119623,-0.06875769,-2.19573
1.3886881,-0.07524593,-3.2109282
1.4076259,-0.079649895,-2.3332314
0.96497685,-0.060457747,-2.8326228
1.4076259,-0.0831415,-3.2109282
0.9025875,-0.09083566,-3.2109282
1.3308316,-0.08792235,-2.19573
1.4076259,-0.08934836,-3.2109282
0.8416372,-0.081122346,-3.2109282
1.0027303,-0.07307545,-2.766298
0.88796175,-0.06937678,-3.2109282
1.3618138,-0.09165544,-2.492188
0.96079296,-0.060457747,-3.2109282
1.380351,-0.06809018,-2.19573
0.8416372,-0.08801084,-2.5222254
1.4076259,-0.060457747,-2.429246
0.8416372,-0.060457747,-2.7112708
1.0427219,-0.068734095,-2.19573
0.8416372,-0.09165544,-3.0685437
0.8753489,-0.06406426,-2.7856112
1.0711049,-0.08435989,-2.6484406
1.2525647,-0.070683986,-2.19573
1.1813711,-0.09165544,-2.708657
0.86879176,-0.060457747,-2.19573
-0.34415254,0.16984728,-5.302622
-0.2531577,0.065173805,-5.035588
-0.27402833,0.082897164,-5.2820725
-0.28006947,0.251927,-5.2871623
-0.34415254,0.088929646,-5.271542
-0.2531577,0.18823206,-5.174379
-0.2531577,0.25253534,-5.2872944
-0.33156532,0.25253534,-5.1314235
-0.3355186,0.065173805,-5.2751136
-0.31674248,0.065173805,-5.2248154
-0.34415254,0.065173805,-5.035588
-0.30945438,0.17236602,-5.226002
-0.2950251,0.2506437,-5.232949
-0.25380027,0.065173805,-5.1936655
-0.2680112,0.1637646,-5.035588
-0.3264348,0.25253534,-5.294336
-0.30152348,0.07888978,-5.2826014
-0.2867416,0.11965955,-5.2122536
-0.2531577,0.09407329,-5.1122518
-0.30326456,0.16041261,-5.302546
-0.31884372,0.21239376,-5.035588
-0.33950728,0.24932027,-5.035588
-0.27817783,0.13941154,-5.071417
-0.30318648,0.20907372,-5.171084
-0.29030794,0.25253534,-5.269349
-0.051742487,-0.45727605,-6.7712045
-0.07170061,-0.8100973,-6.7666235
-0.074649274,-0.7843089,-6.7897882
-0.060518816,-0.7434974,-6.806957
-0.090050764,-0.48792958,-6.8156114
-0.057588622,-0.4196201,-6.8172355
-0.07271482,-0.41241825,-6.811432
-0.08547579,-0.78906715,-6.7666235
-0.07442189,-0.47116268,-6.7987437
-0.06330879,-0.5303016,-6.7666235
-0.090050764,-0.44515878,-6.794098
-0.0745628,-0.90105486,-6.8259616
-0.073262304,-0.90105486,-6.7837796
-0.05743467,-0.73654133,-6.8238773
-0.090050764,-0.6862946,-6.7666235
-0.053524874,-0.5828941,-6.82813
-0.090050764,-0.6817576,-6.8153467
-0.0764384,-0.41241825,-6.82813
-0.090050764,-0.41241825,-6.795989
-0.051742487,-0.76411456,-6.811948
-0.06869538,-0.78010505,-6.811103
-0.051742487,-0.90105486,-6.7666235
-0.085299134,-0.90105486,-6.82419
-0.06339166,-0.47018856,-6.8177786
-0.073384926,-0.41241825,-6.82813
0.34294322,0.61436033,-8.239827
0.17589168,0.83593875,-8.267104
0.35088602,1.1475234,-8.25882
0.1935803,0.7972949,-8.267185
0.30746445,1.1475234,-8.267076
0.32912102,0.6934488,-8.256097
0.49985176,0.5558522,-8.262159
0.17708662,0.72435856,-8.2665
0.25365856,0.4997749,-8.26234
0.29409164,0.5867132,-8.265836
0.30605552,0.95737195,-8.26526
0.42687964,0.94442,-8.2656765
0.17589168,1.0712196,-8.2495
0.49985176,0.9330766,-8.257034
0.29745644,0.8097425,-8.261259
0.17589168,1.1475234,-8.265893
0.49985176,0.9075384,-8.239827
0.21421093,0.7725302,-8.262927
0.408216,1.1475234,-8.267242
0.4444644,0.4997749,-8.262175
0.27181932,0.4997749,-8.239827
0.36662185,1.0400612,-8.239881
0.34882006,0.4997749,-8.239827
0.25555778,0.4997749,-8.266072
0.35807154,0.6732591,-8.266366
0.17485383,-0.37773526,-9.514883
0.25936112,-0.27889115,-9.51361
0.14075509,-0.27889115,-9.513134
0.14041781,-0.5883021,-9.515064
0.29200083,-0.28386912,-9.513841
0.22261322,-0.44702893,-9.508595
0.12840971,-0.27889115,-9.513634
0.10906872,-0.5883021,-9.509478
0.15565425,-0.51196694,-9.514855
0.15482923,-0.56061244,-9.513894
0.2155312,-0.37237284,-9.512797
0.101124994,-0.3486419,-9.5125065
0.2663504,-0.30125174,-9.505715
0.13600978,-0.49011388,-9.514861
0.2314581,-0.4140281,-9.515173
0.29200083,-0.3935607,-9.515352
0.101124994,-0.5883021,-9.505897
0.22014502,-0.40673304,-9.505715
0.1616691,-0.33001906,-9.505715
0.101124994,-0.48120323,-9.509172
0.21009073,-0.51193285,-9.514858
0.29200083,-0.28674397,-9.515213
0.19042757,-0.41982344,-9.515353
0.15702656,-0.3357635,-9.505715
0.29200083,-0.5480765,-9.507389
0.49973646,0.53456885,-10.463516
0.28630283,0.13076633,-10.467461
0.5497281,0.17292398,-10.467194
0.2779901,0.53456885,-10.467516
0.39721164,0.25477868,-10.4670725
0.20417887,0.13290504,-10.458102
0.39204946,0.53456885,-10.461521
0.3414413,0.27047318,-10.467488
0.5497281,0.17592269,-10.466139
0.33271483,0.53456885,-10.457161
0.31395903,0.29436266,-10.457914
0.5110922,0.09966837,-10.457161
0.5464916,0.49918997,-10.467358
0.42462292,0.53456885,-10.464489
0.20417887,0.124251,-10.460005
0.37237877,0.09966837,-10.466559
0.41952774,0.36519748,-10.466945
0.5497281,0.09966837,-10.466726
0.20417887,0.30438682,-10.467496
0.5497281,0.28674567,-10.467345
0.5264853,0.53456885,-10.465864
0.23007575,0.48308945,-10.467195
0.20417887,0.1482116,-10.46544
0.5497281,0.15649366,-10.467434
0.20417887,0.15196678,-10.466646
-0.6093276,-0.05357469,-11.0995655
-0.7463053,-0.12841436,-11.097081
-0.73234683,-0.069120616,-11.098716
-0.92472106,-0.039106704,-11.096992
-0.6376375,-0.095007256,-11.096316
-0.6999707,-0.11539797,-11.099736
-0.9461052,-0.07432337,-11.092706
-0.93949926,-0.09180161,-11.099689
-0.60023516,-0.12841436,-11.099394
-0.7913218,-0.10949417,-11.092706
-0.68641365,-0.08777389,-11.097703
-0.7160748,-0.06451817,-11.099062
-0.6209971,-0.083623104,-11.097542
-0.7988153,-0.09204191,-11.092706
-0.75355023,-0.046058618,-11.092706
-0.60023516,-0.039106704,-11.099742
-0.812336,-0.039106704,-11.09966
-0.68751884,-0.076449186,-11.098172
-0.9461052,-0.058149673,-11.099672
-0.60023516,-0.090110585,-11.092706
-0.8672172,-0.08272989,-11.099541
-0.60023516,-0.11132763,-11.099072
-0.8458514,-0.039106704,-11.094857
-0.8082155,-0.12841436,-11.099319
-0.9461052,-0.102988094,-11.099358
1.2659702,-0.16918488,-11.480703
1.0566732,-0.095139235,-11.4781275
0.8388013,-0.16918488,-11.482624
1.1257474,-0.10901349,-11.483036
0.9850479,-0.16918488,-11.480023
0.9093546,-0.076332554,-11.478017
0.9117957,-0.076332554,-11.483517
1.2659702,-0.09350929,-11.483493
0.60044837,-0.10086666,-11.481779
0.60044837,-0.10748754,-11.483345
1.0179418,-0.08971325,-11.483173
1.0760049,-0.11447313,-11.478017
0.60044837,-0.16918488,-11.48189
1.0246813,-0.1476948,-11.482578
0.65159285,-0.16449004,-11.478017
0.8378425,-0.16671148,-11.480917
1.2659702,-0.098675646,-11.483515
1.257464,-0.07836074,-11.481121
0.7253458,-0.15739606,-11.483519
0.60044837,-0.13115004,-11.481894
1.2659702,-0.07965025,-11.483482
1.2659702,-0.08467463,-11.482552
0.60044837,-0.11488278,-11.483528
0.61477387,-0.09880721,-11.478017
1.0847462,-0.08356285,-11.478017
0.8868536,0.6575273,-11.702153
0.5626397,0.29323786,-11.710389
0.5626397,0.5171458,-11.710717
0.6017201,0.34157684,-11.709935
0.96118045,0.5755228,-11.702153
0.8541132,0.47811836,-11.709932
0.8758899,0.20733213,-11.709889
0.6157539,0.29881394,-11.7099285
0.9279709,0.16773564,-11.708278
1.1403387,0.16773564,-11.702973
1.1403387,0.16773564,-11.710596
0.6486186,0.6575273,-11.702359
1.0885912,0.3602383,-11.708506
0.6069809,0.6575273,-11.705389
0.80111116,0.37287575,-11.710426
0.83730054,0.18736148,-11.702153
0.6219585,0.36748165,-11.708482
0.5626397,0.16773564,-11.707838
0.9873315,0.6575273,-11.70883
1.0771255,0.5595806,-11.70947
1.1403387,0.28116933,-11.709646
0.81920207,0.3346712,-11.710104
0.83448553,0.6575273,-11.709613
0.6777557,0.42167264,-11.706813
1.1360326,0.24046293,-11.709008
0.032043517,1.7936245,-11.680555
0.5603102,2.411516,-11.675935
1.230477,1.9776669,-11.678739
1.4713154,2.5535135,-11.679952
0.79971385,2.5410383,-11.680589
1.4713154,1.7647803,-11.6805315
0.14826958,2.752715,-11.6773615
0.04773508,2.752715,-11.679292
0.3765834,2.1584876,-11.680506
0.5797324,1.6879783,-11.675935
1.4713154,1.7065821,-11.677592
0.032043517,1.9286778,-11.68061
0.057836637,2.752715,-11.680558
1.0719508,1.6879783,-11.680436
0.41569525,2.752715,-11.680604
0.51562774,2.6452541,-11.679801
0.23163576,2.3683572,-11.6806345
0.4370849,2.3438194,-11.680516
1.4060082,1.6879783,-11.67979
1.2962669,1.6879783,-11.679809
0.6730374,2.5359414,-11.680627
0.35578406,2.752715,-11.680089
1.167277,2.4599996,-11.680532
0.032043517,2.0134673,-11.680028
0.52870303,2.4509292,-11.677817
-1.5068142,2.1737819,-11.295004
-2.1703737,2.4572325,-11.292035
-1.4138488,2.4572325,-11.297702
-1.6224724,2.4572325,-11.297542
0.2882247,1.5401113,-11.290686
-1.196098,2.4572325,-11.295961
0.674585,1.2906774,-11.289247
-0.7109409,1.6198232,-11.289247
-1.7770804,2.4095595,-11.292897
-1.901696,1.1539615,-11.295659
0.34393728,1.1539615,-11.297334
-1.0784945,1.4093581,-11.297062
-1.7224385,2.2053041,-11.292238
-1.0617772,2.4572325,-11.289247
-2.2492323,1.7866048,-11.296978
-2.2492323,1.1539615,-11.297702
-1.4165425,1.9462427,-11.296689
-0.15353706,1.8760067,-11.290828
0.674585,1.5554891,-11.294184
0.674585,1.1539615,-11.294233
-0.50900996,1.1539615,-11.289247
-1.5636497,2.1723118,-11.297702
-1.5533774,2.4572325,-11.295013
-0.4262374,1.3599573,-11.295013
-1.2134657,1.1539615,-11.290894
-0.015636727,4.848882,-10.62507
-2.1902478,4.847051,-10.624924
4.4707546,4.6833715,-10.615957
-2.4049206,4.100085,-10.625699
-3.7448025,4.5551414,-10.625997
4.4707546,4.100085,-10.625935
-3.7448025,4.790934,-10.624516
-3.387331,4.541866,-10.615957
-3.7448025,4.822654,-10.625999
4.4707546,4.7986717,-10.621476
-2.772903,4.100085,-10.6256895
-3.7246463,4.8125763,-10.615957
4.4707546,4.3918357,-10.620456
-3.7448025,4.840935,-10.625663
-3.4687524,4.8434577,-10.615957
4.4707546,4.3271403,-10.624012
4.4707546,4.6422615,-10.625944
-3.2569025,4.846968,-10.625727
4.4707546,4.1654367,-10.624793
4.4707546,4.8505926,-10.624845
0.77114516,4.7294426,-10.625703
-3.7448025,4.100085,-10.623006
4.4707546,4.832622,-10.625787
4.4707546,4.319345,-10.625372
-0.95093435,4.100085,-10.621191
4.0083055,0.72363013,-9.717529
4.0083055,2.2151113,-9.653831
4.0083055,2.0581005,-9.712803
-3.4730666,1.9447883,-9.715829
3.3998046,0.7199732,-9.716746
-3.4730666,0.7199732,-9.708817
0.8141295,1.7432765,-9.653831
1.5716391,0.9529021,-9.653831
-1.7900155,1.3754703,-9.68383
-3.4730666,1.0646831,-9.680376
4.0083055,2.3205562,-9.70863
-3.4730666,1.2110106,-9.71867
1.355456,1.3676567,-9.702422
-3.4730666,1.5630486,-9.71186
1.3022547,2.2390726,-9.714684
-3.4730666,1.4291214,-9.720498
-1.9207606,0.7199732,-9.672815
0.8326776,2.11878,-9.661167
-3.4730666,2.3205562,-9.6941395
-2.9255025,1.0091847,-9.704522
-3.4730666,2.3205562,-9.7161875
4.0083055,1.0065938,-9.714369
4.0083055,0.7199732,-9.68079
4.0083055,0.93510056,-9.716574
2.8297348,1.822864,-9.689877
-1.010102,-2.4935343,-1.2674422
1.7020565,-3.931154,-1.1608577
-1.9792508,-3.931154,-1.3826969
-1.4799258,-2.4935343,-0.9857124
-1.9792508,-2.8588138,-1.3730341
-1.9604218,-3.931154,-1.4745378
1.2818037,-3.9084487,-1.2851809
-1.9792508,-2.4935343,-1.0705721
-1.486724,-2.7619576,-1.0620465
2.3408291,-3.2588763,-1.117246
-0.9353705,-3.2116055,-1.2107804
0.4416961,-3.484628,-1.3746632
-1.9792508,-3.931154,-0.9678247
2.3763862,-3.8946285,-0.9678247
-0.91010004,-3.833806,-0.97896326
-1.1007148,-2.7524192,-1.468813
0.42414737,-3.8715274,-0.9678247
2.3763862,-2.5481865,-1.4745378
1.0906811,-3.070405,-1.3972107
2.3763862,-2.930726,-0.9678247
0.8393888,-3.4990897,-1.3440883
-1.6487252,-3.0575786,-1.4745378
-0.722562,-3.1312766,-0.9678247
2.365753,-2.4935343,-1.2788625
2.3763862,-3.5234218,-1.3972033
-1.0452241,1.3169142,-10.617991
-1.9549272,0.70165807,-10.657814
1.7908065,0.9661012,-10.438292
1.7908065,0.43067062,-10.61446
-0.83128834,1.3169142,-10.550725
1.7908065,0.90036607,-10.5529375
0.37998104,0.90177757,-10.611282
1.7908065,1.219411,-10.630026
1.7217865,0.7643847,-10.66058
-1.9549272,1.3169142,-10.630116
-1.1207937,0.6202749,-10.395556
1.7211665,1.1171553,-10.627119
-0.92519546,0.8335623,-10.526445
-1.9549272,0.9231332,-10.513089
-0.20579238,0.43067062,-10.395556
-1.6347784,0.96732396,-10.438761
1.7908065,0.6760542,-10.406348
-0.34125912,0.9479266,-10.543478
-1.6537762,1.1722367,-10.650732
1.1997443,1.3169142,-10.395556
-1.4800465,1.3169142,-10.560918
-0.7422966,0.43067062,-10.643725
-1.9549272,0.43067062,-10.395556
-0.5472449,0.4949044,-10.662002
0.2578662,0.43067062,-10.5729265
-0.9678136,2.9625115,-11.600468
0.9627125,1.3962784,-11.448375
1.109126,2.1757073,-11.549736
-0.76236296,0.66692126,-11.592386
0.34733212,0.68745667,-11.581877
-0.21504894,1.0482817,-11.525541
-0.3949806,1.1977779,-11.434469
-0.10024132,2.0367033,-11.434469
0.8570589,0.66692126,-11.590128
-1.2848963,1.3052224,-11.620562
1.109126,2.6280944,-11.434469
0.785911,1.6131381,-11.611652
0.25472784,2.138446,-11.4957905
1.0750391,0.66692126,-11.613781
1.109126,0.8030067,-11.507622
-1.2848963,0.66692126,-11.618715
-1.1776223,2.633579,-11.577882
-1.018704,2.224022,-11.620531
-1.2848963,2.9534616,-11.619308
-0.9261489,1.9021014,-11.434469
1.109126,2.9625115,-11.454176
-1.2848963,0.66692126,-11.624508
1.109126,2.9625115,-11.622923
-1.2510427,2.9625115,-11.614797
0.42822433,1.4293569,-11.436868
-3.171265,-2.1769009,-11.9992485
-4.839837,-2.1769009,-11.9992485
3.0791683,-1.8272434,-12.131188
-4.525618,3.9669533,-12.130638
3.0791683,3.9669533,-12.059751
1.7461601,3.9669533,-12.052173
-4.839837,3.9669533,-11.9992485
-3.0639832,-1.5279496,-12.130832
-4.839837,3.2658331,-11.9992485
1.3973185,3.9669533,-12.115075
-0.9607476,3.9669533,-12.138544
2.7673078,-1.6770154,-12.140775
-2.6890566,-0.15577132,-12.141246
2.2202394,-2.1769009,-12.129241
-1.8034283,-1.5244836,-12.109263
3.0791683,-1.6634896,-12.113494
-4.502828,-1.2103661,-12.12751
3.0791683,-0.7062684,-12.115705
-4.839837,3.9669533,-12.128931
-4.839837,1.4368958,-12.137563
3.0791683,-1.4933424,-12.101493
-2.0167015,-1.3279461,-12.106926
-4.5810504,2.8761678,-11.9992485
-4.1325355,-2.1769009,-11.9992485
2.1626441,3.9669533,-12.106513
3.667429,4.5105553,-12.292543
3.667429,-0.11952592,-12.302599
3.5803096,-3.2406254,-12.263163
-3.806099,-1.0892798,-12.235138
-3.7141242,-4.0846276,-12.229914
3.667429,4.5105553,-12.229946
-3.806099,-2.4557233,-12.304611
-3.806099,4.5105553,-12.150064
3.1115718,0.3957943,-12.251354
-3.806099,-4.3377132,-12.302958
2.2211533,-3.960589,-12.179157
1.9454376,4.5105553,-12.24205
1.2378067,-4.646487,-12.28944
2.361309,-3.8876104,-12.301048
-3.806099,-4.646487,-12.150064
-2.486328,-4.646487,-12.226679
0.38309744,-2.4092035,-12.154262
2.3408709,4.5105553,-12.274274
3.667429,-4.646487,-12.183402
-3.806099,0.9228766,-12.262009
1.0569609,-4.646487,-12.150064
-3.806099,4.5105553,-12.304611
3.667429,3.873995,-12.227312
3.0512512,4.5105553,-12.180086
-0.44433558,4.5105553,-12.258551
-5.304845,2.279778,-11.781052
2.787023,2.279778,-11.783105
2.787023,2.279778,-11.652448
-5.4864116,-6.071758,-11.763053
-5.4864116,-4.864004,-11.652448
2.2941768,-0.96254575,-11.697604
2.787023,-5.2285733,-11.764929
-4.809824,-2.62166,-11.781249
-3.8488364,-0.4113509,-11.785087
0.642199,2.0687609,-11.7233715
0.6870096,-4.746492,-11.750579
2.787023,-4.724935,-11.727204
-5.4864116,-4.619267,-11.781816
2.787023,-5.0005374,-11.721602
-3.6402886,-5.8646164,-11.773202
-5.0940447,-4.648602,-11.700883
-5.4864116,-5.1183815,-11.652448
2.787023,-4.8882766,-11.652448
-5.4864116,-5.944115,-11.786077
2.040928,-4.5872483,-11.713578
-3.4552495,2.279778,-11.782859
-4.572173,2.279778,-11.652448
-5.4864116,-5.858198,-11.660488
-0.72397316,-5.6383295,-11.787934
2.787023,-3.9246314,-11.769626
-1.9548235,-3.7616825,-5.783865
-2.3744736,-2.6540558,-5.783865
1.7408137,-4.0630345,-6.2028384
-1.2824833,-5.2543907,-6.7283983
-0.1744155,-4.981976,-6.4779396
1.6524395,-3.8957045,-5.783865
-2.3744736,3.4458761,-5.783865
-2.3744736,2.997434,-7.930113
-1.4986626,-5.2543907,-7.6697226
1.7408137,-4.987507,-7.585433
1.7408137,3.4458761,-7.396655
-2.3744736,-4.691088,-5.922695
-2.3744736,1.8138671,-7.609659
-1.5954325,-5.1561904,-5.783865
1.7408137,-4.922927,-7.4924264
1.7408137,-1.322011,-7.8556843
-1.4857417,3.4458761,-5.783865
1.7408137,-0.54031056,-7.36456
1.7408137,3.4458761,-6.872529
-1.0599025,-4.2390714,-5.842427
-0.8022293,3.4458761,-7.930113
1.7408137,3.4458761,-7.930113
1.7408137,-1.6823856,-7.930113
-2.299624,-1.9249439,-7.930113
0.3530917,-2.0804217,-6.6681423
-1.1192667,-1.3261367,-10.467342
-1.8553994,1.7530365,-10.387871
2.0434186,0.14737606,-10.230025
2.0434186,3.7952392,-10.467342
-1.9328434,0.84494096,-10.429331
2.0434186,0.964568,-10.467342
-1.2060249,-2.9729044,-9.73609
-1.9328434,-1.652189,-9.73609
2.0434186,-2.9729044,-9.73609
0.82193875,1.2227545,-9.944971
0.3558461,-2.9729044,-10.247771
0.93337464,3.7952392,-9.73609
-0.10897398,3.1576083,-10.386403
1.7301083,2.150869,-10.467342
-0.8008199,-2.9729044,-9.73609
-0.9435703,1.443643,-9.866873
-1.9184662,-2.9729044,-9.73609
-0.36494124,0.4522601,-10.079726
-1.1565473,-2.6837964,-10.467342
0.7636909,3.7952392,-9.933385
-1.7177058,0.024011157,-10.082298
1.1789128,-2.2258751,-10.3631
-1.6843455,3.7952392,-10.211012
2.0434186,3.7952392,-10.454678
-1.9328434,3.7952392,-10.020325
-3.0961783,1.528695,-10.74697
2.1299224,2.1842175,-10.508319
-3.1693344,2.3809958,-10.750158
2.1299224,2.5366604,-10.440767
2.1299224,2.5366604,-10.65741
2.1299224,-3.2428153,-10.422684
0.31320453,0.3676535,-10.422684
-2.290177,1.9149567,-10.753196
-2.2620778,-3.2428153,-10.685597
2.1299224,-0.1192734,-10.700719
-1.1760588,-2.1980896,-10.484164
-2.912102,0.62598926,-10.729507
-0.2798389,-3.2428153,-10.499468
2.1299224,1.940943,-10.740458
-2.6647487,-2.2934754,-10.644163
-2.5731502,2.5165782,-10.666027
-1.3375452,-3.019521,-10.545496
-3.1693344,2.2715344,-10.659312
-1.8827796,-2.4471407,-10.728705
-1.4360611,2.0228484,-10.422684
1.8070605,2.339705,-10.727323
-1.6993825,1.0286754,-10.773766
-0.07333308,-3.2428153,-10.765179
-2.432966,-1.7605795,-10.422684
-3.1693344,-3.2428153,-10.654643
0.37026626,6.1301517,-10.720283
-2.1424353,-6.8214903,-10.289188
1.611059,3.6156623,-10.743887
1.611059,6.1301517,-10.203434
-2.1424353,6.1301517,-10.398608
1.4844824,4.058739,-10.404895
0.82847935,-6.8214903,-10.484351
-1.6368808,0.30125654,-10.674357
-0.7742508,-4.244396,-10.703266
-1.0257102,-6.8214903,-10.694241
0.46102232,6.1301517,-10.120155
1.611059,-5.1724563,-10.120155
1.611059,1.287657,-10.743887
-0.48054814,6.1301517,-10.743887
-1.5334443,6.1301517,-10.238204
-1.673173,-6.350526,-10.131767
-2.1424353,-5.3087544,-10.120155
-1.2888223,-6.8214903,-10.62009
1.611059,6.1301517,-10.671246
0.7194505,-6.8214903,-10.120155
-1.7542695,-6.8214903,-10.694582
1.611059,-6.5066867,-10.474466
-1.2063979,6.1301517,-10.584582
-0.69562507,4.192908,-10.43552
-2.1424353,-6.8214903,-10.659793
-2.386282,-3.8345563,-10.547712
1.3909373,-5.6295767,-10.520095
-2.386282,-5.6295767,-9.810428
-2.386282,-5.36951,-9.432529
0.21604133,5.3071547,-9.888477
-2.386282,5.3071547,-10.327739
-1.8813337,4.578998,-10.063291
-2.386282,1.4262743,-10.256091
1.3909373,1.264897,-10.499586
1.3909373,-3.4776633,-9.432529
-0.29872134,1.0542859,-10.088663
0.6922251,5.3071547,-9.579424
1.3909373,-5.6295767,-9.79014
1.3909373,5.3071547,-10.461484
-2.168636,-5.6295767,-10.225473
0.44525278,1.3668331,-10.141229
0.1279285,-2.3225095,-10.086325
-0.95252395,-4.91448,-9.432529
1.3909373,-5.278993,-10.530205
-0.26120117,-4.6239047,-10.259088
-1.9963682,-4.3795114,-10.428527
-0.002060026,-3.6156578,-9.94716
-2.386282,5.3071547,-10.540751
1.3909373,5.3071547,-10.120731
-0.9113114,5.3071547,-10.261102
0.74182516,4.708141,-9.902424
1.0067122,4.708141,-10.481808
-2.2364633,-6.219371,-10.646502
-2.0249274,-5.6244082,-10.561688
-1.5940285,4.708141,-9.902424
-1.9286888,-0.90029883,-9.902424
0.1885268,-5.7640443,-10.454917
-1.4952464,4.708141,-10.376215
1.0067122,4.708141,-10.614387
-2.0709827,4.708141,-10.489587
-2.4073822,-3.9744246,-9.902424
-2.3518732,4.708141,-10.490241
1.0067122,-6.5484796,-10.581528
-0.14402735,0.84553826,-10.344657
-1.2087879,-4.0685635,-9.902424
-1.3559687,-3.6964002,-9.945686
-1.171414,-6.5484796,-10.646502
-1.7635745,-6.5484796,-10.263093
-0.6121589,-6.5484796,-10.536775
-2.4917169,-6.5484796,-10.404952
1.0067122,4.708141,-10.233139
-2.4917169,-0.3425142,-10.342167
-0.12286696,-0.89354277,-10.613125
-1.5909321,-3.0249846,-10.137857
1.0067122,-6.141422,-10.374598
-2.4840596,5.9844193,-10.758966
-0.6383952,-6.571358,-10.370183
1.0710492,-6.167615,-10.719237
-0.066589385,5.9844193,-10.772314
-2.6678352,5.9844193,-10.299832
-2.6678352,5.9844193,-10.814586
-1.0374892,5.9844193,-10.770029
2.4017787,-6.571358,-10.674609
-2.6678352,-3.9430873,-10.687245
-1.9976711,0.57646954,-10.660987
2.4017787,5.9844193,-10.747665
-1.1188567,3.1417944,-10.580337
-2.6678352,-3.8208003,-10.773789
2.1097193,5.9844193,-10.410986
-1.5827038,-5.4382057,-10.299832
2.4017787,-3.1468368,-10.30322
-0.41106796,-5.8982058,-10.765151
-2.6678352,1.7311077,-10.415783
0.39038247,-4.489753,-10.786647
2.4017787,-6.571358,-10.813281
1.1168945,4.575754,-10.727786
1.1539774,-6.1079164,-10.299832
-1.1650193,-6.571358,-10.606348
2.4017787,3.2170446,-10.299832
2.4017787,-6.571358,-10.299832
0.98838395,-0.42964286,-9.576287
4.0594745,-2.9719195,-10.200243
3.2613592,1.3225958,-9.576287
2.2350297,2.6293635,-10.031941
1.7364237,1.5961902,-9.576287
-2.1536129,0.3344664,-9.714
2.0179403,-2.9719195,-9.7458725
3.7407722,2.6293635,-9.751444
2.5785828,2.6293635,-10.299792
-2.1536129,1.0379859,-10.299792
-2.1536129,-1.4068596,-10.299792
3.7763946,1.0981092,-9.993714
2.4279275,1.6565704,-9.630927
-1.0698446,-2.9719195,-9.960452
3.6984227,-2.290684,-9.760099
-2.1536129,-1.1961817,-9.576287
1.4959372,-1.0441223,-10.218605
3.8829207,-2.7169602,-9.839043
4.0594745,2.6293635,-10.115641
3.1895437,-2.2487853,-10.10415
2.8278902,0.85609466,-10.299792
-2.1536129,0.5916534,-9.576287
2.1732419,1.4625525,-9.869757
1.2336131,2.6293635,-10.110416
-2.1536129,-2.9719195,-10.299792
-1.2630392,-6.14245,-10.500222
1.1339388,3.8431687,-10.701291
-1.0916872,-0.71439177,-10.72101
-1.2139648,1.4770501,-10.279992
1.1339388,2.0671742,-10.679855
-2.4726093,-0.20990556,-10.481896
-2.4726093,-2.9365494,-10.501223
-2.110642,-6.14245,-10.557666
-0.018098414,-2.09525,-10.609344
-1.7360297,-6.14245,-10.387074
-2.015834,-5.9176207,-10.213044
0.1833955,-6.14245,-10.710962
1.1339388,3.8431687,-10.213044
-1.5466759,3.8431687,-10.721791
0.53257453,-6.14245,-10.564989
0.5261171,2.1064286,-10.49723
1.1339388,-4.993229,-10.226245
-2.4726093,-5.3760715,-10.636605
1.1339388,3.8431687,-10.213044
-2.4726093,-1.727761,-10.722609
-0.28640598,-1.454513,-10.561636
-0.49717945,-2.4323807,-10.213044
-1.742794,-3.092174,-10.737664
0.78224605,1.3483026,-10.363861
-1.6817037,1.9290112,-10.736416
1.5433003,-3.4692717,-10.616983
1.5433003,-6.4518375,-10.131773
-1.4866377,-9.259924,-10.616983
-1.4866377,6.0443144,-10.4839
-0.64770025,6.0443144,-10.414618
-1.4791983,-9.353591,-10.222585
-1.3267221,-9.444571,-10.316281
-0.76781917,6.0443144,-10.616983
1.5433003,0.000234433,-10.136932
-1.3670517,-9.6627245,-10.131773
1.2123734,-9.673794,-10.131773
-0.86298585,-0.9027497,-10.188565
0.40660453,-4.6939883,-10.492466
0.83499944,-1.6969495,-10.576532
1.5433003,6.0443144,-10.195593
-0.09628134,6.0443144,-10.480511
0.41305578,-9.539932,-10.426314
0.2892421,-9.448575,-10.246016
1.5433003,-4.3355703,-10.616983
-1.3342685,-9.254257,-10.509557
-1.0455856,-1.7496914,-10.536858
1.5433003,6.0443144,-10.585017
0.021035954,6.0443144,-10.131773
-1.4414504,-9.655534,-10.131773
-1.4866377,-8.295834,-10.616983
-0.3804121,-7.9249187,-10.92777
-2.656473,6.050321,-9.9109955
-2.656473,-9.498959,-10.344715
0.6997749,-8.507732,-10.108808
-1.874829,-9.9303665,-10.725007
1.2983575,-9.9303665,-10.50241
-2.1527624,6.050321,-10.391691
2.7012656,-9.870193,-10.460909
-2.526458,6.050321,-10.878577
2.7012656,6.050321,-9.9109955
2.7012656,-3.3494687,-10.405548
2.4881177,-5.65336,-10.657638
2.7012656,-9.9303665,-10.551664
2.7012656,6.050321,-10.548284
-1.0852513,-0.40564075,-10.837031
-2.656473,-7.077938,-10.914357
2.7012656,-9.293921,-10.638308
-2.656473,-9.872512,-10.918395
0.8843908,5.9752393,-10.717311
-1.1763691,6.050321,-10.047613
-1.8617052,-9.039714,-10.878198
2.7012656,-6.135142,-10.656356
-2.656473,-0.14260656,-10.245028
-0.4560737,-1.26774,-10.476195
2.7012656,2.1155405,-9.9109955
-0.72505075,-0.32484907,-9.977578
1.1696653,1.4114258,-10.930808
-0.6149309,-0.41406548,-8.545838
0.9522154,0.10298317,-9.799185
1.1696653,-0.4990682,-10.8717985
-1.8167875,3.5997941,-9.832257
-1.5202616,3.5997941,-9.71241
0.15884049,-3.1222389,-10.930808
-0.33366477,-3.1222389,-9.60144
-1.4946326,2.911001,-10.930808
0.1147282,-3.1222389,-10.9234085
1.1696653,-2.2433648,-10.930808
1.1696653,-3.1222389,-8.915317
-1.8167875,2.148378,-10.846854
0.0904413,3.5997941,-10.642665
-0.5247988,-0.32934073,-10.38067
-1.2739952,1.8275815,-9.620727
0.85384506,0.8665743,-9.805089
-1.8167875,-1.0120708,-8.545838
-1.8167875,1.5222304,-9.337916
-1.704003,-0.25075883,-8.730428
1.1696653,2.6426153,-8.545838
-1.8167875,-0.48432577,-9.711145
-1.8167875,-0.4422453,-8.545838
1.1696653,1.6368271,-10.405887
-1.6323081,10.076157,-9.948656
-2.0360584,-5.7247705,-9.9287615
1.5476263,8.965939,-7.990453
-2.1031322,-5.7247705,-7.784829
-2.5131233,-5.7247705,-7.683317
-1.5507268,7.606373,-7.8017235
1.5476263,1.8201784,-8.0856495
-2.859669,10.076157,-6.99423
-2.912464,-4.7145486,-9.948656
1.5476263,10.051074,-9.532751
-2.912464,-5.7247705,-7.3230886
1.5476263,10.076157,-8.195813
-2.912464,-0.27878684,-9.948656
-1.7460514,-5.7247705,-9.592349
-0.1255793,-5.7247705,-7.1726437
-0.2921201,10.076157,-8.268733
-0.54931396,10.076157,-9.948656
0.37961417,10.076157,-7.7332287
-1.4029952,10.076157,-6.99423
1.4906446,-5.7247705,-8.405641
1.5476263,-2.2059124,-7.135955
1.3500055,-1.8302926,-9.948656
-2.912464,2.1181753,-6.99423
1.5476263,9.972497,-9.131829
-2.7129734,7.890584,-9.129508
1.6441009,3.928791,0.023792744
-5.886529,-1.5119025,-6.3079095
-4.248307,3.317886,-6.9261823
1.6441009,2.131787,0.023792744
-5.886529,-4.295212,-6.9261823
-0.12349667,3.928791,-6.2721105
1.6441009,3.5357099,-0.36900607
-5.886529,-4.295212,0.023792744
-4.3894978,-0.64106244,-5.806837
-5.886529,-4.295212,-0.052033395
-5.886529,3.2324066,-6.9261823
1.6441009,-2.7842565,-6.9261823
-0.36561686,-0.17646763,-1.521206
-5.886529,0.7566192,-6.4983907
-5.886529,-2.0807045,-6.0675864
-5.886529,3.928791,-5.737228
1.1789615,-4.295212,0.023792744
-5.292262,-4.295212,-6.9261823
1.6441009,3.928791,0.023792744
-2.3607132,3.3280907,-3.9382408
0.7580982,-0.074372865,-1.2798408
1.6441009,-4.295212,-5.4021482
1.6441009,3.7306528,0.023792744
-2.1310878,-2.2390816,-0.33252424
-5.701274,1.3609412,-2.4194887
-1.024805,-1.3059951,-2.8238168
-1.4297036,-4.9246225,-2.8238168
-1.9093834,4.398475,-8.651765
-0.9130304,4.7578325,-9.378788
-1.3087076,-3.091887,-9.378788
-1.1893289,-4.9246225,-2.8238168
-1.161698,-4.9246225,-9.378788
-2.2026992,2.664429,-7.8675075
-0.9116364,4.7578325,-8.088225
-1.9497343,3.899217,-6.681148
-1.1229243,2.4760306,-2.8238168
-1.351648,4.513536,-3.8762183
-0.9116364,-2.4844875,-6.6447754
-2.2026992,-4.9246225,-9.378788
-0.9947772,3.8815696,-2.8238168
-2.2026992,3.5138907,-2.8238168
-0.94772184,-1.4255509,-5.27926
-1.834117,4.330996,-8.450571
-2.2026992,-1.2686394,-4.1505632
-2.2026992,-4.9246225,-9.378788
-1.2061595,-3.1872988,-6.3686705
-2.2026992,-3.6025138,-4.155996
-1.0997092,4.7578325,-8.957748
-1.2484881,-4.2919655,-9.378788
-1.0737026,4.381828,-5.4788084
-0.16661018,-4.8803043,-11.458654
0.5760718,2.5760295,-12.387159
0.5760718,2.5760295,-11.851266
-0.46398878,0.6945491,-12.375807
0.5760718,-4.8803043,-11.411382
-2.2274568,-4.8803043,-12.697201
-0.12170449,-3.3534863,-12.531954
-2.5224051,2.285755,-12.5322075
-2.5224051,2.5760295,-12.491492
-1.4149362,-2.359687,-12.432193
-2.5224051,2.5760295,-11.411382
0.5760718,-0.8776672,-12.625248
-0.62212336,-3.264759,-12.467993
-1.5019802,2.5760295,-11.705273
-0.37641764,-2.9260368,-12.693044
-2.3534975,-2.5297987,-11.948687
-1.9139875,-4.8803043,-12.639347
-1.7495078,-4.8803043,-12.647972
0.5760718,2.4477406,-12.117871
-0.8444875,2.5760295,-12.200756
-1.4613599,2.5760295,-12.444661
-0.25269777,-0.72218883,-11.49656
-1.406289,-4.8803043,-12.586369
-2.5224051,-4.8803043,-12.666212
0.39712197,-1.2479539,-11.411382
2.2951703,-2.402918,-9.556601
-1.1122477,-0.6714839,-6.6448174
-1.3511356,-6.9517117,-6.6448174
1.8830401,-6.9517117,-6.6448174
2.3825345,8.186682,-11.723055
1.7220598,-2.112748,-11.723055
2.3825345,0.33814305,-7.2627244
-1.7904857,-4.6841426,-6.6448174
1.2345235,-2.811888,-10.6898775
-1.7904857,8.186682,-11.285217
1.235874,-6.9517117,-11.4702015
-1.6963559,-3.280839,-9.861785
2.3825345,-0.5320861,-6.6448174
1.9409636,6.416575,-11.723055
1.590582,-6.9517117,-11.072676
-1.7904857,8.186682,-11.460658
0.44352865,-6.9517117,-8.250476
1.8998393,1.14064,-8.680387
2.3825345,8.186682,-9.407444
0.9563657,0.27982348,-8.813567
-1.1775889,-5.8239675,-10.583682
-1.7904857,8.186682,-11.119813
1.6697518,8.186682,-9.748587
-1.7904857,-6.0683436,-11.572556
0.70604193,8.186682,-8.558977
1.0170779,-0.8117618,-6.494632
0.49864644,0.42300397,-11.7591505
-0.47449118,5.2294054,-6.494632
-0.21694699,-3.1459188,-11.930304
-0.36230502,5.2294054,-6.818574
-0.11797206,4.1717634,-11.537099
-0.29219583,-3.1459188,-7.937355
-1.0399573,-1.6915321,-9.380132
-0.37342572,-1.0028576,-11.954102
-0.20464645,-3.1459188,-8.067946
-0.7654328,1.6059229,-8.577181
-0.081092075,1.8907363,-10.939013
-0.3414784,-0.6095881,-11.468502
0.17824297,0.76607156,-11.850655
0.6342382,0.58896494,-6.494632
1.0170779,0.1622036,-6.494632
-0.44070554,-2.8952842,-11.101741
-1.0399573,0.33801305,-10.009506
0.96478635,5.2294054,-6.494632
-0.17756388,-0.8651511,-11.971396
0.6006897,-0.11571093,-12.139662
1.0170779,-1.005558,-12.076221
-1.0399573,-0.76856166,-10.961194
1.0170779,-1.2211294,-11.699026
-0.61929935,5.19437,-11.736121
-1.1740375,-2.6628842,-11.149136
0.59178644,-1.2762668,-8.322725
0.59178644,0.8401797,-7.96704
-0.9865407,2.3261406,-11.773407
-0.005580664,1.5356201,-8.540501
-1.3071535,0.54903805,-8.137434
-1.2872357,-6.3006163,-7.7844734
-0.6670753,-1.6664046,-8.990801
-1.266062,-0.8313434,-9.667745
-0.90602386,-4.4787607,-11.773407
-1.5673331,-6.6138043,-10.164777
0.59178644,-7.5268764,-11.023331
-1.1607704,0.61409914,-7.7844734
-0.45602018,-1.2399486,-9.850934
-1.2542955,-3.8297708,-11.751494
-0.88802207,1.2221037,-11.269623
-1.2246826,0.27048144,-11.559352
0.59178644,-7.5268764,-7.7844734
-0.8788666,-7.5268764,-10.531769
-1.4980912,-7.357732,-10.473408
-0.20758073,-7.5268764,-11.710977
-0.30007306,-3.010213,-8.791066
-1.2881125,0.7653158,-11.773407
-0.69274336,-7.5268764,-11.323673
-1.2870541,2.3261406,-9.971106
-1.9083115,-2.9692936,-10.96619
1.5490034,-6.870835,-8.020681
-1.6722528,3.306339,-10.96619
-1.6725256,3.974359,-10.286374
-1.9517932,2.5747375,-10.96619
-1.4860473,-7.466351,-7.6791606
-1.3697007,3.974359,-9.402896
0.34304395,3.974359,-7.2314873
1.5490034,-1.9128059,-8.215127
1.5490034,0.61623406,-9.179157
1.5490034,1.9542829,-8.141929
-2.0110645,1.9736896,-7.2314873
0.9057752,-7.466351,-9.856725
-2.333741,3.974359,-10.96619
1.2131467,-7.466351,-8.656846
-2.333741,-6.604841,-7.8741145
0.7764796,2.4046164,-9.982869
-2.0254624,0.49037516,-7.2314873
-0.7471167,3.974359,-10.96619
-0.027448788,2.0236652,-7.385737
-2.333741,-7.466351,-7.364492
-1.1910232,-5.6079106,-10.96619
-0.5132992,-5.1731772,-7.2314873
-2.1007266,-7.4204407,-10.96619
1.5490034,-7.466351,-9.536963
0.82259536,8.558902,-9.480638
-2.580126,-8.012153,-10.949381
0.049728557,-8.669875,-10.949381
-0.6696832,-9.243144,-8.069005
0.82259536,9.421574,-10.02095
0.73684007,9.421574,-8.86038
0.82259536,-9.329735,-9.967168
-0.6841707,-2.085672,-8.331145
0.15277995,-9.329735,-7.647415
-2.6638746,9.421574,-10.136086
-0.3701105,9.421574,-9.157592
-0.32651705,-7.4220343,-7.647415
-0.8882653,-9.329735,-9.763194
-1.7404119,4.544617,-7.647415
-2.6638746,-9.014395,-8.803636
-1.1139022,-8.795264,-10.949381
0.12711711,9.421574,-9.015012
-2.6638746,2.324394,-9.344941
-2.445366,-9.329735,-9.665024
0.39928895,-6.820738,-10.122485
-2.6638746,9.421574,-7.647415
-0.07746668,9.421574,-10.739708
0.2679522,-4.2417,-9.899027
0.48324043,9.421574,-9.031655
-2.6638746,-4.216545,-10.949381
3.193391,1.9852496,-7.5421247
4.2949786,3.057249,-9.830482
5.2686477,3.057249,-10.87614
5.2403755,-3.2181277,-7.192197
5.158849,2.3724744,-10.069782
2.9864788,-3.155831,-11.784944
1.7975515,2.8810537,-11.784944
-0.70196056,-3.2181277,-11.101835
2.911648,3.057249,-10.637774
2.7761483,-0.11974925,-9.340488
2.5730252,2.435075,-6.790841
0.22864266,2.9555666,-11.784944
2.6528156,-3.2181277,-6.6979094
4.9122195,1.9757476,-11.182818
3.968344,0.14681348,-6.9964805
5.202579,-2.6433997,-6.730769
4.5382233,3.057249,-9.469562
-0.70196056,-3.2181277,-9.866495
-0.70196056,-3.2181277,-11.159414
4.796046,-0.21996996,-6.6979094
3.0426247,-2.3419042,-6.6979094
-0.70196056,2.973662,-11.784944
3.1642272,-0.095962435,-11.784944
2.7133183,-3.2181277,-6.6979094
0.46133202,1.5567046,-9.882117
-0.3346246,-7.4344015,-6.877231
-0.09610286,-3.2977417,-10.281168
0.14089786,-4.7405133,-8.7233925
-0.8099814,-5.852571,-7.2273774
-0.61084783,-5.3900013,-8.36153
0.54683495,3.517317,-10.493992
1.1882,-4.0192547,-7.270301
-0.540347,-1.9524139,-10.706272
0.015343264,3.899553,-6.877231
1.1882,4.3042765,-10.706272
0.8026464,-6.8491936,-9.299655
-1.2516377,4.3042765,-8.800282
0.8026588,-5.4905844,-8.449091
1.1882,-7.4344015,-6.877231
-1.2516377,-1.9246877,-10.706272
-0.062518656,0.9553659,-9.469442
-0.4704702,4.3042765,-6.877231
0.91513324,-7.4344015,-10.706272
-0.45610493,-7.2506404,-7.1662703
0.58901983,4.3042765,-6.877231
0.10146724,4.3042765,-7.265888
-0.2349483,-6.989482,-9.26449
1.1754363,1.7157925,-10.706272
-1.2516377,-7.4344015,-6.877231
-0.9794834,4.3042765,-10.706272
-1.8169557,-1.1456578,-8.9220085
-1.8169557,3.0566525,-9.692364
-0.52054226,-3.4423263,-9.5671
2.4420881,-2.9133108,-9.9602585
-0.7312994,3.0566525,-7.8711576
0.4415429,-3.576558,-8.255431
1.7810906,3.0566525,-10.108615
2.2761877,-3.576558,-9.96373
-0.14713329,-3.1665063,-7.8711576
-1.5702668,-1.1086546,-9.640501
2.4420881,-1.4126194,-8.978477
0.66195405,1.710024,-10.108615
1.8344871,3.0566525,-10.108615
0.48622432,-3.576558,-7.8711576
-0.9376601,3.0566525,-8.350329
-1.8169557,-3.576558,-8.121229
-0.878875,3.0566525,-8.345646
2.4420881,-2.534145,-7.8711576
2.2935638,-3.576558,-7.9230294
-1.8169557,-2.9609535,-9.923479
0.73859215,3.0566525,-7.8711576
2.4420881,-3.576558,-8.514348
-0.04079172,3.0566525,-9.203283
-1.5139525,-1.8020513,-8.904096
0.6595166,3.0566525,-8.962349
-3.3408942,-8.355112,-10.421048
-1.9449178,-8.355112,-7.977334
1.9003887,-2.7948012,-7.578191
-3.3408942,5.6566143,-10.559519
-3.2760544,-6.4564447,-9.551161
-2.3478136,5.6566143,-11.164321
-3.3408942,5.6566143,-7.578191
1.9003887,-6.757303,-8.1063
-1.4095309,-8.355112,-9.220076
-3.3408942,-7.7964754,-11.201126
0.72966576,5.6566143,-8.597324
-0.8999672,-8.355112,-11.449117
0.862795,-8.355112,-9.719688
-2.4323354,0.78400755,-11.449117
1.9003887,5.6566143,-11.449117
1.9003887,-8.355112,-7.8876653
1.8726634,-3.1260977,-7.711011
-0.87673706,-5.4934673,-8.478551
1.9003887,-2.1907554,-8.011552
-2.9224768,4.665541,-11.449117
-3.2430005,2.5577545,-7.578191
-3.2668262,5.255978,-7.578191
0.67109674,5.6566143,-7.8388953
-2.909503,4.5484023,-11.449117
1.018474,-7.277317,-11.449117
-0.860981,-1.8287818,-8.552855
2.2140505,1.9095345,-8.552855
2.2140505,2.829537,-9.861628
-2.9693096,-1.4006157,-10.03628
2.2140505,2.573736,-8.982906
2.2140505,-1.8287818,-10.03628
2.2140505,-0.48042756,-9.379529
-1.3261633,2.1379154,-10.03628
2.2140505,0.4448248,-9.208819
1.4971036,2.5863686,-8.960652
-2.9693096,-0.57414407,-9.938009
-2.76607,1.9797134,-9.3456745
-2.9693096,-1.4310904,-8.925555
-2.7393546,2.5646927,-8.6578045
-0.73701495,2.7259955,-9.348059
-2.5766082,2.5922046,-9.435917
-2.644898,-1.8287818,-8.552855
0.38782382,-1.8287818,-9.512665
-2.6469135,2.6468313,-9.112992
-0.39683986,-1.8287818,-9.357169
2.2140505,2.5266309,-10.03628
-2.9693096,2.2831504,-9.919631
-2.9693096,2.7478948,-9.475175
0.43620706,-1.8287818,-8.552855
0.53956735,2.7853727,-9.624558
2.674333,-6.770622,-11.749286
2.674333,4.9485183,-9.48624
1.3389803,4.9485183,-6.641005
-0.7660847,-6.770622,-7.97372
-3.7965436,-6.770622,-11.749286
-1.908841,4.9485183,-11.235065
2.0419374,4.9485183,-11.108195
-3.7595277,-6.203797,-11.749286
-3.7965436,-3.9397378,-6.5180254
-1.0546799,-6.770622,-8.076485
-3.7965436,2.0586812,-11.749286
2.674333,-6.333822,-8.325689
0.27166206,-6.770622,-11.315232
-3.6149077,4.921165,-6.5180254
2.674333,4.9485183,-6.5180254
-1.0294778,4.4602613,-8.541016
-3.7965436,-2.2431235,-6.963531
-3.6783743,1.5096905,-11.749286
2.674333,-6.720057,-6.5180254
2.674333,-4.0929513,-6.5180254
-1.0883985,-3.4072192,-11.749286
-3.2812304,4.9485183,-7.4541955
2.674333,-6.770622,-6.575658
-3.6357088,4.378637,-6.876582
-3.2513938,2.6440473,-10.9159155
-0.12145156,-2.7059393,-8.920059
1.1655246,3.8303378,-8.792617
-0.030604541,3.1189377,-10.070202
1.1655246,-2.7059393,-9.343506
-1.2311059,-0.09845613,-10.05358
1.1655246,3.428692,-7.9890003
-1.9024917,-2.7059393,-10.070202
-0.1642403,3.9044847,-10.070202
-1.9024917,-1.7604626,-9.684713
1.1655246,3.5989413,-9.928074
-1.2149179,-2.7059393,-8.130217
1.1655246,3.9044847,-10.070202
-1.9024917,-1.653178,-8.351383
-1.5501254,2.0115998,-7.9890003
1.1655246,-2.7059393,-7.9890003
-0.123421535,3.9044847,-9.364591
-1.6609578,-1.6220474,-7.9890003
-0.15709232,3.9044847,-9.8733
-1.9024917,3.9044847,-9.590629
-0.19293393,3.151247,-8.496865
-0.81599253,-2.7059393,-8.547053
-1.1556085,-1.2332261,-9.965313
-1.9024917,3.9044847,-7.9890003
1.1655246,3.9044847,-8.403485
-1.6617684,-2.7059393,-8.704711
-2.5719335,-3.6802018,-11.8337555
-1.3562202,3.8095825,-9.074227
4.613275,3.8095825,-9.826366
4.6584454,-2.3574445,-7.371638
-2.5719335,1.844776,-9.558315
2.4792302,3.8095825,-7.926238
4.7210503,0.42786348,-11.8337555
-2.0552135,-3.6802018,-7.687087
4.28271,-0.08968294,-11.193954
4.7210503,-3.6802018,-7.371638
4.3160696,-1.8715262,-11.8337555
1.0693337,3.8095825,-7.8043776
4.7210503,-2.6183457,-10.098974
-2.5719335,-3.6802018,-7.41573
0.03933917,-0.041299462,-7.371638
-2.5719335,1.3921437,-7.371638
3.210097,3.8095825,-8.280201
4.105495,-0.21876165,-7.744513
-2.5719335,-3.6802018,-10.330251
-2.5719335,-2.764027,-11.8337555
4.7210503,-2.835888,-11.8337555
-2.5719335,3.8095825,-11.358751
4.2676897,-1.3962157,-7.371638
-2.5719335,3.8095825,-11.540067
4.4530125,-0.09093593,-11.8337555
1.8200716,8.610781,-11.767835
-0.26232615,-10.537204,-9.919601
-1.0864307,-11.03889,-12.469595
-1.2056118,-10.41588,-11.971634
1.7711213,3.4640198,-11.817433
0.07607336,-10.928115,-10.754547
0.6411342,-10.6477,-12.469595
1.8200716,8.610781,-11.018465
-0.7588664,8.610781,-9.919601
-1.2056118,-8.151922,-10.820845
1.8200716,8.610781,-9.919601
1.8200716,-4.3917775,-10.182682
1.8200716,8.610781,-9.967122
-0.27378875,-2.0822911,-12.469595
-1.2056118,8.610781,-11.381056
-1.2056118,-11.505607,-9.919601
0.92990184,-10.698822,-9.919601
-1.2056118,-10.261164,-11.041002
-1.2056118,-12.396036,-10.803845
0.3899504,-10.874529,-12.469595
1.2138878,8.610781,-10.943744
-1.2056118,-7.59611,-10.942842
1.8200716,8.610781,-11.360195
0.4897629,-12.037121,-12.469595
1.8200716,-9.1780205,-12.469595
2.0870075,-0.360127,-14.049431
2.0870075,-0.7837055,-13.950349
2.0870075,-0.95752907,-12.618849
-2.3913798,0.33733383,-10.696907
-2.4028044,-1.1438798,-10.696907
-1.2726624,-0.07211456,-14.031062
2.0870075,-3.8620975,-13.067817
-2.0182571,-3.8620975,-11.014479
-2.4028044,4.6948004,-11.131616
2.0870075,2.2749712,-14.049431
-2.4028044,4.6948004,-13.370464
1.477874,-3.8620975,-14.049431
-0.1981665,4.6948004,-14.049431
1.4205081,-0.16287282,-12.505325
0.03385493,4.6948004,-10.966555
2.0870075,2.372297,-10.696907
-2.4028044,-1.7030393,-10.696907
-1.5431483,-3.8620975,-12.606836
-2.2120013,1.7290416,-14.049431
1.5000594,-2.1892111,-11.505022
2.0870075,4.6948004,-14.049431
2.0870075,-3.8620975,-12.065785
-2.4028044,4.6948004,-13.062368
-1.2413857,1.1566677,-12.066201
-2.4028044,-2.2203805,-10.797923
-2.0730119,-0.6524241,-9.888689
-3.0369096,3.882339,-13.315363
-3.0369096,0.51330364,-8.962134
4.5816875,-4.733435,-13.315363
4.1973844,0.76100147,-11.244572
-3.0369096,-3.4278128,-8.838585
2.2964528,3.882339,-8.838585
-3.0369096,-0.5886605,-8.838585
5.0627556,-1.3583022,-11.145932
1.9452027,1.0461792,-13.315363
5.1303277,0.48293903,-13.235103
1.04996,1.1450828,-12.694439
5.3327575,0.6273844,-8.838585
3.0475214,0.90832245,-12.894412
-3.0369096,1.0831712,-9.161034
4.9919605,3.882339,-9.277865
3.2123852,-4.733435,-13.315363
3.054668,-4.733435,-12.360585
-3.0369096,0.639104,-11.173778
5.3327575,-1.4545294,-11.488664
3.7372618,-4.733435,-8.838585
-3.0369096,-1.6845516,-13.315363
4.8567405,1.1380564,-13.111554
3.5405326,-4.733435,-9.264882
4.608884,0.5193963,-13.315363
2.6543713,-1.1949476,-7.4042406
-1.5633708,-4.2043815,-7.4042406
2.1687565,-0.69689333,-9.312907
2.1421304,0.64172125,-8.655781
2.5768359,-0.63561434,-9.312907
-1.5633708,0.9732221,-8.159527
2.5749156,2.5123992,-8.635151
1.72919,2.5123992,-8.818922
2.0263062,-4.073644,-7.566741
2.8259716,2.5123992,-7.4042406
-1.5633708,-1.3309855,-9.009033
-0.5296267,-1.7879544,-9.189573
1.893709,2.5123992,-7.939716
2.5760098,-4.2043815,-8.049667
-1.5633708,-1.2339562,-8.975003
2.4857693,-1.2600249,-8.364929
2.6054292,2.5123992,-9.312907
-1.5633708,0.87665266,-8.603145
-1.5633708,0.20702018,-7.4542966
2.71028,-4.2043815,-7.4042406
0.5615194,-0.047918394,-9.312907
0.63805234,-4.2043815,-7.4042406
-1.5633708,-4.2043815,-7.96201
0.03675118,0.3907686,-7.8255606
2.73548,-3.151435,-9.09909
1.9044558,6.7160325,-8.461043
1.9044558,-4.9369345,-7.757409
-0.72743064,-4.626213,-8.148904
-1.1259696,-1.2670089,-8.838616
1.3502067,6.7160325,-8.514599
-1.5771316,-0.32692078,-7.757409
0.23750453,4.122118,-9.326678
-1.646298,6.7160325,-9.326678
-1.646298,-6.1422677,-9.326678
-1.646298,-1.939226,-8.879393
1.9044558,-6.1422677,-8.269758
-1.646298,0.09960073,-8.3629465
1.9044558,-2.2049627,-8.294982
-1.646298,-6.1422677,-7.757409
0.6726368,2.7089086,-8.734421
0.68380696,-2.131083,-9.029693
1.3005437,-0.65256417,-8.002412
1.9044558,0.42975837,-8.628966
0.24730034,-5.584114,-7.757409
1.9044558,-0.4149688,-8.3318815
1.9044558,6.7160325,-8.403127
-1.646298,-1.9668642,-7.757409
-0.87843627,-0.5553249,-9.326678
-1.646298,-4.5585375,-8.637702
1.9044558,6.7160325,-9.326678
0.2753179,4.0684533,-10.196207
-1.3215246,5.7653136,-9.406508
-0.119513884,5.9251704,-10.090075
-0.81184876,0.9986843,-10.098739
-0.086829096,-4.189652,-9.941971
-1.7946844,0.29078752,-10.073306
0.2753179,-4.189652,-10.255158
-0.91483605,-4.189652,-9.260225
-1.0860258,-4.189652,-9.260225
-1.262984,-4.1256433,-10.133782
-1.2977298,5.9251704,-9.359207
-1.7497215,-2.879263,-9.860034
-1.5990465,-4.1713653,-9.622327
-1.7946844,1.1123104,-10.486204
-0.055809677,2.903761,-10.486204
-1.7056013,-1.6313121,-9.523648
0.2753179,1.116394,-10.357816
-1.6564238,-0.93773866,-9.786805
-1.7946844,-4.189652,-10.486204
-0.91312206,5.9251704,-9.260225
-1.574178,1.2910507,-10.486204
-1.1698966,5.9251704,-9.831591
0.2753179,5.9251704,-9.577661
-1.1525886,-4.189652,-9.9333
0.2753179,5.9251704,-10.30675
0.89365625,-4.8348007,-10.230175
-1.0961473,-3.3785493,-10.230175
-0.27110764,-5.0397477,-10.187548
-0.24089065,3.3759675,-9.651267
-0.51782763,0.4762562,-10.230175
0.89365625,-1.6411873,-10.230175
-1.3826507,-2.2126205,-9.240527
-1.5028844,-5.0397477,-9.192744
-1.3704097,-4.3254666,-9.906194
0.89365625,-4.052383,-9.048758
-1.2790805,-4.414713,-10.230175
-0.0669778,-4.191252,-8.870632
0.4754538,3.3759675,-9.974419
-1.5028844,3.3759675,-9.218428
-0.38048,-4.455086,-9.284033
-0.8670014,-1.8099731,-8.920725
-1.3815899,3.3759675,-9.585236
0.89365625,-0.81175464,-9.921305
0.89365625,3.3759675,-8.870632
0.89365625,-4.2351613,-8.870632
-1.394107,3.3759675,-10.089625
-0.6894808,1.9774317,-8.870632
0.03114599,-4.9553847,-9.661939
-1.5028844,-0.79015523,-10.230175
-1.4342433,2.1455498,-9.260255
-2.994153,3.4315305,-8.873127
-3.686772,2.8405926,-9.685478
3.2498705,-4.255412,-8.873127
-3.686772,2.6719012,-8.873127
-3.686772,-0.17554832,-10.09329
-3.686772,-3.20204,-9.84079
2.0222268,4.0464964,-8.873127
1.7873948,0.37595332,-8.873127
3.1834593,-4.3156676,-9.89246
3.2498705,3.7321022,-8.948715
3.181693,4.28875,-9.266753
2.308639,-3.1315393,-9.440266
0.08408938,4.1357946,-8.873127
1.7531109,-3.642859,-10.09329
-3.6864295,-4.3156676,-10.09329
-2.8844879,2.9817057,-9.2647915
1.0845397,-4.3156676,-9.854348
3.2498705,2.3834178,-9.862566
-1.1657343,-4.3156676,-9.471092
2.8027682,4.28875,-9.489645
3.2498705,-3.344855,-9.722514
-2.5564916,4.28875,-9.884598
3.2498705,4.28875,-9.562388
-3.686772,2.4663603,-9.2571125
-3.4216473,-4.3156676,-10.09329
-3.1177218,3.0422935,-6.9178452
2.2844472,3.688703,-8.259089
3.786124,6.1540236,-8.022525
3.786124,6.3215322,-9.894844
3.786124,-4.1546507,-5.4204974
2.0565195,6.3215322,-5.8510623
-1.8574002,0.68954086,-6.3293967
-3.1177218,-4.1546507,-6.4126487
-3.1177218,3.7780573,-9.894844
3.786124,-4.1546507,-9.070149
-3.1177218,-4.1546507,-5.4204974
1.8016862,2.6331928,-5.503286
3.004765,2.3888564,-8.284724
-3.1177218,-1.0286868,-7.903184
0.3787529,-4.1546507,-5.4204974
0.4240495,-1.3809276,-9.785182
3.7418613,6.3215322,-5.4204974
-1.3715135,2.921012,-7.4181786
-0.295142,3.9068768,-9.894844
-3.1177218,6.3215322,-6.897241
0.005200803,5.156821,-7.835853
1.1204792,5.0142827,-5.4204974
1.3940076,5.644011,-9.894844
1.4607295,-0.39494878,-9.894844
3.786124,-4.1546507,-7.2691402
-2.5962863,4.3920226,-8.360321
5.231642,5.420808,-9.199867
4.1589937,1.4060363,-8.191757
3.0026152,-5.1483154,-10.3237705
3.9775302,5.978112,-8.147891
5.231642,-0.70976126,-8.512352
1.589791,5.978112,-9.13456
-0.056902096,-5.1483154,-9.05286
5.231642,5.195234,-8.147891
5.231642,-5.1483154,-9.079048
-1.1262571,5.978112,-9.435196
4.027893,5.641035,-10.472131
0.6891061,2.9488635,-10.472131
-2.5962863,5.2377806,-8.257948
5.231642,-5.1483154,-9.694935
-0.62063485,-5.1483154,-10.409161
-2.5962863,-5.1483154,-10.472131
3.0830991,-5.1483154,-8.920166
4.0049534,5.422166,-9.3598
-2.5962863,-2.0398269,-10.472131
4.2700396,4.803505,-10.472131
1.4913073,2.2779496,-9.89385
5.231642,2.989939,-8.2529
-2.5962863,-0.61802375,-9.258476
-2.5962863,-0.6361295,-8.147891
-1.9788219,-3.6089544,-9.073722
-0.8391794,-3.7709196,-9.279667
-3.7939548,3.4585483,-9.789738
0.44284028,-2.077519,-8.812437
-2.0119855,-3.6444197,-9.07097
-2.2988849,3.4585483,-9.447608
-2.1501353,2.443169,-9.818365
-2.4081748,3.4585483,-10.240313
0.7205383,1.6711751,-9.96779
3.5914645,3.4585483,-8.849187
0.6016317,-0.4872259,-10.039159
-3.7939548,3.4160464,-9.877866
4.1574554,0.7393726,-9.785226
4.1574554,-3.7709196,-10.240313
3.3903427,2.9521008,-9.8649025
4.1574554,2.4965813,-8.812437
0.86453104,1.5780522,-10.240313
-1.8119197,-3.7709196,-9.319879
4.1574554,-2.156385,-9.681307
4.1574554,-1.6657522,-8.877645
0.8938861,-3.7709196,-8.812437
-3.7939548,-3.7709196,-10.050267
4.1574554,3.4585483,-9.406768
-3.7939548,-3.483647,-8.84813
-3.7939548,3.4585483,-9.055936
-1.5321627,-9.701397,-8.926139
0.6641336,-9.701397,-13.22739
-0.06699203,4.7164226,-9.252166
-0.61123407,-9.701397,-8.80035
-0.5177525,6.2208495,-10.282598
1.7604727,1.293151,-8.80035
-1.4304633,-1.6225226,-13.396202
-1.1208956,-9.391193,-11.826473
1.7604727,6.7927094,-13.396202
-2.145889,-8.470873,-10.467423
1.7604727,-5.31086,-9.497861
-1.6031716,6.7927094,-9.522394
1.7604727,6.7927094,-8.80035
-1.3692694,-9.701397,-13.396202
-1.317961,5.5154743,-13.396202
-1.301539,-9.701397,-13.396202
-0.465158,-9.349743,-13.396202
-1.7037141,6.7927094,-11.090189
-1.1788759,6.7927094,-9.044559
1.7604727,5.154832,-8.80035
-1.5432029,6.6246123,-9.171031
-1.2091324,-3.923316,-11.741778
-1.5481975,3.7098105,-13.396202
-1.306288,-9.701397,-9.9168625
-1.0067904,-9.701397,-9.962666
2.1793106,13.659583,-11.507698
2.087792,13.513905,-10.6162405
-1.0847712,-3.595521,-11.506469
0.4977255,5.227793,-14.098348
1.5472536,-3.595521,-14.080735
-0.68294215,12.929136,-12.006685
-1.0847712,7.691803,-10.667286
2.2078047,6.588203,-10.66456
1.6710384,13.659583,-14.098348
2.0565586,12.953816,-13.466155
-1.0847712,-3.595521,-14.098348
-1.0847712,11.632828,-14.098348
2.2078047,5.3492985,-14.098348
1.8195817,5.2886634,-14.098348
1.042629,10.549146,-10.6162405
2.066983,10.6594,-12.411188
2.1410127,13.659583,-11.799001
-1.0678486,-3.595521,-12.182106
0.0674116,-3.595521,-10.6162405
-1.0847712,6.6176972,-10.6162405
-1.0847712,4.544437,-11.925072
1.811863,-3.595521,-10.6162405
1.094031,6.4898157,-11.914076
1.9292078,13.659583,-12.666199
-1.0847712,4.169971,-14.098348
3.2850866,-8.918974,-10.645924
2.2891717,-9.376377,-11.509201
3.8002722,-9.376377,-9.323369
3.1483908,-3.4048462,-7.6987243
-0.03932333,-7.270745,-7.619171
-2.1542532,-7.7309637,-11.37335
-1.1952039,-0.03884363,-7.7872553
2.2158093,-7.695088,-8.720795
-2.1542532,-3.150575,-10.591211
-2.1542532,-3.0507476,-8.480679
2.3157554,-0.03884363,-7.872971
3.8002722,-5.0270953,-11.509201
3.1580815,-0.03884363,-7.720553
1.5390139,-7.80054,-7.878719
3.8002722,-0.9933814,-8.297674
-2.1542532,-0.36376634,-8.498695
0.778305,-9.376377,-9.618231
3.8002722,-6.9305716,-7.619171
-2.1542532,-9.376377,-8.702638
-2.1542532,-0.03884363,-8.029868
3.8002722,-3.6079426,-11.509201
-0.85857606,-4.3277335,-9.830451
-0.19582216,-1.4260998,-10.342183
0.37580347,-8.7605505,-10.865996
-0.13371262,-9.376377,-11.509201
-1.1509961,5.0818644,-9.659246
-1.1509961,-5.3203535,-10.149803
3.5174854,1.6716275,-9.345907
2.148384,-5.3203535,-10.149803
-1.1509961,-5.3203535,-8.586957
3.9307847,-2.2300985,-9.949694
3.9307847,0.33718905,-8.460598
3.9307847,1.907826,-8.460598
0.73961186,-2.7716844,-8.724667
-1.1509961,-1.6260421,-9.034108
2.7724783,-1.4540296,-10.149803
2.968868,-5.3203535,-10.149803
2.4992597,0.17058605,-8.636511
1.1086252,5.0818644,-9.714431
-1.1509961,-0.024997115,-8.460598
3.9307847,5.0105743,-10.149803
3.9307847,5.0818644,-9.2096195
-1.1509961,-5.3203535,-9.872816
-1.1509961,1.5420861,-8.460598
2.8649552,-0.2401534,-9.293429
2.3305478,2.713185,-10.149803
1.2158527,-5.3203535,-10.149803
-1.1509961,2.591709,-9.524848
0.45514292,0.6879624,-8.460598
3.4795644,0.5857376,-8.460598
-1.9236486,-3.095464,-7.134862
1.2626958,-2.9643655,-7.134862
-0.7148491,0.6547959,-6.5401077
-0.67007494,-0.7224505,-7.118439
0.038435042,1.0677441,-5.262703
1.2333107,1.4158653,-5.262703
1.2659485,-0.15441611,-5.8281136
0.30470073,-1.6384429,-5.262703
-0.9341342,1.3899872,-5.666078
1.4339747,1.755362,-5.93426
-1.9236486,2.0956028,-5.48718
0.954272,-3.3521671,-7.134862
-1.9236486,1.2920082,-5.262703
-0.96543294,1.58132,-7.134862
1.4339747,1.2416524,-6.6615133
1.4339747,5.912692,-6.4129105
-1.9236486,-1.993242,-6.0836864
-1.2880089,1.3481905,-6.9203916
-1.7694769,3.2825418,-6.227802
-1.5965855,-3.3521671,-5.262703
1.4339747,1.5158014,-6.28868
0.1955148,5.912692,-5.262703
-1.778563,-3.3521671,-5.5362372
-1.634151,5.912692,-6.120171
1.4339747,-0.4679599,-7.134862
-1.9394091,8.590802,-7.3798313
1.2349327,8.590802,-7.3798313
-4.1289153,8.590802,-8.136542
1.8819486,2.8988054,-9.291172
1.8819486,1.7430575,-7.730861
1.8819486,-9.312458,-8.576263
-2.5970802,-9.41019,-8.658614
0.15121311,8.043341,-10.899616
-4.1289153,-0.79489243,-10.205475
-4.1289153,-0.4025866,-7.3798313
1.8819486,8.590802,-10.899616
-1.6859881,-7.163933,-10.899616
-3.8961802,-9.41019,-10.36664
-4.1289153,2.4955132,-10.899616
-4.1289153,0.77495074,-8.688419
0.63617593,0.61640596,-7.3798313
-1.8835065,8.590802,-9.967733
1.8691888,-3.5260549,-8.327181
0.87914,-6.2285137,-10.426132
-0.72144794,-9.41019,-7.871949
1.5630863,-9.41019,-9.274483
-4.1289153,-9.41019,-10.070294
-1.0194787,6.090612,-8.50449
-4.0555334,-9.41019,-8.917352
1.8819486,0.84101534,-7.3798313
0.032876253,-1.741765,-9.7
1.1816633,-3.2733948,-10.142996
0.02967769,-3.5271876,-10.041972
1.223104,-3.9253383,-9.897927
0.5660453,-3.2625403,-8.225924
1.2216614,-4.101282,-9.7240505
0.06814283,2.0062954,-8.7084875
0.95609677,2.0062954,-9.074254
0.02967769,-3.676476,-8.500609
1.1784747,0.14007431,-9.783344
0.02967769,-3.3810093,-8.225924
0.5603206,-1.6461419,-8.736776
1.223104,-0.57497966,-8.391248
0.02967769,-1.790842,-9.644291
1.1386194,2.0062954,-9.791303
1.1809087,-2.2342591,-8.225924
0.5718831,-2.590733,-10.142996
1.1017326,-1.1730338,-8.786428
1.1709335,-4.101282,-10.142996
0.02967769,2.0062954,-8.673293
0.02967769,-1.9193308,-8.225924
0.7245933,-2.3858256,-10.09321
0.02967769,2.0062954,-8.539838
1.1132472,-2.1057646,-9.074614
1.223104,-0.542267,-8.225924
1.0219066,3.6642957,-9.623615
-0.47143164,3.6642957,-8.567874
-0.036129802,-2.9157345,-9.674154
-0.44003657,-2.8113773,-9.381852
-0.44822913,-5.033663,-8.676263
0.16522288,3.6642957,-10.764331
-0.31869006,-5.0992923,-10.616202
-0.35336637,3.6642957,-8.567874
1.0219066,-1.2756366,-9.141373
-0.29035097,1.4650863,-10.764331
-0.20072225,-5.0992923,-9.119862
1.0219066,3.6642957,-8.979246
-0.3776079,-5.0992923,-8.567874
-0.7630719,-5.0992923,-10.133248
-0.40460867,3.6642957,-10.764331
1.0219066,3.2407577,-10.134999
1.0219066,-3.321009,-10.471749
-0.41958165,3.6642957,-10.6798315
-0.47731113,1.7659507,-9.759014
-0.7630719,-2.858639,-8.567874
-0.7630719,-0.66928214,-8.974096
0.27841014,-1.5764798,-9.382992
-0.27919462,2.2704287,-9.898167
0.1439974,-4.9029956,-9.933832
1.0219066,-2.9677393,-9.251555
-0.79848945,-5.8833756,-10.030773
-1.326681,3.6683705,-8.706068
1.3039135,3.1187928,-9.379459
-0.9265187,-1.8592726,-10.734566
1.5220166,0.40644285,-9.4689045
-1.353205,-2.5462143,-11.006663
0.8565699,1.3464001,-11.006663
-1.2643532,-2.5858736,-8.911617
0.25977635,0.32851377,-9.650362
-0.21106836,-1.0740763,-8.61726
1.80386,-5.1796756,-11.006663
1.80386,-1.8372854,-8.781687
-1.5910108,3.3841853,-8.49401
-1.5430819,3.6550906,-9.014019
1.4675814,1.4962507,-11.006663
-1.5162731,3.6824696,-8.836851
1.3733761,4.21594,-9.493202
1.77205,-5.8833756,-9.626112
-0.83882964,-5.8833756,-8.74581
1.80386,4.21594,-10.0235
-0.80077815,0.6286509,-10.974443
-1.7147913,-5.8833756,-11.006663
-1.7147913,-5.8833756,-10.199924
-0.95941913,3.1532967,-8.49401
-0.6916189,4.21594,-8.49401
1.4371234,-2.7044568,-9.062795
2.699074,6.629023,-9.712532
2.9156659,6.629023,-9.449595
-0.5432177,-4.140741,-9.851588
0.4478014,-5.2871785,-8.67672
1.4450423,-5.7628055,-10.720243
3.0430474,6.5187097,-10.7098675
1.8082255,3.482697,-10.520308
0.16171958,0.04674551,-9.3024025
1.7498742,-5.02397,-8.67672
-0.2526539,-2.6908934,-9.05034
0.47530353,-5.561688,-10.720243
1.4283758,6.629023,-10.388191
-1.4310632,6.629023,-10.720243
-1.4310632,6.629023,-8.67672
3.0430474,6.629023,-9.334935
1.8807918,-3.5880854,-8.727121
1.22829,-5.7628055,-9.732746
-1.4310632,4.632873,-10.519866
-1.4310632,-4.533974,-9.603279
3.0430474,-5.7628055,-10.604068
0.89499795,0.5478078,-9.276455
3.0430474,6.629023,-9.518714
1.3911171,5.225527,-8.67672
-1.4310632,-5.7628055,-8.67672
-4.875224,-2.821336,-11.200101
1.4689528,4.2142925,-11.493517
3.0048714,4.005952,-9.26764
2.7640622,5.3484735,-9.07493
-4.996628,3.25972,-11.493517
-5.2268906,-1.0939521,-11.493517
-3.8013506,2.0222087,-10.773847
-2.5722106,3.9866302,-11.143975
-3.9914875,4.211017,-9.643291
3.0048714,-2.821336,-11.493517
-5.0784397,5.394704,-10.888183
2.519248,-2.821336,-10.019513
3.0048714,4.027089,-10.057576
-5.2268906,3.0087624,-9.07493
-5.1340637,4.788225,-9.310773
-5.207022,5.394704,-11.105276
-1.9946564,4.122762,-9.121755
3.0048714,2.6156826,-9.416257
0.63623595,-2.821336,-9.07493
-2.1027267,2.6380453,-9.593046
0.049089834,-2.821336,-9.589322
2.4972126,-1.6731447,-9.07493
-5.2268906,4.130785,-9.334825
-5.2268906,-2.821336,-10.950947
3.0048714,0.90279377,-11.493517
-0.5256712,-3.080411,-10.461373
-0.9126149,3.1267858,-10.461373
-0.24549209,-1.003109,-10.461373
1.56099,2.2838573,-9.306156
2.14662,-4.3815594,-8.707677
1.972181,-0.40991527,-9.31692
0.5788939,4.248439,-9.022889
-1.5300359,-4.3815594,-8.397977
-1.5300359,4.248439,-8.26337
2.7064662,2.2474978,-10.461373
1.5197573,4.248439,-8.29033
2.6876142,3.7657905,-8.26337
-0.8758431,3.3367152,-9.21482
-1.5300359,-4.3360987,-8.26337
2.1235082,3.5821915,-9.550086
-1.5300359,2.5340385,-9.675812
0.029071003,-2.231516,-10.461373
-1.5300359,-4.3815594,-8.699883
2.6465833,1.0471148,-8.26337
2.7064662,-4.3815594,-10.461373
0.8913215,-3.7060761,-9.2857
2.7064662,-4.3815594,-8.474972
-1.5300359,4.248439,-9.863734
1.8703872,-1.2448796,-8.396928
2.7064662,0.53368574,-9.11537
-0.049272716,-1.0613357,-10.162727
-0.049272716,-1.3333676,-9.6863
0.31224933,-0.21031114,-9.032486
0.5581584,-1.7192924,-10.89213
0.33346596,2.873544,-9.055574
0.458357,-1.7192924,-10.89213
-0.049272716,-1.5924882,-9.617296
0.5506072,2.873544,-9.032486
0.5168338,2.6066775,-10.89213
0.4737673,-1.7192924,-9.032486
0.38124004,-1.7192924,-10.89213
0.39650926,2.873544,-9.362282
0.34753606,2.873544,-10.89213
-0.049272716,1.6754855,-9.895059
-0.049272716,2.873544,-9.396588
0.41687986,1.0089004,-9.916257
0.5437062,-1.2595247,-10.736814
0.48273203,2.1574166,-10.177767
0.29434904,0.1701042,-10.572786
0.2425839,-1.7192924,-9.058231
0.42565325,2.665718,-9.714426
0.42751023,2.6548743,-9.032486
0.5933137,-1.7192924,-10.621037
0.39665106,2.873544,-9.908546
0.36084393,2.8205738,-9.132038
-3.266491,-4.2570224,-10.820207
-2.9797816,4.494379,-9.964651
-3.2332368,-5.330764,-8.924948
-3.815069,8.315515,-9.299866
-3.2701006,2.5943644,-10.820207
-3.4718337,0.9841607,-8.497977
-2.9272554,-4.1539326,-10.820207
-3.718554,-5.132791,-9.5866165
-3.4759526,1.0903387,-10.820207
-3.815069,8.022458,-9.993874
-3.3040657,4.1641893,-8.401662
-3.1661568,7.9000506,-8.761535
-3.6615639,8.315515,-9.333009
-3.815069,6.674292,-9.907679
-2.9272554,-5.3362293,-9.979767
-2.9272554,-3.2084396,-9.832514
-3.6484947,8.315515,-8.283986
-3.7683043,-5.3362293,-8.283986
-3.815069,8.315515,-8.283986
-3.0224876,8.315515,-9.968402
-2.9272554,-2.6795433,-10.820207
-2.9272554,-5.3362293,-8.283986
-3.815069,-2.0261803,-8.475758
-3.7230692,8.315515,-8.338243
-3.3263297,-5.3362293,-9.019545
3.240497,6.59155,-10.007026
3.240497,-4.1262674,-9.937324
1.9927254,0.67877775,-9.075878
1.9927254,7.0027246,-10.183027
2.1901062,7.7310057,-9.59579
3.240497,-3.6554778,-9.077601
2.28036,5.3958435,-9.449226
2.7784753,7.8444457,-10.7319
2.2869241,5.767741,-10.7319
2.5665967,-4.1262674,-9.838406
2.792326,-4.1262674,-9.779745
3.240497,-0.5828751,-9.733042
3.240497,-1.0327835,-8.904397
2.8296125,4.4031467,-8.904397
1.9927254,7.9405537,-10.569784
2.2495787,7.9405537,-9.230478
2.4180765,-3.0205977,-9.739528
2.8461359,7.9405537,-10.7319
3.0049164,-2.9251783,-10.370301
2.3971572,7.558067,-9.484102
2.082196,7.6706986,-9.088206
2.7186248,1.4403818,-8.904397
3.240497,-4.1262674,-10.7319
1.9927254,6.3974056,-9.863981
2.693202,-2.8307307,-8.904397
-1.042172,5.3411293,-8.104118
-1.5327733,1.163846,-8.104118
-1.4067267,-1.8897666,-9.4580345
-1.7228339,-0.21312855,-9.287052
-1.6456894,3.1080968,-9.926337
-1.450238,-0.21791495,-10.682587
-1.7228339,5.3411293,-8.26546
-1.2957487,0.064143345,-10.09646
-1.296096,5.3411293,-8.789962
-0.9411133,-0.048961952,-9.270541
-1.1506578,4.908956,-10.603923
-1.7228339,-0.23973246,-10.538192
-1.3373835,-1.8897666,-8.609957
-1.5261546,-1.5401949,-8.432831
-0.9411133,5.3411293,-10.682587
-1.7228339,1.6899353,-9.728734
-0.9810114,4.1173244,-9.303601
-1.2166463,5.3411293,-9.421243
-1.0418288,5.3411293,-9.3203125
-0.9411133,-0.43669766,-9.0334
-1.2025862,3.4143665,-8.104118
-1.5547222,4.410735,-8.834189
-1.7228339,-0.22751717,-8.104118
-1.0891823,-1.8897666,-8.831116
-1.066861,0.20392446,-10.682587
-4.1680617,6.590176,-9.32628
-3.6248338,6.590176,-10.315818
-3.985944,-7.2060676,-8.584726
-4.119139,4.3471775,-9.773623
-3.5630805,-7.2060676,-9.599261
-4.0978317,4.2380548,-10.720278
-3.626634,6.590176,-8.584726
-4.1680617,6.590176,-9.843944
-4.1680617,0.74234843,-9.493117
-3.7528503,-7.2060676,-10.180478
-4.1680617,-2.6357715,-8.584726
-3.5131738,-0.40928102,-9.262299
-3.99937,-7.2060676,-8.8733225
-3.7184408,6.590176,-10.720278
-4.021496,0.14806156,-8.584726
-4.157537,-1.9441588,-8.667667
-3.5131738,-7.2060676,-10.720278
-3.549871,-0.27484787,-9.380597
-3.5875056,-0.40023464,-10.720278
-3.5131738,-1.9111514,-10.645991
-3.6700888,-0.7041841,-9.768622
-4.074297,0.021478817,-9.220139
-3.5131738,6.590176,-8.94139
-3.9957623,-5.3911076,-8.868566
-4.1680617,2.1837626,-10.720278
-2.2014074,3.862462,-8.644735
-2.7497663,-4.304724,-10.133719
-1.9017888,3.3388526,-10.063665
-1.7944807,-5.3614225,-11.1410885
-1.7416619,3.862462,-10.476514
-2.7497663,-2.1611784,-11.1410885
-1.8988569,-4.2748923,-10.321031
-2.7497663,-3.1981084,-10.795862
-1.7416619,-5.2281156,-8.644735
-2.6740599,-5.3614225,-10.732608
-2.7497663,2.7231967,-10.099932
-1.7416619,1.8441212,-9.812876
-2.3671174,-3.948692,-9.3924055
-2.620472,-5.3614225,-9.022039
-1.7416619,-5.3614225,-8.8558655
-2.089684,3.862462,-8.658407
-2.502318,-0.91877717,-9.507472
-2.1644092,-4.0910416,-8.644735
-2.0688033,3.862462,-10.744565
-2.3239841,3.862462,-11.07083
-2.1968791,-4.99052,-8.644735
-2.3168297,-0.3261268,-8.661226
-1.7416619,-0.44804174,-11.1410885
-2.5499997,3.862462,-8.644735
-2.1580439,-4.2803073,-10.03408
-4.3897834,3.690705,-9.387794
-4.475716,-3.527366,-8.765227
-4.475716,-2.6086836,-9.8239355
-4.2195497,-3.44533,-9.580446
-3.7558374,-4.537861,-9.574068
-3.6605265,3.690705,-9.321408
-4.475716,-4.3553987,-8.712172
-3.6605265,3.690705,-9.623089
-4.214382,-4.4607606,-9.8239355
-3.81503,-3.2414072,-9.034387
-3.6605265,-4.556446,-9.609393
-4.043159,-4.556446,-9.324468
-3.6605265,3.690705,-8.924471
-4.130747,-1.1201159,-8.697661
-3.6617134,-2.4737577,-8.522311
-4.475716,2.3789182,-8.850229
-4.0039315,3.690705,-8.979147
-4.0717764,-4.556446,-8.522311
-4.3729134,3.690705,-9.8239355
-4.3919272,0.019229054,-8.522311
-4.4585824,3.11409,-9.8239355
-3.6605265,3.3488634,-8.551323
-4.373089,3.4006708,-8.684903
-4.392209,-3.4793706,-9.701424
-4.284926,2.8175263,-9.012279
3.6847353,1.571756,-9.8471985
3.6823413,1.571756,-9.334242
3.6234505,1.1197869,-10.828067
3.7872417,1.571756,-10.182512
3.3926373,-0.36107272,-9.278078
3.8044498,-0.30466902,-9.17219
3.853171,-0.34101963,-10.709161
2.330063,-0.55915195,-9.58633
3.746648,0.9662243,-8.742606
3.628074,1.009999,-8.78001
2.330063,-0.16371052,-8.751229
3.6771028,1.571756,-9.129161
3.6656597,-0.0894507,-10.828067
3.5832846,0.98540664,-10.828067
3.7930334,-0.14189328,-8.742606
2.330063,1.571756,-8.742606
2.330063,1.1510719,-9.6761265
3.1390936,1.4498303,-9.574438
2.330063,0.078021884,-9.506639
3.7247174,-0.7802187,-10.828067
2.6182032,1.1094924,-10.414194
3.6740186,-0.7802187,-9.905355
3.8144815,1.2103596,-10.828067
2.8552244,-0.3449304,-10.029441
3.7890222,-0.35940427,-9.093369
1.009561,-3.0321152,-9.732778
0.5291,-4.4987326,-11.717493
0.36349207,3.4562142,-10.140769
0.9818039,-4.4987326,-10.567663
1.0282953,-4.196582,-9.680962
0.36349207,-3.6625855,-10.547051
1.2576597,3.4562142,-10.999139
0.49300003,2.405649,-10.796034
1.2952492,-4.4987326,-10.7871275
0.98007905,0.8022676,-10.232908
1.2952492,3.4562142,-9.768807
0.36349207,3.4562142,-10.657571
0.9933444,-4.1472993,-9.827212
0.36349207,3.3507752,-10.262574
0.36349207,-4.4987326,-9.695987
0.9499146,3.4562142,-9.543746
0.75286806,-4.4987326,-11.1546955
1.1668986,3.4562142,-10.303126
1.2952492,3.4562142,-9.713746
0.9899943,3.4562142,-11.166675
1.1168405,-4.4987326,-9.732818
0.99046063,1.4279902,-11.80716
1.0981182,-4.4987326,-11.80716
0.60029984,-4.4987326,-11.80716
1.1613288,0.89926726,-11.80716
