accelerometer_m_s2[0],accelerometer_m_s2[1],accelerometer_m_s2[2]
0.15805572,-0.32195795,-0.7172314
0.29867145,-0.49067974,-1.513114
0.3961721,-0.67030084,-2.0974922
0.44755855,-0.77518064,-2.346984
0.5192744,-0.8896208,-2.7487845
0.52897877,-0.9287837,-2.794861
0.5209701,-0.9373051,-2.8249915
0.5016449,-0.91894484,-2.6675966
0.513562,-0.9517611,-2.8096833
0.51198936,-0.94523185,-2.7642882
0.52056557,-0.9744038,-2.8565326
0.51819766,-0.9581021,-2.8043897
0.5201046,-0.96935713,-2.8489
0.50859195,-0.94108135,-2.7373047
0.518589,-0.9772126,-2.852809
0.5179046,-0.96604824,-2.8268983
0.52050024,-0.9760037,-2.8507152
0.5146556,-0.9744772,-2.8282816
0.5036805,-0.9437791,-2.7439291
0.50135034,-0.9414161,-2.748326
0.529132,-0.9841721,-2.8941455
0.5190208,-0.9736205,-2.8403444
0.5105582,-0.96052724,-2.7821536
0.514877,-0.9570692,-2.8097265
0.511491,-0.9572864,-2.7909367
0.024827376,0.30788946,-3.4557753
-0.010647425,0.39363012,-4.809049
-0.07023168,0.3965223,-5.382819
-0.0975429,0.38734552,-5.4772387
-0.10900527,0.3824627,-5.493761
-0.1177571,0.37962875,-5.520617
-0.1359049,0.3740466,-5.5816607
-0.11745909,0.37828508,-5.501008
-0.13015313,0.3757055,-5.559061
-0.12864621,0.3763269,-5.553347
-0.13739705,0.37347463,-5.5837235
-0.11731961,0.3784187,-5.4986963
-0.12560637,0.3766825,-5.533845
-0.12719348,0.37640986,-5.5415177
-0.12428601,0.37694648,-5.5285897
-0.14117178,0.37184885,-5.5914154
-0.13470416,0.3741835,-5.5736866
-0.13647527,0.37357447,-5.578526
-0.13488898,0.37420335,-5.5759625
-0.11711934,0.3775489,-5.4897246
-0.12057537,0.3776928,-5.5108624
-0.13397734,0.37475333,-5.5697255
-0.13653532,0.37389514,-5.578592
-0.12552541,0.37687412,-5.5372214
-0.13649599,0.3738378,-5.578943
-0.05357392,-0.014712781,-5.0253963
-0.1294622,-0.020469464,-6.8474174
-0.17010316,-0.034382895,-7.2769256
-0.1727137,-0.035608187,-7.316258
-0.17987838,-0.03847251,-7.354457
-0.1763129,-0.037102208,-7.3373156
-0.17747566,-0.037580773,-7.3436294
-0.18023804,-0.03878136,-7.3562875
-0.176418,-0.037362598,-7.337674
-0.18060422,-0.038819402,-7.3578568
-0.18136287,-0.039135605,-7.360918
-0.17978773,-0.038546413,-7.3544493
-0.17937776,-0.038350165,-7.3527436
-0.17967567,-0.038534343,-7.353912
-0.18111524,-0.039063856,-7.360418
-0.1742144,-0.036673464,-7.32611
-0.18049052,-0.03884749,-7.357809
-0.17839968,-0.03807445,-7.3482943
-0.18074396,-0.038950898,-7.3585634
-0.17566141,-0.03714007,-7.333674
-0.17917803,-0.03831421,-7.351407
-0.17925894,-0.038342647,-7.3517594
-0.1787205,-0.0382175,-7.349627
-0.17938897,-0.03844452,-7.352827
-0.17492098,-0.037009202,-7.3297486
0.17004049,-0.257137,-6.779121
0.20599495,-0.2938263,-8.621514
0.21209913,-0.29962894,-8.901164
0.2113366,-0.3016675,-8.9565935
0.21186484,-0.301642,-8.959148
0.21062271,-0.3024348,-8.970013
0.2117764,-0.30177733,-8.9612255
0.21105807,-0.30218822,-8.96693
0.2109856,-0.30220622,-8.967518
0.21091835,-0.30223197,-8.968077
0.21071821,-0.30237252,-8.96946
0.21114196,-0.3021354,-8.966315
0.21093984,-0.30224922,-8.967881
0.21182062,-0.3017173,-8.960876
0.21050078,-0.30252054,-8.970927
0.21101297,-0.30222318,-8.967655
0.21084216,-0.3023025,-8.968554
0.21146303,-0.30191845,-8.96392
0.21232054,-0.30139184,-8.956912
0.21177702,-0.30177036,-8.961314
0.21053423,-0.3024915,-8.97066
0.21097894,-0.3022188,-8.967782
0.21177796,-0.30176267,-8.96188
0.21188658,-0.3016978,-8.960609
0.21355967,-0.30061075,-8.944436
0.28149492,-0.28121567,-7.8887157
0.3538306,-0.31811017,-9.980353
0.36485854,-0.32415438,-10.305999
0.36653203,-0.32496476,-10.350481
0.3668405,-0.3250432,-10.355883
0.36725044,-0.32475865,-10.351434
0.36689788,-0.32507017,-10.356736
0.36664236,-0.32524264,-10.359918
0.36673358,-0.32519048,-10.358666
0.36655116,-0.32531637,-10.360839
0.3666751,-0.32519963,-10.359246
0.36649176,-0.32534885,-10.361553
0.36667907,-0.32520163,-10.359348
0.36636332,-0.32543626,-10.363001
0.36656767,-0.32530645,-10.360926
0.3664202,-0.32540506,-10.362383
0.3671694,-0.32485265,-10.352973
0.36672878,-0.32516903,-10.358729
0.36659956,-0.32526538,-10.360291
0.3663157,-0.32547024,-10.363452
0.36709112,-0.32491636,-10.354329
0.36639357,-0.325431,-10.362639
0.36635062,-0.32544535,-10.363045
0.3663558,-0.3254475,-10.363051
0.36647475,-0.3253705,-10.361718
-0.03488748,-0.23488453,-8.663678
-0.04496064,-0.2606391,-10.992239
-0.048145376,-0.2656558,-11.371479
-0.04820694,-0.266195,-11.420087
-0.048524566,-0.2664042,-11.4297285
-0.048578583,-0.26644105,-11.4311285
-0.048486877,-0.26640067,-11.430465
-0.048570223,-0.26643765,-11.431201
-0.048370026,-0.26634872,-11.429513
-0.04826334,-0.26631248,-11.428474
-0.048316322,-0.26633292,-11.428904
-0.048430968,-0.26638034,-11.429969
-0.04816828,-0.26628178,-11.427481
-0.04838807,-0.2663663,-11.429594
-0.048568547,-0.26643792,-11.431197
-0.048350073,-0.26634067,-11.429208
-0.048402667,-0.26635802,-11.429695
-0.04837031,-0.26635855,-11.429428
-0.0479848,-0.26619893,-11.425835
-0.04855969,-0.2664317,-11.431108
-0.04802683,-0.26622006,-11.426266
-0.048560124,-0.2664335,-11.431134
-0.04831313,-0.26633912,-11.428964
-0.048564944,-0.26643783,-11.431163
-0.048477788,-0.26640216,-11.430436
0.30067208,0.6276568,-9.154861
0.3777291,0.8291878,-11.6607685
0.38915932,0.86022323,-12.052297
0.39071128,0.8645091,-12.106932
0.39091802,0.8650919,-12.11444
0.39097157,0.86516297,-12.115179
0.3910388,0.8651401,-12.11443
0.39095768,0.86518157,-12.115536
0.39105907,0.865125,-12.114053
0.39117104,0.8650495,-12.112321
0.39114794,0.86506474,-12.112687
0.3909969,0.86516494,-12.115077
0.39094576,0.8651849,-12.115684
0.3910865,0.8651037,-12.113688
0.39110428,0.8650924,-12.113391
0.39118087,0.8650689,-12.112373
0.391095,0.865103,-12.113553
0.391076,0.8651118,-12.113765
0.3911044,0.86509204,-12.113395
0.3909774,0.8651732,-12.115309
0.3910677,0.86512697,-12.113979
0.39116082,0.8650578,-12.112576
0.39094642,0.86518484,-12.115676
0.39102364,0.8651493,-12.114648
0.39098942,0.865167,-12.115152
-0.3582424,-0.6992085,-9.501403
-0.4491685,-0.8429569,-12.016437
-0.46300197,-0.86492217,-12.400588
-0.46465498,-0.86779284,-12.4515085
-0.46519572,-0.86839473,-12.461079
-0.46508396,-0.86836076,-12.460906
-0.46513683,-0.86839604,-12.461418
-0.4651929,-0.86843383,-12.461875
-0.4651959,-0.86843824,-12.461937
-0.46418655,-0.8677566,-12.453122
-0.46522623,-0.8684584,-12.462153
-0.46476787,-0.86815524,-12.458375
-0.46522796,-0.8684571,-12.462159
-0.4651112,-0.86838055,-12.461237
-0.46439892,-0.86790204,-12.455119
-0.4652117,-0.86844695,-12.462042
-0.46523738,-0.8684641,-12.462249
-0.46498215,-0.86829317,-12.460133
-0.46475333,-0.8681369,-12.4581585
-0.46511728,-0.8683866,-12.461261
-0.4644816,-0.8679577,-12.455842
-0.46525174,-0.868471,-12.462343
-0.46527088,-0.8684839,-12.462499
-0.46526873,-0.8684838,-12.462482
-0.4652046,-0.8684428,-12.461982
1.1354222,0.591628,-9.351554
1.4274628,0.7792609,-11.810348
1.472406,0.8081215,-12.193298
1.4786563,0.81203145,-12.242655
1.4794493,0.8126399,-12.253705
1.4796299,0.81263936,-12.25063
1.4796016,0.8127234,-12.254434
1.4796143,0.8127227,-12.254118
1.4796551,0.81262964,-12.25023
1.479648,0.8126352,-12.250432
1.4796271,0.81270903,-12.253365
1.4795997,0.81272495,-12.254571
1.479607,0.8127246,-12.254286
1.479619,0.81271577,-12.253857
1.4796063,0.8127212,-12.2543545
1.4796358,0.8126871,-12.252435
1.4796394,0.81270397,-12.252886
1.4796212,0.8127156,-12.253854
1.4796075,0.81272244,-12.254315
1.4795846,0.812726,-12.254889
1.4796431,0.8126354,-12.250344
1.4795971,0.81272495,-12.254588
1.4796431,0.81269234,-12.252072
1.4795916,0.8127272,-12.25479
1.4796678,0.8126676,-12.25101
1.0212902,1.0644742,-8.649952
1.2730176,1.3720685,-10.988541
1.3105676,1.4191895,-11.353958
1.3158616,1.4255711,-11.402459
1.3162636,1.4266754,-11.414156
1.3163105,1.426813,-11.415631
1.316424,1.4267889,-11.414649
1.3164932,1.4267517,-11.41374
1.3162664,1.4268366,-11.416233
1.3164847,1.4267615,-11.413854
1.316474,1.4267648,-11.41404
1.3165895,1.426656,-11.411987
1.3165574,1.4266987,-11.412639
1.3164525,1.4267834,-11.414333
1.3166159,1.4266396,-11.411492
1.3163437,1.4268312,-11.415626
1.3162929,1.4268368,-11.416058
1.3163648,1.4268161,-11.415358
1.3163263,1.4268292,-11.415763
1.3163326,1.4268309,-11.415724
1.3163055,1.4268332,-11.41594
1.3163973,1.4268132,-11.415125
1.316589,1.4266734,-11.412062
1.3164742,1.4267826,-11.414142
1.3164268,1.4267955,-11.414592
2.062881,1.1405243,-6.003839
2.6068802,1.4844683,-7.823796
2.6711812,1.5435268,-8.21496
2.6648452,1.5588577,-8.354172
2.6490684,1.5777876,-8.457944
2.6412306,1.567046,-8.493582
2.6349535,1.5688655,-8.530981
2.6300728,1.5649505,-8.5460825
2.6268744,1.5767759,-8.578516
2.6285138,1.574473,-8.568261
2.626862,1.5801208,-8.57906
2.6255946,1.587664,-8.593428
2.629597,1.5772543,-8.559172
2.630832,1.5717069,-8.558272
2.6303637,1.5759094,-8.5643
2.6285691,1.5780002,-8.574461
2.6225455,1.5943928,-8.606815
2.6288712,1.5820696,-8.573151
2.62898,1.5679657,-8.560931
2.6241376,1.5837569,-8.59634
2.6273835,1.5708133,-8.566782
2.6277127,1.5641974,-8.564691
2.629896,1.5776484,-8.5685425
2.630786,1.5785723,-8.561613
2.628752,1.5848534,-8.572843
0.28977057,0.4610634,-1.4477984
0.3160227,0.8353689,-2.2583256
0.35567284,1.0551109,-2.8643367
0.43224305,1.1098993,-3.2251124
0.5133538,1.0837861,-3.4831672
0.5814586,1.1478702,-3.735611
0.5696768,1.11552,-3.735922
0.6119007,1.1053048,-3.8138862
0.6330146,1.0948607,-3.8565571
0.65437347,1.1251048,-3.9307976
0.64262336,1.1647005,-3.9434695
0.64194566,1.1703917,-3.9760711
0.64488393,1.1189947,-3.9182894
0.6209857,1.0697984,-3.8227198
0.64509857,1.1009418,-3.8899252
0.679465,1.1245432,-3.9828851
0.6614893,1.1327174,-3.9882607
0.6807063,1.162489,-4.0392523
0.64744633,1.1271832,-3.9690616
0.6559948,1.1392603,-3.9549198
0.6681786,1.1438502,-4.0230355
0.67668724,1.1775342,-4.073728
0.67904854,1.1495501,-4.0154366
0.6517649,1.1475735,-3.9792244
0.65432984,1.1745886,-3.9683144
-0.39232436,-0.600255,-4.558342
-0.44915116,-0.6235946,-6.315528
-0.39740714,-0.60005385,-6.802813
-0.33899772,-0.5479428,-7.163093
-0.31346586,-0.5544166,-7.1778326
-0.2996631,-0.5541492,-7.203525
-0.29383168,-0.5617926,-7.1390285
-0.26921025,-0.52402186,-7.3510127
-0.27226675,-0.547669,-7.247875
-0.2836997,-0.5466427,-7.248839
-0.26971164,-0.5440987,-7.279966
-0.2747017,-0.5439655,-7.2737374
-0.27650565,-0.5407731,-7.2750416
-0.2718426,-0.5365856,-7.3082175
-0.27819422,-0.53802377,-7.29834
-0.27687067,-0.54222685,-7.253558
-0.2829375,-0.55549854,-7.16443
-0.27398124,-0.5437484,-7.2586694
-0.27729824,-0.5178611,-7.3698325
-0.27372032,-0.5462227,-7.2414823
-0.26835844,-0.54179615,-7.2958
-0.26806343,-0.5336101,-7.316856
-0.2755671,-0.5199524,-7.360713
-0.26936847,-0.5397612,-7.3067737
-0.26894277,-0.5348075,-7.3079667
-0.089868024,-0.6285372,-5.6019
-0.048962813,-0.7110818,-8.03724
-0.0020498186,-0.72503024,-8.608824
0.040593896,-0.68917006,-8.967819
0.039492212,-0.7007074,-8.937542
0.060617354,-0.67136234,-9.087156
0.041973203,-0.69795203,-8.955282
0.050076533,-0.68836343,-9.017223
0.051211987,-0.6856952,-9.0285225
0.054984063,-0.683227,-9.044592
0.053259745,-0.6844224,-9.037671
0.0494146,-0.6873033,-9.017587
0.04652303,-0.6937617,-8.985274
0.05357196,-0.68540937,-9.032838
0.052018832,-0.6885707,-9.019056
0.052007746,-0.6844757,-9.034664
0.055678163,-0.67937315,-9.058801
0.048835695,-0.6904204,-9.004901
0.051176142,-0.68726313,-9.022945
0.047657494,-0.69544756,-8.980474
0.054598667,-0.68249285,-9.046858
0.052400723,-0.68770665,-9.023637
0.058767293,-0.6749747,-9.077331
0.05625077,-0.67814106,-9.06401
0.05280504,-0.68315595,-9.041398
-1.5592827,-1.482232,-5.3883085
-2.034931,-1.8645083,-7.331965
-2.128378,-1.9329677,-7.8492494
-2.1554425,-1.9430355,-8.009166
-2.1676955,-1.9423392,-8.068857
-2.1775553,-1.942645,-8.099766
-2.169416,-1.9392608,-8.094173
-2.174389,-1.9380177,-8.118126
-2.1654599,-1.9355586,-8.100052
-2.1611254,-1.9358286,-8.086316
-2.1716259,-1.9383768,-8.112337
-2.166492,-1.9370847,-8.102579
-2.1750083,-1.9404497,-8.11772
-2.1760778,-1.9397262,-8.119374
-2.1651514,-1.9378216,-8.094014
-2.1725888,-1.9373398,-8.117305
-2.184537,-1.9414034,-8.130645
-2.180148,-1.9388435,-8.13177
-2.1613772,-1.9363185,-8.089966
-2.1746693,-1.9373767,-8.1226635
-2.1775734,-1.9396707,-8.12494
-2.1670456,-1.9380945,-8.102209
-2.1759386,-1.9391718,-8.120991
-2.1750958,-1.9384105,-8.123747
-2.1581948,-1.9358184,-8.077019
0.21522565,-1.8102378,-7.5187273
0.32954642,-2.304753,-10.169558
0.4282296,-2.3902767,-10.605959
0.4528415,-2.3978496,-10.738925
0.46517235,-2.4101038,-10.720711
0.46054944,-2.4122243,-10.728705
0.46897992,-2.4105392,-10.730132
0.4641153,-2.4213238,-10.692902
0.46241045,-2.4243534,-10.681561
0.4668981,-2.4197679,-10.690665
0.4638112,-2.424699,-10.662319
0.4596023,-2.409788,-10.736742
0.46503234,-2.4237854,-10.682797
0.46604353,-2.4216814,-10.692097
0.46886155,-2.4189517,-10.690726
0.46888027,-2.4057837,-10.744815
0.4659603,-2.4247928,-10.677751
0.4651829,-2.4211493,-10.676258
0.46477652,-2.4124835,-10.7292595
0.4689938,-2.4068341,-10.748073
0.46464753,-2.422761,-10.688969
0.46165767,-2.4243662,-10.686703
0.46347123,-2.4091017,-10.737034
0.4629556,-2.416437,-10.716452
0.46191865,-2.4201736,-10.705785
1.6577394,-2.9135354,-6.2860203
2.6190128,-3.883882,-8.658551
2.754346,-4.017048,-8.871978
2.8472574,-4.068501,-9.041668
2.8378618,-4.065791,-8.992727
2.7963567,-4.052561,-8.906853
2.8488045,-4.0707912,-9.0321
2.842987,-4.0662766,-9.005126
2.840678,-4.066299,-8.995411
2.830333,-4.0640664,-8.979997
2.84851,-4.069158,-9.011485
2.8285656,-4.06235,-8.965018
2.8476999,-4.071596,-9.019719
2.8409,-4.065679,-9.002758
2.8417115,-4.066519,-9.004504
2.852179,-4.070737,-9.021443
2.8498237,-4.0697293,-9.026046
2.8224406,-4.0612807,-8.957555
2.8426435,-4.0680475,-9.006013
2.8495307,-4.068455,-9.024251
2.8276055,-4.0631957,-8.968095
2.8578148,-4.0754128,-9.044138
2.8417723,-4.0674624,-8.988324
2.845913,-4.071665,-9.011983
2.8299112,-4.0656247,-8.975237
1.7552295,-2.0823076,-8.183779
2.5438755,-2.4801939,-11.04531
2.729689,-2.4974773,-11.541773
2.8032215,-2.4888244,-11.674669
2.821704,-2.4823816,-11.700161
2.8159826,-2.4799132,-11.667796
2.8394263,-2.4879303,-11.708559
2.8328776,-2.4748414,-11.703231
2.835607,-2.4827006,-11.699693
2.8380094,-2.4759662,-11.708955
2.8202655,-2.479728,-11.635983
2.83461,-2.4887133,-11.702112
2.8340125,-2.4822133,-11.68652
2.8448887,-2.4795299,-11.69619
2.8398876,-2.4839592,-11.692763
2.8337479,-2.474556,-11.67656
2.8325891,-2.4765236,-11.692221
2.844233,-2.4817429,-11.695052
2.834983,-2.4781852,-11.694821
2.8378043,-2.4864197,-11.702994
2.843913,-2.4768813,-11.698734
2.8324585,-2.4801204,-11.692053
2.8325503,-2.482904,-11.682943
2.8412325,-2.478679,-11.708335
2.85369,-2.4783916,-11.707696
1.0051228,-0.38674095,-9.644493
1.3933505,-0.17788383,-12.98868
1.458871,-0.086995095,-13.6601095
1.468746,-0.059865072,-13.7926035
1.4582827,-0.08310461,-13.765861
1.4676394,-0.061204687,-13.807225
1.4701893,-0.055081487,-13.817969
1.4685019,-0.061179727,-13.807868
1.4682066,-0.06047134,-13.809756
1.4719278,-0.050433084,-13.8243065
1.4694191,-0.058963597,-13.811363
1.471083,-0.052439287,-13.822227
1.471782,-0.04800974,-13.8277
1.4675039,-0.06174147,-13.808954
1.4682941,-0.059719622,-13.811566
1.4618852,-0.074679315,-13.786
1.4705924,-0.0492882,-13.826456
1.469703,-0.054338157,-13.819734
1.4673464,-0.060632706,-13.808748
1.4703623,-0.055328876,-13.816569
1.4670999,-0.062476546,-13.807067
1.4708403,-0.051983103,-13.821867
1.4689106,-0.056512743,-13.816786
1.4716889,-0.050622612,-13.824458
1.464561,-0.06608474,-13.800498
2.1900053,0.5524586,-9.604439
2.9117,1.0670595,-12.9003
3.011128,1.1444528,-13.393492
3.0244012,1.1807157,-13.526107
3.024547,1.1852151,-13.545068
3.0217636,1.1728913,-13.5146475
3.0237405,1.178662,-13.530394
3.0248437,1.1828917,-13.542335
3.0245705,1.1867552,-13.549082
3.0244749,1.1838918,-13.541558
3.0231774,1.1935366,-13.563495
3.022886,1.1944098,-13.566306
3.0198054,1.1687539,-13.505066
3.023702,1.1900872,-13.558085
3.0248008,1.1880697,-13.553049
3.0225155,1.173075,-13.517174
3.024049,1.1884986,-13.554127
3.0246847,1.1816585,-13.539104
3.0220175,1.1723086,-13.513994
3.0229454,1.1935047,-13.564879
3.0212262,1.197583,-13.572232
3.0230057,1.1925589,-13.562672
3.0223384,1.174002,-13.518934
3.024032,1.1905228,-13.557067
3.0220175,1.1960986,-13.56902
3.164791,-0.19864632,-9.143501
4.0932655,-0.07367885,-11.81218
4.2404084,-0.05084862,-12.23529
4.261898,-0.047334716,-12.294999
4.2657633,-0.04670261,-12.304547
4.2659383,-0.052718908,-12.290727
4.2671523,-0.04843846,-12.298177
4.265579,-0.055467233,-12.276961
4.2662897,-0.05332558,-12.280854
4.2677503,-0.046582967,-12.300617
4.2669287,-0.042502314,-12.310817
4.269166,-0.052857533,-12.2873125
4.268537,-0.051074877,-12.2916355
4.2687645,-0.049547806,-12.294726
4.268495,-0.04737641,-12.3011265
4.267329,-0.04315193,-12.309987
4.2696853,-0.052026436,-12.29032
4.272184,-0.056431457,-12.279497
4.2712493,-0.054697946,-12.2811365
4.270103,-0.050599262,-12.292938
4.2705655,-0.050715685,-12.292355
4.2711754,-0.057620123,-12.275052
4.266457,-0.040198505,-12.315335
4.268607,-0.044657126,-12.307332
4.2669845,-0.04245214,-12.312615
2.1244266,-1.5348436,-7.9098225
2.7516773,-2.075759,-10.362369
2.791124,-2.259324,-10.770228
2.7552233,-2.3280132,-10.807665
2.7317274,-2.3603706,-10.799697
2.7215254,-2.3773072,-10.785769
2.714962,-2.4028199,-10.769682
2.712951,-2.4135635,-10.76199
2.714396,-2.406,-10.763729
2.7134187,-2.4144552,-10.757696
2.7141652,-2.410848,-10.756413
2.7114549,-2.3853106,-10.74416
2.7108622,-2.4091861,-10.74656
2.7105336,-2.4184387,-10.744111
2.7112975,-2.4001002,-10.745735
2.7101882,-2.4198453,-10.740357
2.7115023,-2.4083796,-10.747292
2.7087607,-2.4033847,-10.733264
2.7096338,-2.413587,-10.739139
2.709262,-2.427192,-10.738447
2.7110329,-2.4147208,-10.741795
2.710581,-2.4165154,-10.742248
2.7081163,-2.443686,-10.729946
2.7110462,-2.4244065,-10.741325
2.7122247,-2.4160016,-10.744147
0.49088278,-2.7495782,-6.215502
0.25375703,-3.8455553,-7.454893
0.0938216,-4.127656,-7.5047016
0.06114597,-4.1893196,-7.5152698
0.0542576,-4.193087,-7.4592805
0.059369907,-4.2052865,-7.51431
0.03938587,-4.1911592,-7.406695
0.043812167,-4.196652,-7.435846
0.0368378,-4.1741033,-7.364645
0.04083161,-4.1877112,-7.406817
0.037883982,-4.1895103,-7.404886
0.04266338,-4.201699,-7.4507356
0.037367888,-4.1917453,-7.4019217
0.03718569,-4.192958,-7.41087
0.05299736,-4.203017,-7.480484
0.054256726,-4.2081256,-7.518795
0.046341844,-4.201397,-7.464469
0.048961163,-4.2064137,-7.495034
0.042644102,-4.1915083,-7.419025
0.041967962,-4.193874,-7.4229627
0.04704871,-4.202359,-7.465339
0.0545504,-4.205296,-7.5006104
0.051773172,-4.199652,-7.4631805
0.05464087,-4.2013397,-7.4846773
0.047614567,-4.200756,-7.4618654
-1.7719184,-1.4388864,-4.5773864
-2.3923507,-1.6476582,-5.3915396
-2.6320834,-1.6320707,-5.365502
-2.64905,-1.6226534,-5.3642373
-2.7042978,-1.6464033,-5.3009686
-2.6742475,-1.6182842,-5.33453
-2.6760902,-1.6344858,-5.326933
-2.6666892,-1.6332517,-5.337095
-2.6508439,-1.6246916,-5.3496637
-2.6984684,-1.6317098,-5.2936645
-2.7041626,-1.6241575,-5.2786994
-2.7010665,-1.6386719,-5.2920623
-2.6466975,-1.6169193,-5.345655
-2.714357,-1.6305536,-5.276714
-2.6324859,-1.6099075,-5.357994
-2.6234305,-1.6202447,-5.3822346
-2.7093801,-1.6503612,-5.2953544
-2.7045763,-1.6409347,-5.2860813
-2.6835763,-1.634896,-5.31965
-2.719905,-1.6221144,-5.253743
-2.6834059,-1.6226525,-5.3105206
-2.67046,-1.6348553,-5.345945
-2.6834452,-1.6224353,-5.326103
-2.6900427,-1.6354916,-5.314791
-2.7144275,-1.6112096,-5.274426
-0.2500071,0.52038497,-7.053711
-0.3311401,0.75705504,-8.967994
-0.3360506,0.82180303,-9.316805
-0.34096706,0.8553753,-9.379803
-0.3940028,0.8068652,-9.332371
-0.38446063,0.8248765,-9.348148
-0.39828715,0.8053099,-9.3346195
-0.38722932,0.8396588,-9.349765
-0.40531027,0.80335647,-9.323968
-0.38080359,0.83891416,-9.354158
-0.37753692,0.84918,-9.357735
-0.3914788,0.8198017,-9.342543
-0.38154846,0.8511052,-9.359592
-0.400866,0.81100756,-9.328296
-0.35642728,0.8644967,-9.381098
-0.39283457,0.84134483,-9.358103
-0.4050531,0.80732703,-9.3235655
-0.40427467,0.81238693,-9.3348
-0.3921724,0.81816405,-9.343527
-0.36461967,0.85610485,-9.378491
-0.37848747,0.8414364,-9.363745
-0.39999536,0.79877144,-9.3303175
-0.3976944,0.8110513,-9.3352375
-0.38449365,0.83487886,-9.361243
-0.37899357,0.8481003,-9.362706
1.8585316,1.9402621,-5.650174
2.3748963,2.4436946,-7.1601744
2.502703,2.586431,-7.3256454
2.5181031,2.570102,-7.4383526
2.533164,2.6015708,-7.4001284
2.5343316,2.6071153,-7.383937
2.5315194,2.6056638,-7.3832874
2.5280316,2.6111407,-7.3673706
2.5309792,2.6113782,-7.366865
2.5323048,2.6018791,-7.403857
2.5304508,2.591453,-7.422142
2.5318112,2.601288,-7.4027195
2.5245733,2.622302,-7.323409
2.534189,2.6075075,-7.3864594
2.5233052,2.5720637,-7.4451914
2.536705,2.6070113,-7.391227
2.5321424,2.6142263,-7.36281
2.5373263,2.5912483,-7.4319687
2.5346785,2.6000018,-7.4050865
2.5308223,2.600952,-7.393429
2.5305612,2.612123,-7.3668823
2.532968,2.5919807,-7.4228706
2.5236683,2.6222677,-7.3229322
2.5138903,2.5491903,-7.4718714
2.529868,2.6093836,-7.3708973
1.8580306,1.7332184,-6.728006
2.6398623,2.3595443,-8.482841
2.8493872,2.5127704,-8.765569
2.9014304,2.5407047,-8.819444
2.9166937,2.552891,-8.826997
2.9424155,2.5523958,-8.863856
2.9631224,2.5326393,-8.952667
2.9054198,2.5423706,-8.805875
2.9120522,2.5450778,-8.817666
2.920857,2.5528479,-8.828501
2.9091256,2.5481324,-8.81016
2.9503522,2.5471046,-8.89488
2.9301898,2.5518856,-8.845852
2.9411538,2.5490005,-8.874914
2.9417565,2.5494144,-8.868045
2.9516876,2.542943,-8.906436
2.936086,2.552325,-8.840888
2.9611845,2.536548,-8.933855
2.9298677,2.5499108,-8.847945
2.9368863,2.5548265,-8.853479
2.9457607,2.5487368,-8.874284
2.9296956,2.552237,-8.828514
2.9333532,2.5503747,-8.855753
2.9234455,2.548664,-8.8367605
2.9458344,2.551283,-8.880894
-0.9692839,1.2204651,-7.1902757
-1.4798865,1.633884,-9.112083
-1.5766594,1.6924808,-9.369571
-1.6404805,1.6910536,-9.441272
-1.643199,1.6847103,-9.409167
-1.6572326,1.6875908,-9.432849
-1.6570022,1.6859668,-9.421383
-1.656826,1.6848061,-9.418177
-1.6558965,1.6826965,-9.409295
-1.6589729,1.686816,-9.434375
-1.6580878,1.6844797,-9.420694
-1.6565543,1.6838274,-9.41093
-1.658859,1.6849897,-9.424808
-1.6553168,1.6823541,-9.412387
-1.6530244,1.680377,-9.404901
-1.6612322,1.6870741,-9.455156
-1.6611269,1.6871153,-9.447634
-1.6587031,1.6865383,-9.430969
-1.6568843,1.6835978,-9.418515
-1.6611243,1.6869668,-9.445107
-1.660793,1.6861224,-9.431603
-1.6595359,1.6860996,-9.439001
-1.6577659,1.6850511,-9.41745
-1.6542205,1.680783,-9.4070425
-1.6607647,1.6872463,-9.428743
-1.1356285,1.4672323,-7.753279
-1.6562988,1.940816,-9.798093
-1.80826,2.0009823,-10.10601
-1.8550577,2.0038495,-10.145511
-1.878822,2.003521,-10.159649
-1.8806459,2.0017128,-10.155261
-1.8836385,2.0021236,-10.159412
-1.8744553,1.9953855,-10.142481
-1.8789775,1.9980184,-10.147367
-1.881975,2.0008938,-10.153384
-1.8778168,1.9975275,-10.144406
-1.8824768,2.0016477,-10.154535
-1.8744621,1.9953059,-10.141193
-1.8846921,2.0020678,-10.159043
-1.8814185,2.0004082,-10.151429
-1.8798168,1.9977204,-10.145467
-1.8858052,2.0032103,-10.160867
-1.8787732,1.9975933,-10.147082
-1.8765093,1.9944829,-10.139867
-1.8817242,2.0001216,-10.152051
-1.8803855,1.9985913,-10.150031
-1.8827378,2.0009181,-10.152178
-1.8807118,1.9995533,-10.147812
-1.8834406,2.0016894,-10.155652
-1.8812644,2.0001915,-10.151647
1.041222,0.124695644,-10.055141
1.8731287,0.35051218,-12.801783
2.328355,0.47262636,-13.198773
2.4858072,0.51217353,-13.259595
2.5132623,0.5172026,-13.2590685
2.5367947,0.52386427,-13.281825
2.54921,0.51838624,-13.272507
2.536202,0.52055943,-13.269468
2.5481029,0.5175066,-13.2715845
2.5382664,0.52865195,-13.297951
2.536544,0.52204096,-13.269647
2.5489967,0.5260931,-13.289762
2.5519571,0.5087093,-13.253321
2.5436282,0.51062477,-13.250812
2.538411,0.51697266,-13.265447
2.54914,0.52426255,-13.283315
2.542857,0.5209327,-13.269893
2.532988,0.5177926,-13.27075
2.5349796,0.52040195,-13.277418
2.5426073,0.5210326,-13.272878
2.5510252,0.5188018,-13.27724
2.5300636,0.51843596,-13.265541
2.5357301,0.51897264,-13.271363
2.553051,0.5221777,-13.281287
2.5360591,0.51709795,-13.269644
-0.10145919,-1.2584057,-10.134457
-0.42190596,-1.6521726,-12.894853
-0.61364806,-1.8311182,-13.393793
-0.6463559,-1.8067,-13.462522
-0.67831,-1.8510149,-13.462422
-0.7038297,-1.8623954,-13.451882
-0.6681249,-1.7846007,-13.48188
-0.7012625,-1.8663048,-13.446165
-0.70155656,-1.8669171,-13.476132
-0.66676223,-1.7652078,-13.481307
-0.69330895,-1.8557857,-13.46076
-0.6752378,-1.7874405,-13.474425
-0.6879073,-1.8103483,-13.463044
-0.68456244,-1.8090743,-13.457961
-0.69593716,-1.8109264,-13.469636
-0.70247805,-1.8603821,-13.469828
-0.6482963,-1.7339065,-13.4778385
-0.66936255,-1.7764887,-13.48657
-0.6832541,-1.8248312,-13.468277
-0.68653405,-1.847471,-13.4845085
-0.67898834,-1.8186444,-13.483667
-0.6799282,-1.8125529,-13.474185
-0.69609416,-1.8865703,-13.461737
-0.6767519,-1.7943124,-13.463502
-0.69705176,-1.8704883,-13.472557
-1.3949479,-1.9053715,-9.709648
-1.9570655,-2.4289746,-12.1923485
-2.0574417,-2.5034628,-12.533453
-2.1194851,-2.5730488,-12.606619
-2.1253288,-2.5657477,-12.594146
-2.1331532,-2.5774956,-12.590821
-2.152096,-2.6057181,-12.611001
-2.1673915,-2.6336699,-12.623991
-2.1380963,-2.5688894,-12.560106
-2.161475,-2.6226149,-12.6127615
-2.1653912,-2.6202493,-12.609199
-2.1529956,-2.5965168,-12.587416
-2.140033,-2.5743012,-12.566738
-2.1474802,-2.5845563,-12.570706
-2.155045,-2.604222,-12.595375
-2.1624644,-2.6181455,-12.606936
-2.170756,-2.6345181,-12.621216
-2.1557102,-2.5975037,-12.586366
-2.163532,-2.609574,-12.591861
-2.1553905,-2.595971,-12.58061
-2.1661978,-2.6169868,-12.602073
-2.1670146,-2.6191912,-12.602278
-2.1648476,-2.6140718,-12.598215
-2.1611013,-2.6182623,-12.605013
-2.1643102,-2.6265647,-12.610784
-1.7866523,-3.1801171,-7.694081
-2.5381453,-4.130976,-9.249503
-2.7634954,-4.321176,-9.325137
-2.8027527,-4.379127,-9.342526
-2.7522779,-4.363256,-9.488312
-2.844328,-4.354253,-9.289682
-2.729646,-4.36951,-9.519574
-2.8341572,-4.3616924,-9.32777
-2.8367176,-4.366973,-9.308697
-2.8357053,-4.3751793,-9.2854
-2.81496,-4.3689184,-9.341344
-2.7133548,-4.375483,-9.544358
-2.8113914,-4.374412,-9.340207
-2.8494337,-4.380401,-9.256547
-2.7516162,-4.366128,-9.487994
-2.8418493,-4.3641243,-9.268933
-2.876017,-4.3572497,-9.204922
-2.8309197,-4.3791285,-9.3119545
-2.8753586,-4.3511267,-9.21991
-2.898508,-4.33253,-9.155735
-2.8376973,-4.3770823,-9.297083
-2.8804405,-4.350406,-9.212645
-2.8750796,-4.3699946,-9.234299
-2.8688307,-4.3589444,-9.255518
-2.8839886,-4.3596425,-9.181067
-1.5388047,-4.2157936,-3.06829
-2.1262913,-5.305993,-3.3853
-2.2587714,-5.5375557,-3.334904
-2.2556949,-5.5898023,-3.2095656
-2.2934835,-5.6096125,-3.3544106
-2.2829528,-5.616935,-3.298319
-2.2537105,-5.6027455,-3.2088995
-2.282583,-5.6155405,-3.2858064
-2.2831087,-5.6174617,-3.287061
-2.2756588,-5.616346,-3.2893724
-2.2533846,-5.595056,-3.2090173
-2.275482,-5.619209,-3.296383
-2.2731588,-5.611197,-3.2432225
-2.2618327,-5.608027,-3.2274516
-2.2691913,-5.614254,-3.26818
-2.274256,-5.611157,-3.2576823
-2.2831,-5.6184897,-3.3378778
-2.28515,-5.6200786,-3.3151948
-2.2943544,-5.619949,-3.3412776
-2.292266,-5.6214495,-3.3436892
-2.2758932,-5.615448,-3.2825108
-2.2863212,-5.619279,-3.2764835
-2.2921638,-5.619526,-3.313087
-2.277694,-5.6193867,-3.2812192
-2.2702937,-5.6125755,-3.2583866
0.8516822,-4.103351,-4.383133
1.2058461,-5.257016,-4.820259
1.3517871,-5.4462423,-4.7765517
1.3851433,-5.4923716,-4.619253
1.4037745,-5.4656816,-4.7372384
1.3970578,-5.485575,-4.673451
1.3976429,-5.4846377,-4.657773
1.4000349,-5.4996324,-4.6398697
1.400357,-5.492278,-4.673142
1.4054434,-5.4960585,-4.68635
1.399096,-5.4846997,-4.676574
1.4085193,-5.485328,-4.75003
1.3894067,-5.492926,-4.5813246
1.4063237,-5.490106,-4.723504
1.4050851,-5.4790225,-4.7285013
1.4088049,-5.4788656,-4.733581
1.4106827,-5.4865,-4.7404137
1.4106169,-5.46647,-4.7539897
1.4096103,-5.480706,-4.730697
1.3965497,-5.4962173,-4.6270866
1.403974,-5.495021,-4.697986
1.4003284,-5.4926796,-4.6640573
1.399262,-5.4961624,-4.639536
1.40855,-5.4761114,-4.7180557
1.4014878,-5.5001435,-4.6546617
2.0277257,-3.5089788,-6.2536254
2.8442452,-4.338576,-7.9864087
3.0760472,-4.451443,-8.314269
3.1211107,-4.4679523,-8.326292
3.0848668,-4.470019,-8.409346
3.0711095,-4.468963,-8.405175
3.0974557,-4.4714656,-8.365522
3.124576,-4.4733267,-8.363643
3.1077576,-4.4685063,-8.402935
3.1154017,-4.4635224,-8.367836
3.0991626,-4.4719577,-8.391898
3.0790284,-4.467658,-8.428757
3.1123111,-4.468307,-8.395432
3.093523,-4.4751368,-8.395776
3.0781262,-4.4722347,-8.403538
3.0993645,-4.4669642,-8.407463
3.098837,-4.469983,-8.368412
3.1294353,-4.4723787,-8.341373
3.1248093,-4.4736214,-8.345583
3.0813892,-4.4731817,-8.403462
3.106301,-4.471747,-8.396061
3.1054394,-4.472173,-8.388181
3.1202831,-4.46852,-8.374784
3.0870311,-4.4697385,-8.399986
3.0846348,-4.468451,-8.412198
2.5525496,-0.15406674,-10.350087
3.5567687,0.283931,-13.880971
3.7662299,0.4666498,-14.560903
3.8026495,0.5128325,-14.660024
3.8093739,0.53798354,-14.7094755
3.8132339,0.54087293,-14.704294
3.818726,0.54701674,-14.701012
3.820115,0.5502362,-14.708739
3.8270352,0.55505335,-14.696222
3.8222327,0.55224013,-14.709743
3.8320868,0.55400944,-14.681745
3.8224723,0.5512383,-14.709597
3.820581,0.55236685,-14.713438
3.8182573,0.5530164,-14.717681
3.821855,0.5509654,-14.706954
3.831893,0.55605423,-14.685476
3.8199503,0.5524682,-14.711962
3.8256836,0.5532129,-14.70241
3.8269994,0.5531709,-14.696618
3.8244147,0.55504334,-14.710408
3.832495,0.55352163,-14.682806
3.8179283,0.5510745,-14.716411
3.8232746,0.5522889,-14.706123
3.8216856,0.55399287,-14.712635
3.823453,0.5556629,-14.709147
0.8804732,2.258417,-9.825538
1.2680396,3.2549598,-12.8177
1.35683,3.513259,-13.401997
1.3866204,3.5488646,-13.539899
1.3874193,3.5901642,-13.562884
1.4021362,3.5756302,-13.593976
1.3880506,3.6116977,-13.570634
1.3859053,3.6172056,-13.568726
1.3939191,3.6079817,-13.579046
1.4009645,3.597966,-13.591849
1.3861489,3.6201618,-13.56848
1.4009024,3.6006143,-13.589356
1.3955045,3.6087093,-13.583534
1.3987217,3.60373,-13.588373
1.3902043,3.6153755,-13.574876
1.3938333,3.6143363,-13.578899
1.405474,3.593114,-13.596914
1.3938137,3.6116927,-13.57893
1.3828292,3.6263788,-13.562422
1.3877015,3.6210823,-13.568899
1.3925794,3.6137803,-13.577547
1.3849593,3.6233552,-13.565961
1.3876544,3.621736,-13.5680275
1.3906885,3.61776,-13.572087
1.4027753,3.5967453,-13.592925
-2.2008634,0.9245585,-6.694918
-2.9740057,1.2114912,-8.090562
-3.1381183,1.2606821,-8.35721
-3.1677566,1.2710261,-8.416157
-3.1852129,1.2589135,-8.433718
-3.189885,1.2772673,-8.439718
-3.1876085,1.2834378,-8.439294
-3.1869109,1.2846816,-8.4450655
-3.190713,1.2880156,-8.444471
-3.1875916,1.2547717,-8.450888
-3.191993,1.2753142,-8.448301
-3.1934977,1.2680154,-8.444266
-3.1858363,1.2757524,-8.44705
-3.1905346,1.2872787,-8.440403
-3.1866488,1.2930586,-8.439584
-3.1871824,1.2795907,-8.443784
-3.1928048,1.2741599,-8.442745
-3.1871498,1.2924112,-8.44427
-3.1874068,1.2812678,-8.444507
-3.1919756,1.2835307,-8.444024
-3.1871088,1.2523234,-8.446538
-3.187576,1.2818371,-8.445159
-3.1918032,1.2850064,-8.44471
-3.1903868,1.2875724,-8.4427
-3.190236,1.2738018,-8.447439
-2.6397352,0.24245521,-1.6178787
-3.4412506,0.22991297,-1.6432525
-3.5866354,0.18008187,-1.569466
-3.5796492,0.13637054,-1.6047027
-3.6029377,0.13678846,-1.5156578
-3.6390374,0.15250766,-1.4544125
-3.6087918,0.1291076,-1.509533
-3.624646,0.13685992,-1.4757161
-3.611059,0.12843782,-1.4810549
-3.6331902,0.14503846,-1.4742604
-3.6206076,0.13614714,-1.5156453
-3.6159952,0.13085306,-1.454736
-3.612242,0.12867197,-1.4906169
-3.6103668,0.13015035,-1.547374
-3.6353068,0.14771754,-1.4654435
-3.6131217,0.13223553,-1.5227973
-3.6122282,0.13134283,-1.5198965
-3.6076536,0.12731197,-1.5234106
-3.6336155,0.14545512,-1.4619176
-3.619168,0.13547164,-1.4812936
-3.6181037,0.13306054,-1.4972239
-3.5776532,0.10111064,-1.6109273
-3.6160715,0.13183495,-1.5269303
-3.63453,0.14463189,-1.4402008
-3.615888,0.13023585,-1.5040815
-2.629812,-0.93979466,-6.2403836
-3.3816702,-1.6322775,-7.3403134
-3.5331569,-1.8718455,-7.4657845
-3.6290834,-1.9287658,-7.5096555
-3.6511376,-1.9474355,-7.5286984
-3.6555574,-1.9605653,-7.517342
-3.6581519,-1.9641073,-7.521006
-3.5996976,-2.0189555,-7.4952173
-3.628079,-1.992038,-7.506221
-3.6509657,-1.9714273,-7.505442
-3.6355217,-1.9886565,-7.4969697
-3.6577392,-1.9661891,-7.5620847
-3.6127276,-2.0145783,-7.508329
-3.6168995,-2.0053308,-7.516527
-3.599667,-2.0234652,-7.469551
-3.6544912,-1.9679027,-7.5266986
-3.6267917,-1.995941,-7.504001
-3.6510582,-1.9692715,-7.53282
-3.6514924,-1.9740671,-7.530032
-3.6502051,-1.9734356,-7.527214
-3.6318643,-1.9928187,-7.5163755
-3.641953,-1.9824996,-7.533689
-3.6217947,-2.0030246,-7.504884
-3.6589932,-1.9689277,-7.516423
-3.6550255,-1.969655,-7.541072
-0.42182112,-3.3165927,-4.648226
-0.31397784,-4.65726,-5.1326075
-0.16181332,-4.9931636,-5.1279097
-0.10407745,-4.9756947,-5.154686
-0.084992394,-4.9624305,-5.1560965
-0.08108045,-4.955077,-5.13492
-0.044819187,-5.0100865,-5.173476
-0.047743283,-5.002126,-5.168502
-0.08240968,-4.949839,-5.1516
-0.08873727,-4.9273944,-5.1592827
-0.08698483,-4.9211717,-5.1735725
-0.05121944,-4.997654,-5.151985
-0.052794244,-4.9971933,-5.1528473
-0.07284293,-4.9576173,-5.156101
-0.077107765,-4.949936,-5.157832
-0.083340645,-4.9310055,-5.1641455
-0.08207063,-4.9320564,-5.169899
-0.06642554,-4.969711,-5.136649
-0.08257645,-4.9343853,-5.1514263
-0.05685736,-4.9783936,-5.1566
-0.09143216,-4.912118,-5.1624336
-0.07014124,-4.959102,-5.1514025
-0.06353155,-4.977038,-5.1657553
-0.054464895,-4.987743,-5.1588373
-0.07555327,-4.955422,-5.1572
0.6981199,-3.4453945,-4.7267222
0.91210365,-4.524134,-5.4384384
0.9586773,-4.829961,-5.4406443
0.95753646,-4.8834405,-5.4512014
0.9446669,-4.871615,-5.4773626
0.948275,-4.8941336,-5.4625297
0.92765546,-4.8448443,-5.5087314
0.9444927,-4.8907185,-5.468525
0.9590228,-4.909829,-5.443688
0.9446537,-4.8856263,-5.4735775
0.953049,-4.909006,-5.443676
0.9373616,-4.8798523,-5.477078
0.94514555,-4.8869367,-5.4693594
0.9461973,-4.8957686,-5.464309
0.955094,-4.9095383,-5.4397144
0.9591768,-4.9117875,-5.440608
0.9534288,-4.9032097,-5.4517317
0.9497576,-4.90125,-5.4511633
0.9442186,-4.8828917,-5.47581
0.94503814,-4.8900137,-5.4653735
0.93308,-4.8669367,-5.493066
0.9418565,-4.8798842,-5.479583
0.94514114,-4.8886657,-5.4720354
0.9326353,-4.8682976,-5.488894
0.9416241,-4.8867702,-5.470398
2.0816162,-1.9214436,-5.922669
2.7038815,-2.4204407,-7.1318994
2.901624,-2.5861044,-7.1815066
2.9547439,-2.6407518,-7.1461744
2.9695475,-2.656683,-7.115337
2.957552,-2.6429515,-7.1303396
2.9642465,-2.6587572,-7.117946
2.9625776,-2.6570816,-7.1191916
2.958958,-2.6198988,-7.195879
2.9450834,-2.6131067,-7.1873856
2.955568,-2.6410418,-7.151579
2.962973,-2.657713,-7.107239
2.9440186,-2.6468987,-7.1199455
2.9677854,-2.6539445,-7.106411
2.9314444,-2.626699,-7.142624
2.9556787,-2.6316257,-7.1695094
2.957299,-2.6298528,-7.1448746
2.9386835,-2.6311364,-7.147767
2.9570506,-2.642911,-7.1260314
2.9556692,-2.6323047,-7.1399074
2.9507217,-2.6469178,-7.126578
2.9239514,-2.6166186,-7.1652813
2.969133,-2.63806,-7.159592
2.9523766,-2.607377,-7.2198553
2.964016,-2.6368475,-7.1695423
2.1279306,-0.01612994,-7.2498336
2.6365721,0.20439766,-9.326325
2.7914863,0.32133758,-9.784984
2.8410141,0.35382193,-9.844373
2.8072696,0.37409687,-9.904971
2.8306532,0.3722785,-9.889003
2.8684356,0.36582184,-9.822313
2.8393965,0.3668105,-9.854357
2.830806,0.3749681,-9.907374
2.8698869,0.36271,-9.796288
2.7553716,0.39913,-10.011103
2.8622398,0.36012012,-9.8017025
2.8252075,0.37528342,-9.909285
2.802778,0.38432544,-9.951821
2.8565671,0.36393118,-9.823491
2.8382728,0.37060386,-9.874537
2.8412127,0.37159944,-9.884418
2.8434272,0.36747706,-9.859984
2.8438368,0.3688593,-9.860534
2.844717,0.36725414,-9.858396
2.7647805,0.39659286,-10.00076
2.8547144,0.36773312,-9.85291
2.8037932,0.38296217,-9.954615
2.8014894,0.3838743,-9.960455
2.8195994,0.37317705,-9.902714
0.13217828,2.842835,-4.199671
-0.12697133,3.9561317,-6.0223207
-0.26251087,4.3562684,-6.4397383
-0.30713105,4.4439654,-6.6077213
-0.31174895,4.4721994,-6.558762
-0.32451203,4.4793115,-6.610246
-0.33137766,4.488055,-6.609335
-0.3214336,4.4748335,-6.6153603
-0.3346687,4.463059,-6.7358785
-0.3287086,4.4847054,-6.6203933
-0.3363499,4.4742565,-6.7212553
-0.32722786,4.4748564,-6.66925
-0.33375025,4.4831567,-6.660196
-0.3331254,4.4763656,-6.677592
-0.32765442,4.471254,-6.6798277
-0.3225908,4.4738073,-6.635802
-0.3318697,4.4854007,-6.63465
-0.32616025,4.4805346,-6.6145077
-0.3327281,4.4788322,-6.668756
-0.32103398,4.4765825,-6.608886
-0.32745153,4.4814625,-6.6155224
-0.33097535,4.473903,-6.6843853
-0.33459,4.481089,-6.6653247
-0.32508674,4.483122,-6.5949197
-0.3219322,4.4790397,-6.5894423
0.33154422,2.4114373,1.5236837
0.38806927,3.2130997,2.3671393
0.4257534,3.3626547,2.5197167
0.3965053,3.4284317,2.4906015
0.36500007,3.4686368,2.4345276
0.3873151,3.4481156,2.504068
0.39559472,3.4374628,2.554915
0.36687946,3.4706936,2.5237732
0.37091953,3.4702744,2.5020313
0.38173473,3.4591162,2.449675
0.39233196,3.442201,2.5495598
0.3736307,3.4673452,2.4485855
0.3716731,3.4677022,2.4311788
0.37526977,3.4616404,2.4748106
0.37809765,3.4619412,2.469996
0.39191008,3.4344432,2.578854
0.38609987,3.445087,2.557965
0.3646832,3.4731169,2.4010792
0.36480314,3.470177,2.5040877
0.37963712,3.4583654,2.500078
0.37713498,3.4627862,2.4347122
0.38705015,3.4490478,2.5107274
0.3947295,3.4447858,2.500548
0.38832706,3.449404,2.492083
0.38702697,3.4514632,2.4655862
0.23119798,2.4530244,2.0443301
0.25318688,3.3107576,2.5597417
0.26492617,3.5354233,2.7877867
0.2868754,3.5685341,2.7783856
0.27434328,3.5913403,2.8058283
0.27640545,3.592598,2.801649
0.2806638,3.5889368,2.788332
0.28031296,3.5929453,2.786664
0.28964227,3.5850446,2.7456326
0.30151126,3.5771456,2.7175095
0.30247065,3.5752435,2.7329009
0.2858138,3.5865533,2.7538092
0.29958254,3.5757995,2.757021
0.28152117,3.5930314,2.7776957
0.29824492,3.5786188,2.697406
0.2956591,3.57722,2.7950068
0.30695447,3.5703006,2.7302563
0.28576896,3.590946,2.737687
0.29310325,3.580003,2.7544925
0.2952871,3.582165,2.7240586
0.28555143,3.5871444,2.7944953
0.28019053,3.5889196,2.7737606
0.3004621,3.5731897,2.7977722
0.28699937,3.5886583,2.7358513
0.30200627,3.5746868,2.7559724
0.21952803,3.172811,0.23172554
0.26279002,4.1807637,0.6644929
0.32097405,4.3126493,0.82997423
0.3418355,4.3385205,1.0029435
0.36473343,4.310317,0.9874094
0.3682529,4.313274,0.9907072
0.36278194,4.326297,1.0075603
0.3689333,4.314851,0.99795073
0.37077776,4.3082466,1.0029619
0.36751264,4.3131123,1.0074048
0.36078885,4.3286786,1.0060287
0.3677395,4.311809,1.0379684
0.3601698,4.327319,1.016434
0.37421435,4.295256,1.0038917
0.36164838,4.327662,1.0077221
0.36572668,4.3185716,1.0072441
0.36900783,4.3156915,0.978823
0.37247458,4.3105903,0.97798556
0.3628208,4.3263545,1.0232036
0.35828054,4.3324213,1.0512934
0.36846054,4.321957,1.0139532
0.37023142,4.308907,1.009335
0.3550809,4.346402,1.0194275
0.3639179,4.322492,1.0137336
0.36183318,4.330971,0.9970642
-1.0512273,4.447341,-5.2668295
-1.582778,5.936203,-7.0090156
-1.6922435,6.2416306,-7.4313993
-1.7075119,6.2670946,-7.451242
-1.7115984,6.278866,-7.4731317
-1.7119823,6.289381,-7.501288
-1.7104552,6.266346,-7.450589
-1.7114228,6.276182,-7.470351
-1.7115687,6.289875,-7.5027237
-1.7132498,6.2951536,-7.5229907
-1.7114251,6.2913933,-7.509525
-1.7113694,6.276531,-7.472203
-1.7102594,6.279995,-7.48114
-1.7142072,6.297515,-7.529264
-1.7123678,6.296196,-7.5231714
-1.7122245,6.2798195,-7.4738545
-1.7105681,6.283478,-7.4952564
-1.709916,6.2849245,-7.4919214
-1.7130561,6.295454,-7.521828
-1.7104839,6.253829,-7.430514
-1.7116202,6.28148,-7.4858994
-1.7109115,6.2898083,-7.5029373
-1.7101938,6.2784853,-7.478736
-1.7111175,6.2913914,-7.5071607
-1.7119073,6.282995,-7.482175
-1.908756,3.2340896,-6.1383047
-2.8282647,4.594703,-8.102526
-2.9933503,4.838846,-8.435706
-3.008346,4.8481746,-8.4718075
-3.0251563,4.8728437,-8.493353
-3.0503902,4.9147215,-8.519706
-3.0368142,4.902304,-8.515895
-3.0364203,4.903944,-8.506339
-3.0277975,4.8792143,-8.491297
-3.032764,4.8903055,-8.4987755
-3.0253778,4.8717756,-8.494816
-3.018427,4.874655,-8.500963
-3.053133,4.920701,-8.522932
-3.023933,4.873483,-8.490587
-3.019642,4.8672,-8.489221
-3.0278976,4.890046,-8.504678
-3.048511,4.9154286,-8.52395
-3.0205212,4.872619,-8.491121
-3.0137088,4.8560057,-8.484671
-3.0254302,4.8879976,-8.511746
-3.0087855,4.838337,-8.473197
-3.0212483,4.8833103,-8.509633
-3.0332851,4.895423,-8.518681
-3.0358744,4.8984437,-8.506415
-3.0554698,4.9245033,-8.516742
-0.51315403,-2.0710347,-7.810215
-0.55261856,-2.7366269,-10.094982
-0.525401,-2.8899062,-10.520109
-0.48516163,-2.911715,-10.535294
-0.48328754,-2.9243517,-10.581558
-0.4762504,-2.9224355,-10.571407
-0.4934866,-2.9364839,-10.640233
-0.46442887,-2.9283187,-10.5648575
-0.48178667,-2.9131784,-10.576438
-0.47565508,-2.924517,-10.582686
-0.51090395,-2.9274251,-10.6665125
-0.46042502,-2.9269285,-10.557338
-0.479374,-2.9281585,-10.597472
-0.45642847,-2.912998,-10.538095
-0.45926535,-2.9298925,-10.561538
-0.4458153,-2.935976,-10.54501
-0.44888803,-2.9226577,-10.537702
-0.45472535,-2.9246747,-10.540134
-0.48102054,-2.9339879,-10.611387
-0.4711682,-2.9347231,-10.58949
-0.46665797,-2.9374027,-10.59007
-0.5028958,-2.9372885,-10.669608
-0.49084643,-2.9179342,-10.601015
-0.48681635,-2.9247823,-10.611529
-0.46089324,-2.9081898,-10.527854
0.400592,-3.8717797,-3.542492
0.8541221,-5.09206,-3.781901
0.9986717,-5.368796,-3.7598023
1.0165865,-5.4016366,-3.800966
1.032129,-5.425101,-3.7827122
1.0480102,-5.442837,-3.7330847
1.0292182,-5.4286537,-3.7976606
1.0542024,-5.444463,-3.7095134
1.0586337,-5.44561,-3.6883378
1.037994,-5.439538,-3.7742057
1.0402371,-5.4390125,-3.7555923
1.04214,-5.439764,-3.7633178
1.0297294,-5.4312396,-3.7954078
1.0294126,-5.431494,-3.7948987
1.0371782,-5.4394298,-3.7732565
1.0378522,-5.4332776,-3.7692108
1.0276953,-5.430754,-3.8025796
1.0372212,-5.433416,-3.7730055
1.0423788,-5.438478,-3.7575796
1.0502621,-5.44412,-3.721627
1.0367562,-5.438778,-3.7778885
1.0502925,-5.443947,-3.722365
1.0476849,-5.4421773,-3.731283
1.0257612,-5.429221,-3.8151922
1.0371336,-5.4385715,-3.7808764
0.48111275,-4.037617,-3.1358185
0.915506,-5.247314,-3.2669578
1.0292056,-5.482688,-3.293953
1.0615766,-5.533119,-3.2983632
1.0706038,-5.5439677,-3.2969437
1.069137,-5.546443,-3.3141522
1.0735773,-5.5443587,-3.2943735
1.0733783,-5.548955,-3.3108335
1.0709736,-5.5483875,-3.3211508
1.0756043,-5.547329,-3.2926574
1.0673208,-5.540274,-3.31987
1.0651978,-5.541431,-3.3360639
1.0475702,-5.5182824,-3.37923
1.0752889,-5.5497985,-3.3050137
1.0608891,-5.537711,-3.3474798
1.0696642,-5.544463,-3.3158278
1.0689054,-5.545891,-3.3205943
1.0679566,-5.543341,-3.3187675
1.0820354,-5.5513086,-3.2748709
1.0716261,-5.546452,-3.3120384
1.0731657,-5.543598,-3.297854
1.0699102,-5.54225,-3.3098474
1.0653131,-5.536902,-3.3261561
1.0464737,-5.516442,-3.3843408
1.0699611,-5.547694,-3.3275557
-2.2024024,-4.57008,-6.8663216
-2.507673,-6.0185604,-8.363347
-2.589772,-6.3503156,-8.901081
-2.5150752,-6.441174,-8.717758
-2.4950068,-6.4742155,-8.720174
-2.5091202,-6.4764977,-8.796734
-2.4950194,-6.4745154,-8.698773
-2.4896574,-6.48187,-8.696057
-2.473556,-6.477707,-8.649876
-2.5139635,-6.4707804,-8.783501
-2.5151644,-6.469632,-8.77616
-2.506116,-6.475624,-8.75929
-2.4883947,-6.479628,-8.701351
-2.541343,-6.4689527,-8.874923
-2.4843888,-6.4782405,-8.67268
-2.5070348,-6.480362,-8.765306
-2.512497,-6.474305,-8.76856
-2.5258615,-6.473953,-8.815351
-2.5443687,-6.4713864,-8.883639
-2.4894342,-6.4761415,-8.684033
-2.4867718,-6.4818006,-8.684201
-2.526068,-6.473617,-8.821798
-2.4993289,-6.4736676,-8.713227
-2.4928246,-6.482109,-8.713117
-2.472968,-6.4759974,-8.623392
-3.9655247,-2.0265105,-6.914536
-5.0629234,-2.4267478,-8.779096
-5.2301655,-2.5004106,-9.090574
-5.22557,-2.55613,-9.161229
-5.259577,-2.5164833,-9.149791
-5.2520976,-2.5277658,-9.155435
-5.2686305,-2.5044565,-9.144066
-5.2510543,-2.5301228,-9.160058
-5.2650175,-2.5114727,-9.150621
-5.252043,-2.529832,-9.162337
-5.2540617,-2.5252562,-9.155373
-5.208855,-2.5875125,-9.183006
-5.2154307,-2.5798235,-9.1807785
-5.2548523,-2.5248213,-9.15245
-5.2642865,-2.512261,-9.151456
-5.2221966,-2.5727973,-9.183613
-5.252873,-2.5299144,-9.162047
-5.2505097,-2.5307288,-9.158463
-5.238047,-2.5476618,-9.165501
-5.226367,-2.566987,-9.178453
-5.249263,-2.534543,-9.161165
-5.2426505,-2.5415359,-9.160974
-5.2718945,-2.5006418,-9.140099
-5.2460256,-2.5363178,-9.159915
-5.223333,-2.568203,-9.173821
-4.675516,-2.178682,-5.860955
-5.730406,-3.0935233,-7.060649
-5.900887,-3.3725035,-7.2025504
-5.9957027,-3.2244763,-7.296711
-5.904598,-3.488806,-7.167572
-5.9230494,-3.4672441,-7.182294
-5.944071,-3.3983011,-7.2095847
-5.934439,-3.4180794,-7.1963015
-5.9005284,-3.5105705,-7.1534
-5.9658036,-3.3509235,-7.237814
-5.9858847,-3.2763202,-7.266985
-5.986074,-3.2833033,-7.2670674
-5.9285717,-3.4547,-7.184737
-5.9395127,-3.4001303,-7.203074
-5.921441,-3.4879532,-7.173716
-5.9267383,-3.4458106,-7.187366
-6.030437,-3.140561,-7.3328953
-5.9329534,-3.4426544,-7.1939063
-5.9678,-3.3419065,-7.239011
-5.9347563,-3.4513762,-7.1922297
-5.9765477,-3.3205333,-7.250783
-6.050691,-3.0682144,-7.36476
-5.9739914,-3.3276453,-7.2481294
-5.9381313,-3.4151459,-7.200812
-5.988714,-3.2780561,-7.270324
-4.733615,-2.2308652,-5.5574346
-5.948815,-3.0094488,-6.8711634
-6.1097345,-3.2447445,-7.0022855
-6.173149,-3.1961405,-7.061675
-6.1352367,-3.3396978,-6.9990587
-6.2211914,-3.092206,-7.122341
-6.140528,-3.3333414,-7.00262
-6.2004747,-3.1544917,-7.089087
-6.152427,-3.2858558,-7.019566
-6.168406,-3.265409,-7.0426
-6.1908717,-3.1930237,-7.0755267
-6.1067796,-3.412835,-6.955209
-6.14408,-3.3388422,-7.0055394
-6.1556935,-3.298473,-7.022133
-6.15997,-3.2933602,-7.0298896
-6.176819,-3.225321,-7.053559
-6.1668763,-3.2625668,-7.041294
-6.2270465,-3.0865843,-7.131319
-6.192043,-3.1816363,-7.0769677
-6.2063217,-3.1492748,-7.1001973
-6.144923,-3.307594,-7.008912
-6.1573777,-3.2938719,-7.023863
-6.2054863,-3.1551905,-7.097462
-6.166388,-3.2643988,-7.0392857
-6.1854835,-3.2101648,-7.0649705
-4.810656,-2.2186317,-5.392984
-6.0326624,-3.028166,-6.671467
-6.2371693,-3.2019281,-6.8517017
-6.2944927,-3.1795006,-6.901642
-6.3262405,-3.1152155,-6.9443464
-6.2878714,-3.218817,-6.8802752
-6.2825537,-3.2308598,-6.871792
-6.2418094,-3.3304505,-6.8144
-6.250552,-3.326149,-6.827443
-6.261071,-3.3044715,-6.8397923
-6.2943916,-3.2064934,-6.8906074
-6.2889633,-3.228773,-6.882001
-6.343518,-3.067329,-6.9639854
-6.3385353,-3.0812185,-6.9593263
-6.271086,-3.2497494,-6.855769
-6.3005605,-3.1977534,-6.89853
-6.264534,-3.2769737,-6.8429227
-6.3586364,-3.0188463,-6.9946322
-6.352003,-3.040426,-6.9802747
-6.2866044,-3.2335362,-6.8776255
-6.257443,-3.3094733,-6.8343472
-6.2574115,-3.3092444,-6.8367677
-6.323366,-3.133139,-6.9380097
-6.2717376,-3.2634249,-6.856271
-6.2433333,-3.3352761,-6.8166003
-4.959034,-2.1769042,-5.3477597
-6.187103,-2.9013913,-6.614268
-6.349778,-3.1423457,-6.736559
-6.3810964,-3.1653347,-6.752912
-6.38555,-3.1817892,-6.758775
-6.358884,-3.2368338,-6.706713
-6.3665886,-3.223102,-6.715272
-6.388929,-3.173612,-6.7535586
-6.373502,-3.212981,-6.7394376
-6.3823023,-3.190794,-6.7464986
-6.34324,-3.2801657,-6.685061
-6.3864393,-3.1836083,-6.7533536
-6.425939,-3.0666523,-6.8189034
-6.399577,-3.1394567,-6.7730956
-6.3424063,-3.2842243,-6.691194
-6.3870053,-3.1860433,-6.759709
-6.4030967,-3.1277335,-6.781695
-6.4200296,-3.0867393,-6.811098
-6.4125743,-3.1108003,-6.800318
-6.3975306,-3.1442654,-6.7648396
-6.4150295,-3.1000614,-6.8046675
-6.4319983,-3.050213,-6.832615
-6.414882,-3.097225,-6.800748
-6.357244,-3.227302,-6.703716
-6.3784866,-3.188774,-6.7428946
-4.9528856,-2.1955929,-5.2390113
-6.1797585,-2.9727027,-6.451014
-6.380895,-3.1232886,-6.6130757
-6.4231887,-3.1466942,-6.6689987
-6.429152,-3.1573117,-6.674062
-6.3926754,-3.2388132,-6.6022015
-6.4192767,-3.1923976,-6.6505365
-6.3913183,-3.2537956,-6.6060014
-6.4186115,-3.1740673,-6.63821
-6.409304,-3.2061079,-6.626515
-6.4308867,-3.1516142,-6.658045
-6.396701,-3.2311275,-6.613259
-6.4609456,-3.0746338,-6.725385
-6.430717,-3.1528652,-6.669865
-6.4165845,-3.1760118,-6.639792
-6.450939,-3.0919268,-6.700432
-6.4526863,-3.0971131,-6.709157
-6.4346437,-3.1390686,-6.6633883
-6.460983,-3.0755398,-6.7205853
-6.408448,-3.2080636,-6.627966
-6.4117756,-3.1927884,-6.6263723
-6.4413238,-3.1284347,-6.6919227
-6.451494,-3.1029725,-6.711089
-6.421185,-3.1743946,-6.6474266
-6.4568415,-3.0868018,-6.719558
-4.9941745,-2.1723804,-5.14138
-6.2338123,-2.8993175,-6.365262
-6.453649,-3.0190864,-6.5865235
-6.484487,-3.0423448,-6.599424
-6.4259644,-3.1896992,-6.4941535
-6.457932,-3.135528,-6.540652
-6.492843,-3.04514,-6.614221
-6.434114,-3.1603093,-6.4878945
-6.475818,-3.0923035,-6.583313
-6.463065,-3.1088107,-6.5283484
-6.4288297,-3.1829572,-6.4937167
-6.466605,-3.1054637,-6.5367064
-6.4719515,-3.0974333,-6.57441
-6.479624,-3.076764,-6.584165
-6.446002,-3.1543648,-6.520971
-6.431816,-3.2002032,-6.5108128
-6.4970245,-3.034874,-6.612303
-6.427627,-3.1914458,-6.493649
-6.4678426,-3.1127303,-6.559428
-6.5212007,-2.9664516,-6.67864
-6.474009,-3.090757,-6.5770025
-6.476788,-3.0919228,-6.5822563
-6.5084677,-2.9969044,-6.6355886
-6.480089,-3.0730252,-6.573958
-6.5004826,-3.0313048,-6.641738
-4.9984727,-2.163191,-4.9360485
-6.2490687,-2.8120158,-6.024678
-6.471204,-2.9259987,-6.1985555
-6.488741,-2.9995697,-6.2595773
-6.4519763,-3.0899463,-6.1985655
-6.4914236,-3.011338,-6.212008
-6.487826,-3.0113382,-6.2043567
-6.517346,-2.9170518,-6.2049756
-6.5152555,-2.9479055,-6.2604213
-6.528541,-2.9053485,-6.285439
-6.527045,-2.8879464,-6.221326
-6.485095,-3.0125694,-6.249321
-6.48772,-3.0220978,-6.24659
-6.4843893,-3.0434856,-6.234447
-6.5055885,-2.9925153,-6.2888036
-6.5143685,-2.9509263,-6.2546606
-6.508481,-2.958441,-6.2532654
-6.4826927,-3.021095,-6.2264595
-6.512394,-2.9525712,-6.247471
-6.4655385,-3.0655193,-6.207967
-6.506755,-2.9599864,-6.204452
-6.503625,-2.970572,-6.220162
-6.512916,-2.9390988,-6.2346663
-6.534407,-2.8973186,-6.3076596
-6.5192127,-2.925195,-6.2649035
-4.982339,-2.1316113,-4.693788
-6.280912,-2.7539248,-5.806527
-6.480888,-2.904187,-5.9840517
-6.5310006,-2.869095,-5.984544
-6.4962626,-2.9625547,-5.989624
-6.5103445,-2.9468663,-5.9755898
-6.522473,-2.916562,-5.97245
-6.528446,-2.8997743,-5.980811
-6.543306,-2.8691394,-6.0066566
-6.530248,-2.8932958,-6.001772
-6.5305724,-2.894836,-5.9803805
-6.551762,-2.8315353,-5.974491
-6.5217834,-2.9150147,-6.01065
-6.5466285,-2.8525224,-5.988449
-6.531734,-2.8934944,-5.9884458
-6.4968743,-2.9635508,-5.9791565
-6.4945793,-2.9957361,-5.978765
-6.540431,-2.871338,-5.9773655
-6.5371757,-2.8824337,-5.985773
-6.533073,-2.8874803,-5.9816003
-6.5334263,-2.896869,-6.004295
-6.4945006,-2.9818802,-5.991209
-6.4889474,-3.0011334,-5.97689
-6.536892,-2.8959706,-5.9962006
-6.5486,-2.8525462,-6.000551
-4.9275503,-2.1260455,-4.571087
-6.3028975,-2.66707,-5.575398
-6.5056815,-2.822792,-5.727746
-6.5259347,-2.8757095,-5.7317653
-6.5336,-2.8756254,-5.7248755
-6.569906,-2.7983902,-5.745483
-6.5902786,-2.7393122,-5.7520976
-6.5463285,-2.8299484,-5.7439055
-6.576736,-2.7760937,-5.744768
-6.570479,-2.7916603,-5.7485933
-6.5647125,-2.8091855,-5.7514043
-6.543371,-2.8659105,-5.737877
-6.5290575,-2.8957534,-5.722296
-6.556614,-2.8382103,-5.738561
-6.565614,-2.8126535,-5.737902
-6.5545034,-2.8320916,-5.7359405
-6.559531,-2.818716,-5.738027
-6.5521793,-2.837022,-5.740087
-6.533838,-2.8872516,-5.726564
-6.540114,-2.867483,-5.7289724
-6.579089,-2.7776663,-5.7390428
-6.548403,-2.8402412,-5.7379637
-6.550799,-2.8536081,-5.7330265
-6.5695024,-2.795,-5.7436934
-6.545989,-2.8421803,-5.7362905
-5.0580125,-2.0995622,-4.6010027
-6.360604,-2.6247702,-5.554251
-6.5631394,-2.7181046,-5.6969733
-6.5941386,-2.7356703,-5.7114425
-6.6049705,-2.7283347,-5.7175784
-6.5819516,-2.7905579,-5.7051787
-6.5891967,-2.7801566,-5.70608
-6.5859256,-2.7819993,-5.7014956
-6.595711,-2.76162,-5.7143693
-6.5709963,-2.80735,-5.7019124
-6.5938406,-2.7655406,-5.7044177
-6.565063,-2.8264802,-5.6991234
-6.579336,-2.7989924,-5.694221
-6.593996,-2.7661169,-5.7107997
-6.5676875,-2.8241074,-5.6918063
-6.58115,-2.8013308,-5.6978087
-6.5653253,-2.8293388,-5.693585
-6.5724516,-2.8198678,-5.6969924
-6.5684867,-2.826886,-5.6965804
-6.563299,-2.829154,-5.689706
-6.5882025,-2.7837617,-5.6998234
-6.582915,-2.7842677,-5.7041516
-6.5537367,-2.8536777,-5.6839404
-6.5397344,-2.8928049,-5.677957
-6.569604,-2.839247,-5.6894884
-5.0274396,-2.1081939,-4.5330596
-6.278417,-2.7172651,-5.4575734
-6.533288,-2.7860932,-5.619089
-6.5683675,-2.8213627,-5.648647
-6.6017594,-2.773098,-5.6657705
-6.6090956,-2.7515328,-5.671032
-6.5665236,-2.8321915,-5.6515784
-6.558733,-2.8661873,-5.6365476
-6.5932827,-2.8033319,-5.65727
-6.59391,-2.792851,-5.6573615
-6.5605626,-2.8508604,-5.6449385
-6.595336,-2.7937963,-5.6628804
-6.575021,-2.8198884,-5.6516595
-6.6038976,-2.7719355,-5.667103
-6.593423,-2.794195,-5.6634707
-6.5888596,-2.8135052,-5.6610584
-6.574197,-2.8336792,-5.647575
-6.5966763,-2.7869358,-5.65963
-6.583113,-2.8129108,-5.6538897
-6.6094055,-2.7523537,-5.671578
-6.598624,-2.7841551,-5.6738257
-6.6084595,-2.7564433,-5.6686068
-6.586781,-2.7874868,-5.6614842
-6.585475,-2.8096066,-5.6584353
-6.6025553,-2.7654872,-5.664887
-5.019758,-2.0932271,-4.508551
-6.332762,-2.6732237,-5.457829
-6.5584335,-2.7684226,-5.605187
-6.59571,-2.7915337,-5.6239285
-6.62264,-2.7396622,-5.636723
-6.6183805,-2.7480757,-5.6392956
-6.6201096,-2.7555568,-5.6384807
-6.594761,-2.8089623,-5.617768
-6.5893188,-2.823703,-5.611686
-6.6220565,-2.7520568,-5.6363087
-6.608694,-2.765105,-5.630931
-6.6223226,-2.7405512,-5.6369443
-6.6038756,-2.7846525,-5.6272445
-6.5850763,-2.8206277,-5.6125045
-6.610465,-2.7790616,-5.6239986
-6.616155,-2.7584238,-5.630863
-6.613632,-2.766026,-5.630347
-6.617314,-2.7581625,-5.636312
-6.6141996,-2.7685409,-5.635701
-6.6189494,-2.7574198,-5.6379642
-6.6121283,-2.7623816,-5.6286626
-6.6187515,-2.7578056,-5.637217
-6.6062784,-2.7905288,-5.6284513
-6.5829287,-2.8297026,-5.612112
-6.5805025,-2.8310778,-5.605177
-5.0517178,-2.0957253,-4.508574
-6.373216,-2.6445975,-5.436368
-6.5792937,-2.7452307,-5.571711
-6.5961227,-2.7848487,-5.5725217
-6.621969,-2.760115,-5.5907283
-6.605144,-2.7832272,-5.5819254
-6.6202235,-2.7659395,-5.5871835
-6.59742,-2.809171,-5.576547
-6.6181345,-2.7854388,-5.589624
-6.6187844,-2.7809887,-5.5887933
-6.614452,-2.7909324,-5.585773
-6.637024,-2.7353396,-5.601755
-6.6220055,-2.7526238,-5.592048
-6.6223955,-2.7660666,-5.5925436
-6.6322427,-2.7460892,-5.6015697
-6.6012044,-2.8014417,-5.579519
-6.6198926,-2.7670696,-5.5880575
-6.5992904,-2.8108456,-5.5785074
-6.613025,-2.7933674,-5.585875
-6.606864,-2.8004522,-5.5816255
-6.6205034,-2.7753074,-5.5883956
-6.6305685,-2.743991,-5.5993304
-6.6176486,-2.7772536,-5.5949407
-6.6322494,-2.741947,-5.6000776
-6.60405,-2.7948909,-5.5857472
-5.100837,-2.075746,-4.4770827
-6.3957853,-2.628324,-5.4064803
-6.5669727,-2.7671633,-5.5147686
-6.6481624,-2.7034256,-5.567361
-6.6521745,-2.70515,-5.573403
-6.638153,-2.7283926,-5.561608
-6.647057,-2.7318082,-5.5672193
-6.6149845,-2.7904928,-5.540833
-6.6461396,-2.7351098,-5.5629125
-6.635222,-2.7412164,-5.5555463
-6.640535,-2.7351806,-5.559794
-6.6166687,-2.7774947,-5.5417914
-6.6260147,-2.7668545,-5.544832
-6.628947,-2.766799,-5.551818
-6.6327763,-2.7596228,-5.5536447
-6.598146,-2.8116512,-5.528742
-6.6466837,-2.7318823,-5.564674
-6.646491,-2.7318194,-5.566279
-6.6531253,-2.7075644,-5.5732455
-6.632998,-2.7574494,-5.560143
-6.6052337,-2.8005571,-5.5319257
-6.6407986,-2.7392185,-5.5574117
-6.642358,-2.7373817,-5.5616436
-6.6317825,-2.7547693,-5.5542374
-6.6515408,-2.7195182,-5.5707865
-5.1210847,-2.057156,-4.4356613
-6.3910265,-2.626845,-5.3447447
-6.6165905,-2.6967387,-5.4979544
-6.650808,-2.7082095,-5.5230227
-6.666371,-2.6960354,-5.533879
-6.6683664,-2.690605,-5.538613
-6.639615,-2.7415578,-5.5137916
-6.631703,-2.762825,-5.5012093
-6.6577225,-2.721406,-5.524438
-6.660836,-2.7125423,-5.5287933
-6.6442347,-2.7426753,-5.5182734
-6.661801,-2.7075634,-5.5295506
-6.656009,-2.719059,-5.5273714
-6.6424313,-2.747327,-5.513446
-6.654106,-2.7342,-5.5218782
-6.629842,-2.7697468,-5.5020022
-6.6604357,-2.7190728,-5.527452
-6.6339135,-2.7486255,-5.5055537
-6.6520305,-2.7294903,-5.521071
-6.632214,-2.7570655,-5.5068974
-6.638669,-2.7560644,-5.507592
-6.655042,-2.7280653,-5.5221267
-6.659037,-2.7176828,-5.528132
-6.6433654,-2.7406747,-5.5138125
-6.6479073,-2.738044,-5.517489
-5.082168,-2.0684998,-4.392218
-6.3727574,-2.6212358,-5.28364
-6.628531,-2.6922913,-5.457957
-6.649334,-2.7296371,-5.467517
-6.638824,-2.761398,-5.4575434
-6.6619415,-2.727143,-5.4735994
-6.669505,-2.714199,-5.4829526
-6.626056,-2.7748013,-5.44922
-6.646331,-2.758237,-5.459333
-6.6367083,-2.7692509,-5.4499836
-6.623205,-2.7884872,-5.440299
-6.668238,-2.7181706,-5.479588
-6.6467266,-2.7492547,-5.4625497
-6.6426377,-2.7640216,-5.45855
-6.674277,-2.6998425,-5.4868293
-6.6379733,-2.762029,-5.4594274
-6.6336184,-2.7842503,-5.449692
-6.650864,-2.7460475,-5.4644976
-6.675065,-2.6993103,-5.487595
-6.6801066,-2.6815703,-5.4952955
-6.6585655,-2.7153094,-5.4744325
-6.6756244,-2.7014668,-5.488386
-6.672412,-2.7020195,-5.4880114
-6.646853,-2.7483969,-5.4660974
-6.6561203,-2.7477698,-5.471006
-5.153103,-2.0470135,-4.3837905
-6.385471,-2.6104565,-5.234555
-6.630879,-2.6770194,-5.3955145
-6.6802397,-2.6787052,-5.432669
-6.6692634,-2.705711,-5.420086
-6.6805196,-2.706117,-5.433391
-6.690505,-2.6780696,-5.4466786
-6.6730986,-2.7082498,-5.4287124
-6.677931,-2.7013,-5.431367
-6.677941,-2.7188551,-5.4327316
-6.644985,-2.74953,-5.398841
-6.675062,-2.713375,-5.426492
-6.6665173,-2.7185037,-5.4178195
-6.6681714,-2.7217774,-5.422051
-6.6705074,-2.7275996,-5.4253197
-6.648374,-2.7482903,-5.40275
-6.6740785,-2.7110624,-5.4244685
-6.681755,-2.710997,-5.4366903
-6.675722,-2.7081285,-5.4279857
-6.665175,-2.7237484,-5.418341
-6.6730742,-2.7225502,-5.426875
-6.650148,-2.7524083,-5.4075055
-6.658187,-2.7483144,-5.4133005
-6.679912,-2.7087998,-5.431559
-6.662859,-2.7316024,-5.4179077
-5.1523023,-2.033838,-4.310834
-6.4077272,-2.55223,-5.0964384
-6.64347,-2.626321,-5.22843
-6.6675134,-2.6453383,-5.2362237
-6.684061,-2.6206362,-5.2439475
-6.694984,-2.605655,-5.25247
-6.702947,-2.5931687,-5.260543
-6.6817546,-2.635747,-5.2460184
-6.687501,-2.6215498,-5.2467737
-6.67761,-2.642078,-5.239218
-6.689343,-2.6240687,-5.2484794
-6.6988673,-2.6007407,-5.2559056
-6.6956573,-2.613142,-5.2532377
-6.700111,-2.5946047,-5.2598796
-6.6993303,-2.6035957,-5.2580943
-6.6982765,-2.601866,-5.25713
-6.701766,-2.592137,-5.261708
-6.6994934,-2.5958126,-5.2579775
-6.694082,-2.6050172,-5.255346
-6.7005754,-2.5962667,-5.258032
-6.694059,-2.6092176,-5.251755
-6.6915097,-2.6172173,-5.251053
-6.68363,-2.6240604,-5.2444973
-6.6758494,-2.6526608,-5.2398915
-6.689108,-2.6317573,-5.248556
-5.0930133,-1.8560718,-3.7308953
-6.4048095,-2.343587,-4.4937987
-6.6548753,-2.3857455,-4.6371384
-6.690908,-2.3979313,-4.657118
-6.699658,-2.3856282,-4.6600113
-6.70032,-2.3860476,-4.664187
-6.7096987,-2.3648796,-4.672007
-6.699727,-2.380609,-4.6643305
-6.693942,-2.394174,-4.6560183
-6.684105,-2.4116666,-4.647186
-6.701464,-2.394864,-4.660901
-6.6992435,-2.392306,-4.659386
-6.7033587,-2.3792117,-4.665923
-6.7067084,-2.3679416,-4.6689854
-6.7069535,-2.3704367,-4.673568
-6.7059164,-2.3789265,-4.6673183
-6.697476,-2.3853934,-4.6600323
-6.7087936,-2.3698506,-4.671855
-6.7081966,-2.3670602,-4.6727014
-6.7085,-2.3649704,-4.6699133
-6.711399,-2.3607795,-4.6756268
-6.7018647,-2.3712656,-4.664699
-6.7005424,-2.3764958,-4.6588755
-6.7037063,-2.3878205,-4.6660666
-6.680575,-2.41583,-4.645798
-5.125865,-1.6770813,-3.3085206
-6.5140033,-2.1412134,-4.059886
-6.7570767,-2.180202,-4.193261
-6.783383,-2.2108467,-4.2410984
-6.792351,-2.2127666,-4.2489214
-6.7776914,-2.23364,-4.2424417
-6.7823772,-2.241995,-4.2553825
-6.791562,-2.2176654,-4.2366385
-6.798126,-2.193925,-4.229348
-6.8021545,-2.188441,-4.2348666
-6.7878075,-2.2082977,-4.233811
-6.799715,-2.2101603,-4.258388
-6.790353,-2.213442,-4.249848
-6.801938,-2.1970253,-4.248248
-6.805147,-2.1754777,-4.2290664
-6.787298,-2.211069,-4.247793
-6.780927,-2.2214189,-4.247403
-6.79642,-2.2076395,-4.25142
-6.7805934,-2.2182674,-4.238027
-6.7936063,-2.216678,-4.2551355
-6.7903175,-2.2092066,-4.2461634
-6.8002796,-2.1959217,-4.241693
-6.7923326,-2.2209854,-4.2605934
-6.7991133,-2.1983612,-4.240436
-6.782457,-2.2162511,-4.2351675
-5.2366934,-1.4548671,-2.8771393
-6.592187,-1.9429787,-3.5733218
-6.8474054,-1.987611,-3.7083383
-6.879243,-1.9973313,-3.7251246
-6.869834,-2.0137982,-3.7217636
-6.8738537,-2.0099154,-3.7198281
-6.890364,-2.0004444,-3.7351222
-6.876075,-2.0048587,-3.7197864
-6.8757033,-2.0048294,-3.7201352
-6.886314,-1.9998208,-3.7298338
-6.867065,-2.0141132,-3.715969
-6.891373,-1.994754,-3.7309604
-6.875553,-2.0082698,-3.7239249
-6.86926,-2.0103388,-3.714066
-6.884258,-2.0002375,-3.7244613
-6.887439,-1.9969119,-3.725401
-6.8672323,-2.0103252,-3.7113514
-6.8627033,-2.0160034,-3.7097456
-6.8811784,-2.0054567,-3.7255213
-6.880604,-2.0024345,-3.7187672
-6.8915534,-1.9929854,-3.7294757
-6.8938184,-1.9898621,-3.7317035
-6.893462,-1.9909207,-3.734088
-6.88945,-1.9920411,-3.73127
-6.8906555,-1.9901537,-3.7307277
-5.3661995,-0.8512769,-2.4633145
-6.658257,-1.1796805,-2.8950815
-6.834017,-1.3820018,-2.9810977
-6.9042535,-1.5379595,-3.1073108
-6.896354,-1.6465594,-3.1305165
-6.914639,-1.7227958,-3.197568
-6.895704,-1.7803774,-3.205617
-6.896577,-1.7950935,-3.1975493
-6.9004846,-1.8195493,-3.2408342
-6.884764,-1.819001,-3.1935391
-6.8704576,-1.8298795,-3.1802306
-6.91921,-1.8311472,-3.2809777
-6.902081,-1.8254794,-3.232964
-6.892791,-1.833215,-3.2291718
-6.9136233,-1.8336558,-3.274301
-6.9036684,-1.8276297,-3.2399688
-6.9100857,-1.8271387,-3.2528539
-6.893368,-1.8173145,-3.1941867
-6.895796,-1.8229611,-3.2135344
-6.8870606,-1.8269798,-3.2021108
-6.881996,-1.8268286,-3.1916466
-6.908775,-1.8260387,-3.2442255
-6.899832,-1.8331409,-3.2444324
-6.914296,-1.8332871,-3.2719955
-6.919957,-1.8310174,-3.2801337
-5.2222667,-0.8818979,-2.0725937
-6.5404716,-1.173475,-2.4489422
-6.776228,-1.2120631,-2.5334897
-6.7863474,-1.3066841,-2.5316663
-6.81063,-1.3602077,-2.590237
-6.813715,-1.3628219,-2.6050436
-6.80877,-1.3700228,-2.5877256
-6.8369246,-1.1658608,-2.5741944
-6.8424487,-1.0773022,-2.5396392
-6.834663,-1.1519904,-2.5600657
-6.8371572,-1.1469694,-2.5522318
-6.836685,-1.1788248,-2.5675998
-6.839046,-1.1152058,-2.549622
-6.831907,-1.1548188,-2.5423887
-6.81857,-1.2499714,-2.5493627
-6.823836,-1.2420709,-2.5596004
-6.8249426,-1.2651304,-2.5845492
-6.794161,-1.3593299,-2.5712829
-6.8017244,-1.368817,-2.5728683
-6.7858253,-1.4408909,-2.585033
-6.827115,-1.2567902,-2.5879831
-6.8249984,-1.2570755,-2.5702255
-6.838511,-1.1531649,-2.5637045
-6.8168726,-1.2517362,-2.5465987
-6.811112,-1.2848256,-2.5503914
-5.102487,-0.72529244,-1.7499976
-6.3901515,-0.92665017,-1.9137967
-6.5905085,-0.99215996,-1.9309187
-6.610198,-1.0240289,-1.9148116
-6.601257,-1.0774552,-1.9070294
-6.6355715,-0.9821805,-1.9174724
-6.6143484,-1.0444326,-1.9117873
-6.5692606,-1.1489108,-1.8835688
-6.6303782,-0.98273146,-1.9002001
-6.6299067,-0.98312193,-1.9076159
-6.611028,-1.0456803,-1.9050858
-6.5661836,-1.1478717,-1.876975
-6.6083364,-1.0421456,-1.8904467
-6.6245112,-1.0067364,-1.9084275
-6.6311493,-0.9739137,-1.9066327
-6.622748,-1.0030884,-1.9048965
-6.5985065,-1.0684602,-1.8941743
-6.6350856,-0.96996856,-1.9085412
-6.62257,-1.0083603,-1.911998
-6.627098,-1.002105,-1.9188864
-6.628699,-0.98395854,-1.9034097
-6.6373672,-0.96047425,-1.9157462
-6.596806,-1.0679443,-1.8980615
-6.6119404,-1.0555888,-1.9096193
-6.6000147,-1.0649354,-1.890768
