gyro_rad[0],gyro_rad[2],xyz[0],hover_thrust
-0.006328777,0.08324368,0.001594148,0.23344687
0.013054493,0.12196159,0.006816778,0.23344687
0.006156601,0.10398388,0.009696662,0.22495526
0.009315699,0.12196159,0.004896533,0.22807127
-0.014973926,0.0626387,0.005636845,0.22352591
0.013054493,0.12196159,0.009808432,0.2253991
0.006315582,0.109674335,0.008467469,0.23285562
-0.014973926,0.0626387,0.004481081,0.23108265
-0.011518084,0.07966384,0.001594148,0.22325596
-0.014973926,0.0626387,0.006489422,0.22439915
0.00861311,0.12196159,0.008840833,0.22325596
-0.008354917,0.07983495,0.010524206,0.22325596
-0.014279671,0.07073143,0.006393481,0.22943336
0.010192864,0.11094858,0.009680495,0.22976157
0.001726158,0.09783158,0.00875945,0.22455034
0.013054493,0.12196159,0.00873613,0.22838908
0.013054493,0.12196159,0.00750722,0.22325596
-0.013491236,0.0626387,0.010524206,0.2237778
-0.007580556,0.07608913,0.007885616,0.23344687
-0.01058089,0.06838375,0.008429546,0.23143
-0.006009348,0.084667414,0.004349276,0.22552073
-0.005144782,0.06923014,0.001594148,0.22983372
0.005700357,0.11508049,0.006036572,0.22765872
-0.009077042,0.09046753,0.001594148,0.23344687
-0.014973926,0.0626387,0.008085791,0.22973496
0.027956188,-0.04325051,0.000237569,0.2365021
0.03321041,-0.041259475,0.001633957,0.23648873
0.023095844,-0.04167796,0.000878871,0.23523024
0.02572389,-0.041919045,0.000679128,0.23642835
0.038618937,-0.024201876,-0.001087868,0.2385679
0.041083783,-0.024201876,0.002108102,0.23560418
0.041083783,-0.024201876,-0.000383265,0.23722602
0.04040028,-0.04363726,0.000712819,0.23615296
0.04037848,-0.03422896,0.000510167,0.23752567
0.04061602,-0.03400763,-0.000491124,0.23544419
0.03684123,-0.039845966,-0.000592742,0.2347443
0.038235933,-0.02594757,0.0012585,0.23631081
0.031353667,-0.039734945,0.001282904,0.2374566
0.032724023,-0.030287132,0.000802718,0.23566556
0.023095844,-0.046027362,0.002108102,0.2385679
0.023095844,-0.046027362,0.001742747,0.23601444
0.03563191,-0.024201876,-0.001087868,0.23678921
0.026473165,-0.035418406,0.002108102,0.2347443
0.03145747,-0.033000365,0.002108102,0.2347443
0.023095844,-0.04377956,-0.001087868,0.23847823
0.025735453,-0.03682463,-0.001087868,0.2385679
0.02427271,-0.03603881,-0.001087868,0.2385679
0.03198485,-0.045089833,0.002108102,0.23523295
0.026476964,-0.04092066,0.002093833,0.2347443
0.024346739,-0.0398433,-0.001087868,0.23845331
0.014034167,0.007183783,0.004828028,0.23817398
0.020196803,0.016089797,0.003380116,0.24013044
0.024157224,0.024308845,0.005072054,0.24011374
0.024157224,0.020455658,0.004438702,0.23817398
0.014528312,0.006689211,0.008362405,0.23889375
0.011763589,0.016351923,0.007473994,0.23915553
0.015210345,0.029977322,0.00596204,0.23937017
0.014580354,0.012577988,0.007795434,0.23840356
0.013373785,0.012310252,0.009062449,0.23972914
0.015206344,0.006761745,0.003380116,0.23925638
0.017849773,0.01639317,0.003380116,0.23913008
0.011763589,0.019766495,0.004949085,0.23911509
0.016215011,0.011082202,0.004971273,0.23870763
0.013780758,0.006689211,0.00350247,0.23990291
0.019488342,0.03548915,0.003532361,0.24013044
0.024157224,0.032663837,0.005404759,0.23817398
0.024157224,0.020211287,0.003430657,0.23882508
0.0189811,0.010614723,0.005370751,0.23860708
0.01966349,0.03548915,0.005005103,0.23865905
0.013744824,0.024614602,0.00721154,0.2390211
0.01682026,0.03514193,0.009062449,0.23817398
0.024157224,0.03548915,0.00535294,0.24013044
0.021554686,0.03548915,0.006021138,0.24013044
0.011763589,0.006689211,0.009062449,0.24006331
0.011763589,0.008405983,0.009062449,0.23877308
0.046275407,0.02101691,-0.059394184,0.24272992
0.037464753,0.011239141,-0.04528417,0.24220455
0.04933248,0.023305567,-0.051367965,0.2432905
0.041067988,0.01799158,-0.039614655,0.24222106
0.033852864,0.01222609,-0.06329174,0.2436646
0.04933248,0.023305567,-0.084826946,0.24252592
0.03464076,0.011159241,-0.04353008,0.24367565
0.04746522,0.01894831,-0.08586323,0.24220455
0.035231635,0.012034357,-0.058436688,0.24220455
0.04933248,0.021859989,-0.039614655,0.24282597
0.036746517,0.015090957,-0.091933526,0.24261536
0.03475724,0.014288135,-0.058717567,0.24355401
0.033852864,0.010389173,-0.0634176,0.24280071
0.035296723,0.010697782,-0.08685984,0.24220455
0.04933248,0.023305567,-0.091933526,0.24290454
0.035561085,0.010389173,-0.039614655,0.24317597
0.0436147,0.020160943,-0.042841952,0.24308963
0.039196864,0.014211021,-0.047113795,0.24303724
0.033852864,0.010389173,-0.091933526,0.2434534
0.033852864,0.010389173,-0.06936799,0.24333204
0.04579535,0.022162393,-0.091933526,0.24367565
0.04345469,0.015516408,-0.04156707,0.24285291
0.038592964,0.016049094,-0.04981744,0.24367565
0.047379866,0.023305567,-0.080946356,0.24276039
0.04933248,0.020605467,-0.057494584,0.24367565
-0.016564883,-0.007863291,0.14594966,0.2434541
-0.010529786,-0.008892879,-0.052374773,0.24384882
-0.016060144,-0.010141909,0.1570798,0.24295285
-0.01055561,-0.010257885,-0.079642326,0.24384882
-0.01760182,-0.009343423,-0.018418573,0.24282035
-0.012731053,-0.007440542,0.18561655,0.24319753
-0.01146555,-0.008494504,0.13895938,0.24293897
-0.014347307,-0.0091158,0.18561655,0.2436459
-0.012984127,-0.009829,0.083932415,0.24313977
-0.01760182,-0.010691675,-0.079642326,0.24339962
-0.01760182,-0.008445226,-0.079642326,0.2437768
-0.011884108,-0.008745506,0.15172231,0.24283153
-0.01760182,-0.010691675,0.02343231,0.24384882
-0.009883012,-0.008073382,0.013925791,0.24299842
-0.015415236,-0.008321963,-0.050168306,0.24338049
-0.012878835,-0.009222113,0.18561655,0.24384882
-0.014156178,-0.008601137,-0.07844194,0.2427619
-0.015103012,-0.010691675,-0.0635084,0.2427619
-0.009883012,-0.008933559,-0.047246404,0.24294797
-0.016708553,-0.007440542,0.113866,0.24309105
-0.012197457,-0.010691675,0.062287968,0.24315315
-0.009883012,-0.008208714,0.1570836,0.24281141
-0.014053941,-0.009204492,-0.07606124,0.24361944
-0.009883012,-0.008444086,0.17933667,0.24348757
-0.009883012,-0.010093413,0.007036086,0.2429997
-0.013140172,0.012455856,0.038561024,0.24206889
-0.014950017,0.011405028,0.017752849,0.24220696
-0.008149281,0.00914178,-0.020605493,0.24206889
-0.009848677,0.009830311,0.011442196,0.24239627
-0.009681545,0.009315826,0.026724093,0.24253896
-0.006571595,0.01208692,0.10233325,0.24279335
-0.012113757,0.012455856,-0.010903444,0.24206889
-0.014950017,0.012455856,-0.027934328,0.24262628
-0.006571595,0.010832109,-0.027934328,0.24279335
-0.006571595,0.008965343,0.023752544,0.24279335
-0.006571595,0.01012627,0.10233325,0.24206889
-0.010162905,0.009181827,0.10233325,0.24242985
-0.009955101,0.008133769,0.051610872,0.24279335
-0.013331831,0.00966458,0.10233325,0.24279335
-0.009722881,0.008133769,0.017715842,0.24241361
-0.012080438,0.011725575,0.08362168,0.24226585
-0.013085142,0.010535166,-0.02546167,0.2427235
-0.010349005,0.012455856,0.03639544,0.24262428
-0.011429943,0.009438962,0.06831915,0.24232367
-0.014806546,0.012383074,0.08792012,0.24206889
-0.012540005,0.008133769,0.097211376,0.2421748
-0.009957559,0.008133769,0.08200525,0.24257573
-0.014950017,0.008133769,-0.027934328,0.2427597
-0.007923797,0.00934267,-0.005672444,0.24259129
-0.013148524,0.011595324,0.095053226,0.24222702
0.01949732,0.020241909,-0.056476668,0.24275291
0.016463943,0.018546708,-0.050608277,0.24233326
0.018669158,0.020810679,-0.06725112,0.2422923
0.014196195,0.021371592,-0.06510219,0.2422923
0.01327908,0.018062323,-0.075331524,0.24254812
0.015886761,0.019845672,-0.057922512,0.24275962
0.01327908,0.018636718,-0.062412538,0.24247605
0.015117049,0.01989209,-0.04840955,0.24248728
0.013780914,0.021347962,-0.05420658,0.24270338
0.01949732,0.019344844,-0.06987359,0.24243714
0.01739315,0.020476975,-0.075331524,0.2422923
0.017243922,0.021371592,-0.064305305,0.2424853
0.014284223,0.021371592,-0.061122477,0.24261014
0.014309816,0.01797675,-0.04840955,0.24238011
0.01327908,0.018103354,-0.07398666,0.24270047
0.018297985,0.01797675,-0.075331524,0.24279971
0.018294431,0.020866558,-0.075331524,0.24279971
0.01327908,0.01797675,-0.04840955,0.24232961
0.01327908,0.019447573,-0.057869837,0.24239548
0.01791235,0.020059213,-0.052163236,0.24235106
0.01909054,0.019770928,-0.04840955,0.24249847
0.016270995,0.01991593,-0.050440922,0.24279971
0.01949732,0.018047124,-0.065509915,0.2424403
0.019146532,0.018656023,-0.06934662,0.24279971
0.014989011,0.021371592,-0.075331524,0.24248521
-0.023761235,0.012894526,-0.10415566,0.24326457
-0.0274937,0.010614783,-0.01934908,0.24302472
-0.026112966,0.013073286,0.012105163,0.24310234
-0.029000767,0.009996653,0.051404208,0.24275704
-0.024883233,0.009411613,-0.042088952,0.24289317
-0.020824976,0.012736753,-0.10415566,0.24301332
-0.029346898,0.011367664,0.035818793,0.2428879
-0.029346898,0.009411613,-0.026785273,0.24326457
-0.02726753,0.010164939,-0.10415566,0.24326457
-0.028300665,0.012556806,0.022765055,0.24306668
-0.029346898,0.009623483,0.051404208,0.24298798
-0.020824976,0.013073286,0.051404208,0.24279232
-0.024413854,0.011711001,0.051404208,0.24275704
-0.020964347,0.013073286,-0.055283014,0.24294783
-0.023005217,0.009411613,-0.09852047,0.24326457
-0.022977576,0.009661526,0.037558816,0.24319561
-0.022141576,0.012020916,0.006138817,0.24275704
-0.020824976,0.011646435,0.013263602,0.2427751
-0.028337032,0.013073286,0.051404208,0.24300745
-0.029346898,0.011360675,-0.08359115,0.24281783
-0.020824976,0.010305777,0.048622545,0.24326457
-0.022640638,0.009844251,-0.10415566,0.24282874
-0.02141206,0.010675296,-0.10415566,0.24326457
-0.029346898,0.009411613,-0.008736324,0.24290721
-0.020824976,0.010616116,-0.048496243,0.24275704
0.00228296,-0.017344031,-0.02685526,0.24296318
-0.04517538,-0.022046633,-0.000425242,0.24281764
-0.033200674,-0.017875,-0.02685526,0.24287754
0.00228296,-0.017344031,0.19226709,0.24296318
-0.04517538,-0.022046633,0.5616994,0.2428815
-0.02288188,-0.019182518,-0.02685526,0.24257217
-0.031647377,-0.022046633,0.5616994,0.24263713
-0.04517538,-0.022046633,0.12464116,0.24264592
-0.04517538,-0.02193056,-0.02685526,0.24273854
-0.017777182,-0.021079533,0.5616994,0.24257217
0.00228296,-0.019644082,-0.014598452,0.24257217
-0.019197255,-0.018358313,-0.02685526,0.24296318
-0.04517538,-0.022046633,-0.02685526,0.24275994
-0.017022379,-0.018179677,0.39636803,0.24267933
-0.019163273,-0.018374488,0.5180284,0.24285576
-0.019610919,-0.020075433,0.5616994,0.24264455
-0.026231952,-0.019618914,0.043583423,0.24296318
-0.020734556,-0.018396616,0.5616994,0.24278826
0.00228296,-0.019373871,0.50176543,0.24270046
-0.020920448,-0.01926095,0.17943366,0.24268135
-0.0097166,-0.017407455,0.41032168,0.2427682
0.00228296,-0.017344031,0.15931189,0.24296318
-0.005373113,-0.020119533,0.41478923,0.24257217
-0.009938113,-0.017734066,0.33095148,0.24272025
-0.035303332,-0.021953642,0.5616994,0.24279046
-0.120280206,-0.014030192,-0.048417136,0.24106711
-0.120280206,-0.014030192,-0.31827718,0.24166434
0.010073263,0.003302166,-0.048417136,0.24135268
-0.120280206,-0.012572676,-0.43866757,0.2414896
-0.024216652,-0.007288925,-0.15154731,0.2410218
-0.02067615,-0.006627128,-0.43375325,0.24141534
-0.010847196,0.003302166,-0.42888665,0.24124855
-0.05910147,-0.006874487,-0.38233563,0.24155037
0.010073263,0.003302166,-0.39555436,0.2410218
-0.09390408,-0.008767933,-0.24258766,0.24147633
-0.006723881,1.57E-05,-0.43979353,0.24125901
-0.07157404,-0.00813593,-0.40255955,0.24130102
0.010073263,0.003302166,-0.23485374,0.24146955
-0.060655266,0.000652134,-0.22628948,0.24133252
0.010073263,0.003302166,-0.3125884,0.24112977
0.010073263,0.003302166,-0.048417136,0.24134119
-0.0434467,-0.005073607,-0.048417136,0.24158382
-0.120280206,-0.014030192,-0.3214112,0.24164414
0.010073263,0.003283791,-0.048417136,0.24166434
-0.106309354,-0.01077801,-0.42826957,0.24104013
-0.120280206,-0.014030192,-0.048417136,0.24143785
-0.071009286,-0.007194944,-0.36227614,0.24158697
-0.024804793,0.000355862,-0.3946102,0.24139433
-0.120280206,-0.014030192,-0.26758397,0.24150537
-0.120280206,-0.013465568,-0.36349264,0.24153669
0.012151402,-0.00230945,0.004022345,0.2426286
0.019037008,0.000300922,0.3472708,0.24290438
0.038988452,0.002447432,0.02097489,0.24289665
0.03181898,0.002447432,0.10750371,0.2428307
0.034149893,0.001461998,0.03239937,0.24211542
0.038988452,0.002447432,0.49722052,0.24211542
0.026299648,0.00052578,0.35120136,0.242904
0.038988452,0.002447432,0.49722052,0.2422745
0.030691855,0.002447432,0.072335236,0.24270979
0.036786832,0.00167881,0.49722052,0.24242103
0.012151402,-0.00230945,0.49722052,0.24246117
0.022850111,-0.00230945,-0.004404537,0.24290389
0.032710887,0.001075,0.20313108,0.24220556
0.012151402,-0.001322329,-0.010341123,0.24234068
0.038988452,0.002447432,0.008854412,0.24286753
0.012151402,-0.00230945,0.27709672,0.24211542
0.023899756,0.000922695,0.3623256,0.24211542
0.03309252,-0.00230945,0.49722052,0.24248976
0.020588808,0.001285709,0.055924002,0.24212393
0.026374318,-0.001187876,0.068995275,0.24211542
0.012151402,-0.00230945,0.08040471,0.24290438
0.022750162,-0.00230945,0.08210471,0.24290438
0.012151402,-0.000684381,0.22048858,0.24248031
0.038988452,0.001232214,-0.010341123,0.24253556
0.038988452,-0.00230945,0.49722052,0.24218047
0.035294898,-0.04997828,-0.53067195,0.24285376
0.058918126,-0.04199121,-0.5164616,0.24285376
0.019713849,-0.03753612,-0.58341956,0.2431937
0.08692687,-0.040809855,-0.5806951,0.24325377
0.035232194,-0.041324917,-0.12031287,0.24325377
0.023086652,-0.05209003,-0.48442674,0.2430046
0.043587215,-0.044827573,-0.5194356,0.2430612
0.017876737,-0.04534766,-0.54850847,0.24285376
0.045087405,-0.046422794,-0.60446966,0.24325377
0.08943134,-0.049998447,-0.49828196,0.2432134
0.017876737,-0.03753612,-0.5172045,0.24325377
0.09963984,-0.04257498,-0.24456498,0.24305934
0.10012162,-0.047140785,-0.5162761,0.24318492
0.017876737,-0.03753612,-0.5560803,0.24285774
0.05772359,-0.038214155,-0.12031287,0.2429654
0.10012162,-0.048487138,-0.511898,0.24309698
0.10012162,-0.049226087,-0.5382414,0.24285376
0.017876737,-0.037772514,-0.12031287,0.24299179
0.08869148,-0.05209003,-0.5386987,0.24285847
0.10012162,-0.050031085,-0.12031287,0.24285376
0.10012162,-0.04664304,-0.12031287,0.2431597
0.09018896,-0.038840525,-0.53144866,0.24307072
0.017876737,-0.043367796,-0.5955859,0.24325377
0.07059891,-0.03753612,-0.6155371,0.24315023
0.07629206,-0.05209003,-0.4672739,0.24325377
-0.02744305,-0.02410271,0.12441164,0.24509138
-0.04523581,0.015421979,0.7448238,0.24534881
-0.03609264,-0.02410271,0.67032605,0.24512035
-0.027836412,-0.010916509,0.749503,0.24534881
-0.03213966,0.026483923,0.12441164,0.24525097
-0.02744305,-0.017288983,0.78207934,0.24511668
-0.04139169,-0.008180231,0.70129746,0.24527356
-0.028082043,-0.02410271,0.67909986,0.24534881
-0.061311834,0.044318408,0.76595885,0.24534881
-0.02744305,-0.004876375,0.6885156,0.24531364
-0.04731649,-0.021102488,0.7089948,0.24534881
-0.061311834,0.02719675,0.6838137,0.24509987
-0.041905474,0.007889442,0.12441164,0.24516186
-0.05233298,0.044318408,0.12441164,0.24509138
-0.04158939,0.044318408,0.70440865,0.2451011
-0.05480221,0.028285652,0.52289647,0.24519405
-0.02744305,-0.02410271,0.7045674,0.24532908
-0.061311834,0.044318408,0.18997134,0.24523804
-0.02744305,-0.023495711,0.7013692,0.24517626
-0.04885731,0.017581135,0.7782877,0.2450993
-0.061311834,0.044318408,0.7160198,0.24534881
-0.034187682,0.034911737,0.46423823,0.24522352
-0.05245432,0.044318408,0.69686466,0.24519756
-0.061311834,0.044318408,0.53040594,0.24526027
-0.048894204,-0.018924028,0.12441164,0.24511176
0.10716143,-0.046970222,-0.79444623,0.24509007
0.10716143,-0.05515848,0.3901214,0.24513641
-0.1830357,-0.018429302,-0.67200094,0.24535319
0.0308903,-0.040898234,0.3901214,0.24534202
0.10716143,-0.05515848,-0.5396061,0.24515468
-0.13045406,-0.04597619,-0.6165566,0.24535319
-0.21521434,-0.019422635,-0.5136475,0.24535319
-0.21521434,-0.012824943,-0.7512576,0.24518493
-0.21521434,-0.012824943,-0.7954744,0.245224
-0.14098829,-0.025145113,0.32912806,0.24515462
-0.18582354,-0.023011848,-0.7823749,0.24526498
0.10716143,-0.05515848,0.3901214,0.2452316
-0.21521434,-0.029835686,-0.46533448,0.24509007
0.046974942,-0.046246085,0.27818918,0.24532524
-0.07964565,-0.014173791,0.24096924,0.24535319
-0.17395203,-0.019651592,-0.559577,0.24514121
-0.21521434,-0.012824943,0.3901214,0.24516174
0.03549373,-0.03862879,-0.8221803,0.24521536
-0.21521434,-0.012824943,-0.74388975,0.24519688
-0.07636315,-0.04014292,0.3901214,0.24524826
0.10716143,-0.05515848,-0.33846247,0.24535319
0.10716143,-0.05515848,-0.7989906,0.24516997
0.004024498,-0.012824943,0.3901214,0.24509007
0.038022146,-0.05515848,-0.80772775,0.24518296
0.0729796,-0.053671233,-0.42763114,0.24514964
-0.055410553,-0.029489465,0.06553256,0.24522367
0.051315874,-0.07236916,0.33321777,0.24534577
-0.004104242,-0.03946358,0.35805348,0.24527916
0.04580304,-0.07236916,0.36660853,0.24531126
0.051315874,-0.07236916,0.13452807,0.24531463
-0.10038705,-0.010980375,0.36660853,0.24554613
-0.13983609,0.020612588,0.36660853,0.24530357
-0.009079874,-0.05860059,0.061693832,0.24554613
-0.0712978,-0.020258285,0.07312445,0.24544051
-0.18482167,0.020612588,0.16902345,0.24532393
0.04099381,-0.04420603,0.09957524,0.24544984
-0.13052672,0.014511399,-0.15434834,0.24522367
-0.18482167,0.020612588,-0.15434834,0.24522367
-0.018700853,-0.053719096,-0.15434834,0.24522367
0.051315874,-0.062739566,-0.15434834,0.24526823
0.03300029,-0.023397744,0.2953208,0.2454127
-0.14150539,-0.000156179,0.08805522,0.2454912
-0.003486186,-0.04127266,0.36660853,0.24528265
0.051315874,-0.07236916,0.11547446,0.24546742
0.03606385,-0.07236916,0.14992148,0.24533212
-0.18482167,0.01418554,-0.15434834,0.24542242
-0.1003607,0.000424482,0.34157375,0.24534878
-0.16396675,0.001936369,0.15407854,0.24554613
-0.18482167,0.020612588,0.030894198,0.24554613
-0.045913838,0.003742479,0.07639885,0.24542516
-0.17273751,0.014019826,-0.53586596,0.24680835
-0.35994625,0.014019826,-0.5409523,0.24675187
-0.26086697,0.001267791,-0.57501745,0.24684343
-0.005934432,-0.024238596,-0.7096901,0.24687588
-0.005934432,-0.024238596,-0.5373134,0.24687615
-0.35994625,-0.004027106,-0.70966953,0.24687871
-0.092672534,-0.014177538,-0.7096901,0.24690844
-0.005934432,-0.004295759,-0.5431811,0.24682981
-0.27220544,-0.005689845,-0.5208609,0.24690844
-0.35774907,-0.008125052,-0.69823384,0.24675772
-0.16579741,-0.011078142,-0.5270592,0.24688193
-0.35994625,0.010249242,-0.7096901,0.2466005
-0.042578816,-0.005521402,-0.5283425,0.2466005
-0.017859943,-0.024238596,-0.5544013,0.2466005
-0.10111645,0.001341716,-0.5375722,0.24676496
-0.35994625,0.001329526,-0.5114521,0.24681818
-0.22549838,0.014019826,-0.7096901,0.2466005
-0.005934432,-0.024238596,-0.562445,0.24690844
-0.35994625,0.014019826,-0.6423614,0.24673724
-0.30233487,0.007950172,-0.5167545,0.24684381
-0.005934432,-0.024238596,-0.6728954,0.2466005
-0.35994625,0.010885082,-0.64340687,0.24690844
-0.22092178,-0.009396859,-0.55200994,0.24671999
-0.317092,-0.012298845,-0.65217924,0.24663404
-0.17007454,-0.006779581,-0.5500564,0.2466005
-0.23656218,0.20239958,0.14411364,0.24573031
-0.12797062,0.15810579,0.4358443,0.24563748
-0.23656218,0.20119643,0.16883567,0.24583036
-0.23656218,0.16348448,0.18243842,0.24617007
0.10972734,0.18745321,0.4358443,0.24607664
0.042678468,0.15810579,0.1780434,0.24601865
-0.026210003,0.17071679,0.4358443,0.245893
-0.23656218,0.19259086,0.14411364,0.24567705
-0.014738284,0.15810579,0.20586142,0.24563748
0.10972734,0.16760918,0.22326045,0.24610606
-0.13084745,0.16565397,0.15247439,0.24617007
-0.13453507,0.15810579,0.4358443,0.24563748
0.058000304,0.19119021,0.19219682,0.24582443
0.07874309,0.18858284,0.27133942,0.2460441
0.10972734,0.19008267,0.4358443,0.24598327
0.10972734,0.16625577,0.4358443,0.24588963
-0.04368985,0.20239958,0.28707272,0.24617007
-0.00630264,0.15810579,0.14411364,0.24617007
0.09176455,0.20239958,0.20523044,0.24594215
-0.12044421,0.1822012,0.4358443,0.245996
-0.23656218,0.20239958,0.1790337,0.24593115
-0.23656218,0.1787543,0.4012274,0.2458022
-0.13396347,0.16876173,0.4358443,0.24563748
-0.23656218,0.1734007,0.2508091,0.24576885
-0.10454517,0.17753673,0.19288254,0.24617007
0.28282034,0.103300795,0.022437602,0.24642155
0.3039414,0.10580716,0.13881148,0.24632344
-0.08544461,0.10938399,0.0857618,0.24623121
0.3039414,0.105214424,-0.019658722,0.2463992
0.18656033,0.10502652,-0.019658722,0.24642155
0.3039414,0.103300795,0.08801863,0.24642155
0.18723151,0.105008416,0.036703937,0.24614498
-0.08544461,0.11197966,-0.019658722,0.24622074
-0.00196667,0.11197966,0.15538287,0.24628374
0.3039414,0.103300795,0.052364644,0.24614498
0.112692945,0.11197966,0.14229502,0.24623191
0.2811467,0.103300795,0.12329674,0.24614498
-0.08544461,0.10470087,-0.019658722,0.24642155
0.12872946,0.10467193,0.07235874,0.24616574
-0.057043843,0.10878942,0.08659553,0.24636598
0.061887823,0.10842637,0.15538287,0.24616075
-0.08544461,0.10730336,0.09298568,0.24614498
0.27767867,0.10986794,-0.019658722,0.24632744
0.3039414,0.11197966,0.12532607,0.2462978
0.03950075,0.11027489,0.15438455,0.24632731
-0.010005705,0.110162415,0.15538287,0.24625118
0.3039414,0.10910667,0.13834703,0.24630763
-0.08544461,0.106780685,0.14294246,0.24614498
0.3039414,0.110516034,-0.019658722,0.24637814
-0.050672587,0.109482236,0.113951236,0.2462749
0.44147414,0.10208811,-0.15887688,0.24604161
0.5857878,0.09841095,-0.09115991,0.24622728
0.5857878,0.10325302,0.013603538,0.24625303
-0.07897064,0.10716608,-0.058102325,0.24611327
0.048618212,0.10308173,-0.17331907,0.24633712
0.5857878,0.10716608,-0.000674456,0.24585626
0.5086153,0.10046139,0.013603538,0.24592996
0.5857878,0.09894587,-0.028683156,0.2460584
0.07240994,0.1038928,0.013603538,0.24584843
0.09679367,0.101745546,-0.05658237,0.24586697
0.5857878,0.10282825,-0.13150793,0.24633712
-0.009358585,0.098735645,-0.17331907,0.2461957
0.49938834,0.09904967,-0.047638983,0.24611641
-0.030413218,0.10262482,-0.006644197,0.24598801
-0.07897064,0.10716608,-0.14237177,0.2461212
-0.000228748,0.10670495,0.013603538,0.24610606
0.5857878,0.10099219,-0.046572685,0.24583763
0.12709665,0.1001526,-0.17331907,0.24633712
0.010500826,0.10579392,-0.17331907,0.24626815
0.058235213,0.10087192,-0.024324,0.24583763
-0.024441436,0.10654952,-0.17331907,0.24622892
-0.07897064,0.1013713,-0.02477403,0.24587783
0.5857878,0.09841095,-0.031674877,0.24583763
0.5857878,0.09841095,-0.17331907,0.24633712
-0.036520883,0.106543705,-0.024799518,0.24588981
-0.004986644,0.20025328,0.053992614,0.24703133
-0.09999657,0.20794319,0.006499596,0.24706179
0.20707753,0.20562299,0.0333739,0.24686112
-0.13288352,0.20051889,0.04686299,0.24709365
0.30814338,0.22597447,-0.030116752,0.2470778
-0.13603917,0.20736052,0.03036587,0.24693605
0.30814338,0.22597447,-0.03500621,0.24684945
-0.13726857,0.20289259,-0.033928074,0.24689129
-0.11594335,0.20025328,-0.010885067,0.24702266
-0.1468921,0.22597447,0.032863967,0.24685764
0.045762658,0.21709652,0.028706223,0.246992
-0.1373544,0.22145535,-0.009209715,0.24699983
-0.14524424,0.20654704,0.01710222,0.24709004
0.11625022,0.21172757,0.053992614,0.24695398
0.30814338,0.20785554,-0.03500621,0.24684945
0.21916059,0.22597447,0.053992614,0.24690408
0.15583682,0.20563404,0.040481947,0.24708553
0.0860305,0.20025328,0.037052535,0.24709365
0.06307189,0.22597447,0.017449051,0.2469864
-0.008312024,0.2080229,0.046069868,0.24698123
-0.13465036,0.22148468,-0.00756637,0.2470008
0.000900701,0.20025328,0.046082273,0.24701703
-0.10061706,0.22597447,-0.012318082,0.24707039
0.21948946,0.2094344,-0.033232167,0.24684945
0.30814338,0.20682962,-0.03500621,0.24685964
-0.25545666,0.06278577,-0.056629978,0.24889024
-0.3193419,0.058246266,0.042646125,0.24906886
-0.32553422,0.065446325,-0.056629978,0.24892451
0.25035393,0.05940836,-0.041880853,0.24893165
0.25035393,0.058246266,-0.056629978,0.24887562
-0.412952,0.065239914,0.02028026,0.24897757
-0.19384865,0.06382657,-0.056629978,0.24905916
-0.38639772,0.06376941,0.008073412,0.24906886
0.15163733,0.06032092,0.014545802,0.2488111
-0.3846792,0.058246266,0.056857444,0.2488111
-0.38832396,0.062213235,0.009823255,0.24887958
0.25035393,0.058246266,0.04805681,0.24888308
-0.3141055,0.058246266,-0.056629978,0.2488111
-0.35406607,0.066588126,0.023712717,0.24906886
-0.43045247,0.066588126,0.029517852,0.24900526
-0.41242748,0.06619511,0.023148254,0.24892609
-0.33699226,0.066588126,-0.015065029,0.2488111
0.25035393,0.061455093,0.058592163,0.24906886
-0.41648132,0.06535027,0.058592163,0.24906023
0.16955893,0.06020177,-0.056629978,0.24895643
0.25035393,0.058246266,0.0444894,0.24900235
0.25035393,0.058246266,0.00892631,0.24900295
-0.40271777,0.066588126,0.058592163,0.2488111
-0.40363008,0.066588126,-0.056629978,0.24891382
-0.3307166,0.06559593,0.058592163,0.24887675
-0.157049,-0.031088619,0.13224462,0.24890953
-0.157049,-0.045506753,0.10085887,0.24909061
0.19211063,-0.031088619,0.13224462,0.24891001
0.18102089,-0.03341806,0.13224462,0.2489134
-0.157049,-0.055197544,0.03513679,0.2489036
-0.033759233,-0.061819073,-0.04463003,0.24916457
-0.157049,-0.050100237,0.13224462,0.24888213
0.25825137,-0.040321805,0.043850735,0.24888213
0.06377,-0.07033424,-0.039640702,0.24892372
-0.157049,-0.045518722,-0.04021903,0.24909875
-0.00211183,-0.031088619,-0.015140772,0.24891567
0.24287012,-0.03563354,-0.033307098,0.24891883
0.25825137,-0.057900466,-0.02971407,0.24916457
0.22546893,-0.041656673,-0.049304776,0.2489582
0.15970105,-0.0549597,-0.045203462,0.24910137
0.16073969,-0.052848082,0.120762326,0.24906656
-0.157049,-0.07033424,-0.038222328,0.24916457
0.16532889,-0.041366413,-0.042665012,0.2491064
-0.03623711,-0.031088619,0.13224462,0.2489832
0.25825137,-0.07033424,-0.04105313,0.24898693
0.1966483,-0.07033424,-0.038076736,0.24908051
0.0540308,-0.03659013,-0.05126352,0.24901089
-0.0455461,-0.07033424,-0.04583197,0.24916457
0.25825137,-0.067267045,-0.036751784,0.24916457
0.015697934,-0.031088619,-0.03891574,0.24911183
0.1983828,0.057008944,0.06696938,0.24922173
0.1720108,0.062184922,0.06696938,0.24926071
-0.070644714,0.050369494,-0.34831965,0.24923383
-0.054907832,0.043166645,-0.122027375,0.248933
0.14308386,0.06259083,-0.34831965,0.24926071
-0.23243624,0.063221276,-0.34831965,0.24923421
-0.23243624,0.052324645,-0.26645038,0.24923599
-0.08645657,0.061048515,-0.34831965,0.2489558
-0.050649162,0.043967716,-0.34831965,0.248933
-0.23243624,0.05937063,0.06696938,0.24926071
-0.08160199,0.063221276,-0.09054994,0.24894886
-0.049424365,0.05628874,-0.077723645,0.248933
0.1983828,0.052997224,0.06696938,0.24923186
-0.07793623,0.04196116,0.06696938,0.24926071
0.1983828,0.059659027,-0.26298004,0.24905655
-0.030784845,0.06213265,0.001783438,0.2491735
-0.07170789,0.04196116,-0.07319718,0.248933
-0.11647224,0.043135755,-0.025800072,0.248933
-0.065957166,0.049957894,0.06696938,0.24905407
0.1983828,0.056401946,-0.16878992,0.24913889
-0.060525082,0.04196116,-0.34831965,0.24896222
-0.09336016,0.057726525,-0.34831965,0.24917318
-0.07896976,0.061179884,-0.07036889,0.24919869
-0.23243624,0.05057793,-0.07932157,0.24898975
-0.04406866,0.04869137,0.06696938,0.24920687
-0.19227917,-0.08532068,-0.5064055,0.24930905
-0.13586244,-0.07815257,0.23178744,0.2494709
-0.1915726,-0.14320771,0.848334,0.24950315
-0.1687679,-0.08952941,0.5638094,0.24939665
0.26984206,-0.14320771,0.8824236,0.24945165
-0.30519995,-0.119985506,-0.5064055,0.24951112
0.26984206,-0.11823647,0.8955038,0.24928193
0.26984206,-0.14283025,-0.5064055,0.24948275
-0.18590328,-0.079428285,0.89138025,0.24934255
-0.30519995,-0.0960471,0.3855946,0.24929701
0.26984206,-0.09754741,-0.26061437,0.24912077
-0.30519995,-0.13869306,0.90661913,0.24946234
0.26984206,-0.14320771,0.8677061,0.24912077
-0.17535448,-0.08296143,-0.408313,0.24917187
-0.16811356,-0.104838036,0.89778954,0.24928965
-0.14854418,-0.07815257,-0.4415769,0.24918234
0.058061145,-0.07815257,-0.38411468,0.24912077
-0.17735764,-0.094188094,0.9080115,0.24912077
0.26984206,-0.14320771,-0.26666647,0.24935062
-0.16248536,-0.0838943,0.86456305,0.2491252
-0.13439886,-0.07815257,0.8853808,0.24922793
-0.12614754,-0.112213574,0.85567945,0.24951112
0.26984206,-0.14320771,-0.5064055,0.24951112
0.26984206,-0.11980743,-0.5064055,0.24944542
0.14144105,-0.094607495,0.8662631,0.24912077
-0.22780468,0.00776309,-0.63283473,0.24955174
-0.042595007,0.00776309,-0.5625607,0.24942581
-0.19744068,0.018845461,-0.63283473,0.24942581
0.1261909,0.021518074,-0.13690329,0.24942581
-0.22780468,0.017934494,0.71324295,0.24944913
-0.14194706,0.027832158,0.71324295,0.24956293
0.2683756,0.018484227,0.71324295,0.24956293
-0.001030736,0.009315856,-0.62987876,0.24946101
0.2683756,0.01139424,-0.50520694,0.24948168
0.018329315,0.024179816,-0.5894145,0.24946006
0.2683756,0.02550669,0.71324295,0.24950527
-0.07268596,0.00776309,-0.5755538,0.24952126
0.13268474,0.028688287,0.71324295,0.24942581
-0.04045119,0.00776309,-0.63283473,0.24942581
0.2683756,0.01728575,-0.5908166,0.24956293
0.2683756,0.021639585,0.6091387,0.24956293
0.2683756,0.01459793,-0.58016944,0.24956293
-0.22780468,0.024922915,-0.012204506,0.24955186
-0.20598525,0.026476294,-0.63283473,0.24954922
-0.22780468,0.028688287,-0.63283473,0.24942581
-0.17817605,0.028688287,0.71324295,0.24942678
0.23464307,0.009958766,0.71324295,0.24954559
0.17894316,0.019820206,0.71324295,0.24946581
0.2683756,0.028688287,0.18113461,0.24950129
-0.2201407,0.012017511,0.71324295,0.24950807
-0.36817816,-0.0991026,-0.46285725,0.25062022
-0.36817816,-0.14651349,-0.47766542,0.250536
-0.01643487,-0.1076484,-0.25013015,0.25068122
0.2542267,-0.12260165,-0.31952685,0.25074258
-0.36817816,-0.08478535,-0.47773707,0.25081706
0.03154257,-0.08633471,-0.3607663,0.25043023
0.2542267,-0.09672008,-0.46106952,0.25067338
0.024917744,-0.13921137,-0.30994052,0.25049558
0.2542267,-0.14651349,-0.4066614,0.25056517
-0.36817816,-0.10563214,-0.13158771,0.25075263
-0.16534126,-0.12543236,-0.29869467,0.25044453
0.23809773,-0.09855239,-0.18499766,0.25061405
-0.36817816,-0.14651349,-0.45867074,0.25081706
-0.3455005,-0.09877095,-0.13158771,0.25081706
-0.09781746,-0.11220216,-0.17615558,0.25042152
0.2542267,-0.1289361,-0.2620242,0.25052756
-0.10281622,-0.08478535,-0.4341044,0.25041968
-0.36817816,-0.09742217,-0.46369117,0.25048143
0.058232494,-0.14651349,-0.43795615,0.25041968
0.2542267,-0.0976904,-0.354044,0.25081706
0.2542267,-0.11292751,-0.44563457,0.2505413
-0.046471115,-0.09136201,-0.13158771,0.25041968
-0.36817816,-0.08478535,-0.26684538,0.25070953
-0.36817816,-0.09533121,-0.46517026,0.25073564
-0.12061857,-0.14651349,-0.1357672,0.25061104
-0.1540584,0.007467367,0.38203305,0.2489874
0.265786,0.000472516,0.38203305,0.24892667
-0.1540584,0.009380931,0.17368135,0.24900752
-0.1540584,0.001532145,-0.21514122,0.24888986
-0.073003754,-0.007227868,-0.21514122,0.24888009
-0.054897547,-0.008227887,0.18742767,0.24900752
-0.1540584,0.004820049,0.37717545,0.24900752
-0.1540584,0.005532391,-0.21514122,0.24896827
-0.12646951,0.001707606,0.23686497,0.24885622
0.265786,-0.002620123,0.27370095,0.24882716
0.2612425,0.009380931,0.23120615,0.24884784
0.265786,0.001152799,-0.16734004,0.24889502
0.265786,0.00785102,0.38203305,0.24900752
-0.1540584,-0.007381856,-0.16279931,0.24887905
-0.1540584,0.002477832,-0.21514122,0.24878225
0.26451153,-0.008227887,-0.17296124,0.24900752
0.265786,0.005806774,0.38203305,0.24887133
-0.1540584,-0.006585337,0.24581432,0.2489697
0.039227277,0.001462519,-0.21514122,0.24885216
0.265786,0.000599779,0.38203305,0.24897936
0.265786,-0.003366582,-0.21514122,0.24878225
-0.02344568,0.009380931,0.2504378,0.24878949
0.265786,0.003999338,0.07628487,0.24878225
0.265786,-0.007476211,-0.21514122,0.24893
-0.13717791,0.009048097,-0.045567527,0.2488612
0.3323061,0.039797083,0.14424954,0.24832511
0.36086303,0.03659558,-0.27615494,0.24815333
-0.00432352,0.039778203,0.42497623,0.24844785
0.23189265,0.04936054,-0.27615494,0.24807213
-0.20464763,0.044363394,-0.07510468,0.24853028
-0.2538578,0.04936054,0.44767666,0.24801634
0.17967233,0.04162085,-0.1486234,0.24843064
-0.122456916,0.037254803,-0.13699427,0.2483547
0.3205529,0.042582363,0.17777772,0.24827094
0.36086303,0.03659558,-0.10899165,0.24801634
-0.2538578,0.04936054,-0.10379133,0.24842896
0.32464394,0.04731083,0.41685125,0.24853028
0.18416926,0.04936054,-0.14428192,0.24853028
0.36086303,0.038257904,0.44767666,0.2484931
-0.16951525,0.04936054,0.38094106,0.248037
-0.2538578,0.04936054,0.44767666,0.24829488
-0.06700919,0.04366499,0.44767666,0.24832459
-0.2538578,0.037578598,0.44767666,0.24828984
-0.2538578,0.0388844,-0.27615494,0.24801634
-0.16612282,0.03659558,0.41654512,0.24826442
-0.2538578,0.040260598,-0.10572459,0.24809954
-0.002027616,0.042814136,-0.08063093,0.2482131
0.3198663,0.042512864,-0.13105272,0.24853028
0.3075377,0.043702483,-0.060045574,0.24809124
0.32924214,0.046408877,0.37478432,0.24847907
0.28540736,0.056771718,-0.15914139,0.25089356
0.28540736,0.05183696,-0.6892306,0.25089347
-0.30494916,0.058485202,-0.15914139,0.25116336
-0.13404137,0.061474897,-0.6505821,0.25122035
0.28540736,0.049356036,-0.6698955,0.25117418
-0.15716073,0.06015972,-0.15914139,0.25099754
0.16133633,0.039865438,-0.67251635,0.25089347
-0.4295584,0.05782119,-0.566878,0.25089347
0.28540736,0.041295163,-0.6645087,0.25120994
-0.28092468,0.06361337,-0.6092637,0.2511483
-0.4295584,0.039865438,-0.65247,0.25122035
0.16502133,0.059860654,-0.4677657,0.2509214
-0.4295584,0.056875147,-0.15914139,0.25089347
-0.40097353,0.051193394,-0.6468941,0.25119388
-0.08881046,0.062127076,-0.6017133,0.25093052
-0.39641222,0.039865438,-0.65258753,0.2509666
-0.4295584,0.061531432,-0.6593093,0.25089347
-0.2486881,0.039865438,-0.24328953,0.25097552
0.28540736,0.06132827,-0.63786733,0.25117025
-0.4295584,0.05062551,-0.64590335,0.25122035
0.15062478,0.059957065,-0.57252073,0.25122035
0.17154521,0.048117258,-0.15914139,0.2510392
0.28540736,0.04611022,-0.5207315,0.25089347
-0.136469,0.06361337,-0.635658,0.25122035
-0.30231255,0.053938784,-0.6579293,0.25122035
-0.14271241,0.010088294,0.9021932,0.24895439
-0.04522132,0.027984694,0.43969637,0.2487262
-0.089270525,0.03503584,0.6140205,0.24913965
0.13499945,0.032630548,0.61819285,0.2489411
0.15708122,0.034909353,0.9088177,0.24907658
-0.21073157,0.033270396,0.43969637,0.24902648
0.14429417,0.03197258,0.43969637,0.24897787
0.5316973,0.021986924,0.43969637,0.24876547
0.5316973,0.012672246,0.9088177,0.24902189
-0.28610444,0.030678779,0.78710365,0.24913965
-0.017850488,0.03290434,0.7279885,0.24900019
0.5316973,0.010088294,0.6699632,0.24913965
-0.28412843,0.032903306,0.9088177,0.2487262
0.33631742,0.010088294,0.4830774,0.2488831
-0.28610444,0.010088294,0.63113916,0.24900824
0.5316973,0.026042737,0.5873594,0.24908595
0.1931566,0.023385487,0.9088177,0.24884284
-0.19793932,0.03489379,0.9088177,0.24902105
-0.28610444,0.027975172,0.5988711,0.24890591
0.06150519,0.031578146,0.7076215,0.24881065
0.5316973,0.014738247,0.7531841,0.24904822
0.1362392,0.021380909,0.43969637,0.2487262
0.5316973,0.015916996,0.5617411,0.24899152
-0.13316928,0.024370492,0.72911006,0.24913965
-0.124834575,0.035182193,0.9088177,0.2487262
0.2670528,0.08146995,-0.5349364,0.25013176
0.2611672,0.06373426,-0.85303366,0.25014788
-0.05853498,0.059570134,-0.59753853,0.25018132
-0.0642882,0.017065525,-0.6380553,0.250334
-0.286385,0.009844936,0.12983108,0.25015175
-0.075794876,0.08146995,-0.85463095,0.25028527
0.19991338,0.023408383,-0.8675887,0.2502205
0.2731602,-0.000246823,-0.658678,0.25028628
0.27602357,0.08146995,-0.8509161,0.250334
-0.286385,0.08146995,0.12983108,0.25013176
0.4657671,-0.038082633,-0.041255794,0.25020945
-0.286385,0.03379129,-0.6183108,0.25013176
0.21324474,-0.027586073,-0.85210395,0.2502792
-0.12861317,-0.038082633,-0.63967514,0.25031942
0.4657671,0.07101181,-0.28720394,0.250334
0.4657671,0.027545042,-0.83848673,0.25014883
-0.286385,-0.038082633,-0.85653424,0.25020045
-0.1181432,0.04945904,0.12983108,0.25020334
0.27614033,-0.038082633,-0.8864965,0.250334
0.4152616,0.017746061,0.12983108,0.25021526
0.4657671,0.033282697,-0.43654445,0.25013176
0.038366675,-0.038082633,-0.8600373,0.250334
0.39049494,-0.030166391,-0.22276348,0.25018346
-0.1837615,0.04423541,-0.41711572,0.25013176
0.4657671,-0.038082633,0.12983108,0.25023815
-0.14410146,-0.030290946,0.08524816,0.25445214
0.03194008,0.10562398,0.2325319,0.25430578
0.0686901,0.17034577,0.2325319,0.254471
0.20646621,0.082361214,0.2325319,0.2542711
0.030029722,-0.030290946,0.16944553,0.25442398
0.17027602,-0.030290946,0.2325319,0.2542324
0.20646621,0.17034577,-0.015057385,0.25432026
0.18655708,0.017010547,0.19100378,0.2542551
0.025644563,0.035159,0.018378686,0.25444925
0.006753177,-0.030290946,0.030023016,0.25425363
0.17906886,-0.030290946,0.008479349,0.2542324
-0.21608956,0.17034577,-0.06913088,0.25429118
-0.21608956,0.14270258,-0.12694398,0.25445175
0.030966677,-0.030290946,-0.12694398,0.2543822
-0.14766699,0.17034577,0.18576846,0.254471
0.17783675,-0.030290946,0.21229127,0.2542709
-0.1067803,0.17034577,0.025105111,0.2542324
0.17620942,-0.016179077,0.046408672,0.254471
-0.06463204,0.161926,-0.12694398,0.25445482
0.16340968,0.1050481,0.21857838,0.25429142
0.18056074,0.16990134,0.18118046,0.25437894
-0.111120746,0.16162279,-0.022861622,0.2544156
0.18955395,0.17034577,-0.12694398,0.25434995
-0.21608956,0.16501954,0.023223028,0.25431585
-0.21608956,-0.021936163,0.1908896,0.25423247
0.07671304,-0.25596124,0.11377804,0.25407258
0.030077428,-0.17884982,-0.018799447,0.25404567
-0.33996117,-0.8112614,0.36021712,0.25394028
-0.26206976,-0.8112614,0.22746265,0.25389218
-0.004851878,-0.20854506,0.36021712,0.2539674
0.11331247,-0.21670158,0.36021712,0.25392133
-0.31745586,-0.8112614,-0.000372238,0.25403664
0.09994285,-0.7130846,0.000945888,0.2540789
-0.33996117,-0.6711044,0.02595701,0.2540597
-0.006996825,-0.8112614,0.32140222,0.25391582
-0.018871002,-0.22553962,0.07810956,0.2541197
-0.005841389,-0.25176612,0.09409347,0.25406754
0.14257011,-0.21029182,0.14492399,0.253984
-0.33996117,-0.20116854,0.09669455,0.25396344
-0.03815463,-0.8055899,-0.022519693,0.25389218
0.054614753,-0.21569778,0.069186814,0.25401637
-0.006866843,-0.8112614,-0.002515264,0.25396433
0.10073429,-0.33269632,-0.005226262,0.2541197
0.05301054,-0.32994175,0.36021712,0.25411934
0.116277784,-0.17884982,0.026445635,0.2541084
0.098048225,-0.8112614,-0.009014435,0.25404948
-0.052825153,-0.2500352,0.016638488,0.25403765
-0.030792534,-0.24904251,0.1356063,0.25402856
-0.002530187,-0.6787395,0.36021712,0.25389218
-0.002560467,-0.61718214,0.36021712,0.2541197
-0.57625836,-1.1627641,-0.188369,0.2531601
0.42267615,-1.1339511,-0.09192516,0.25295526
-0.21572691,-1.3369446,-0.17682113,0.253147
-0.22056171,-1.3676453,-0.108417675,0.25308585
-1.057078,-1.1500499,-0.06463501,0.25299037
0.4456212,-1.3366075,-0.14097661,0.25295526
-1.057078,-1.1985865,-0.16806436,0.25304466
-1.057078,-1.3676453,-0.023061492,0.25317287
-1.057078,-1.1249833,-0.13030738,0.25321954
0.067715086,-1.1249833,-0.188369,0.2531381
-0.06670856,-1.1249833,-0.08065568,0.25319725
0.87561685,-1.3566811,-0.005802013,0.25295526
-0.20837635,-1.2700891,-0.005802013,0.25321954
0.44313687,-1.2871199,-0.086211294,0.25319964
-1.057078,-1.1906466,-0.04553552,0.25321954
0.16510415,-1.3602915,-0.07008891,0.25306034
-1.057078,-1.1249833,-0.03219433,0.2531975
-0.20276257,-1.3166215,-0.090765536,0.25309289
-1.057078,-1.3528426,-0.06711593,0.25295526
-1.057078,-1.3676453,-0.188369,0.2531395
0.87561685,-1.3462069,-0.058011785,0.2530527
0.87561685,-1.1249833,-0.074503765,0.253101
0.87561685,-1.3494267,-0.005802013,0.2530633
-1.057078,-1.1300874,-0.051439807,0.2531124
0.87561685,-1.3676453,-0.188369,0.25314412
0.33431178,-0.13083488,-0.014415309,0.253139
1.2284714,0.013456747,-0.009775125,0.25325096
0.53107613,-0.18588817,0.020617358,0.25328425
0.35923785,0.013456747,-0.021869719,0.2533512
0.32367778,-0.038439684,-0.011155598,0.2533153
1.2719239,-0.13695562,0.017917477,0.25324637
1.4027228,-0.2072465,-0.027042277,0.25320637
0.3307112,-0.1367054,0.01722768,0.25339663
1.1799192,0.013456747,-0.027042277,0.25317612
0.332516,-0.15032321,-0.026168741,0.25304186
0.97423106,-0.13735259,-0.002037101,0.2532865
1.1054351,0.013456747,0.030669294,0.25336692
1.4027228,-0.08047036,0.002641909,0.25339663
0.3272556,-0.2072465,-0.005827583,0.25317177
0.3085962,-0.2072465,0.030669294,0.25322735
0.42870253,0.013456747,0.009544589,0.2531779
1.1883754,0.013456747,0.030669294,0.25304186
0.32609427,-0.100801624,-0.025779374,0.25335974
1.4027228,-0.1717526,-0.027042277,0.25325143
0.3374349,0.013456747,0.005174883,0.25339663
0.95406336,-0.15244436,0.030669294,0.25327432
0.33520472,0.013456747,-0.011916816,0.25327608
1.4027228,-0.17434245,-0.014061362,0.25313967
0.3190893,-0.19755116,-0.022039123,0.25309888
0.7908755,-0.2052741,0.030669294,0.25308907
0.108339936,0.12552065,-0.07361973,0.25361115
0.03211116,0.1576595,-0.07861435,0.25368726
-0.42256606,0.12436823,-0.064950205,0.25368726
-0.40839148,0.07272139,0.046521857,0.25360617
-0.43506262,0.1006461,-0.05200293,0.25365752
-0.42694947,0.171673,-0.06768911,0.25366682
0.108339936,0.14488906,0.009232231,0.25354934
-0.43892795,0.07272139,0.16163397,0.25360453
-0.4244509,0.12818745,-0.08910575,0.25366807
-0.09090272,0.10578526,-0.033812925,0.25355476
0.108339936,0.13191566,-0.047553577,0.2536068
0.108339936,0.14492309,0.043443605,0.2536192
-0.42712495,0.13400611,-0.09104403,0.25357902
0.057817318,0.07272139,0.16163397,0.25354934
0.108339936,0.11763572,0.16163397,0.253571
-0.075471975,0.171673,-0.075712524,0.25368726
-0.44315314,0.171673,-0.010588065,0.25355393
-0.43134314,0.11051155,-0.07051324,0.25368726
-0.037344478,0.09196233,0.16163397,0.25360012
-0.43658578,0.08521391,-0.062954225,0.25354934
-0.4191892,0.101470925,-0.06895728,0.25365478
-0.43741956,0.078229226,0.16163397,0.25361848
0.108339936,0.098229535,-0.020807885,0.25368726
-0.41921157,0.07272139,-0.057000704,0.25354934
0.108339936,0.171673,0.16163397,0.2536704
-0.35337836,0.32887322,-0.001157321,0.25481895
-0.5493153,0.32626015,-0.34872395,0.25488275
-0.24297097,0.3064927,-0.22396183,0.25481477
-0.3300051,0.32168585,-0.22677213,0.25482053
-0.5493153,0.33523986,-0.35823157,0.2548095
-0.35529608,0.34866267,0.21200427,0.25486678
-0.29158896,0.3137844,-0.6284275,0.25479868
-0.23992917,0.3212155,-0.044951394,0.25480467
-0.36331022,0.33875322,-0.6284275,0.25476623
-0.5493153,0.34866267,0.21200427,0.25485346
-0.22446045,0.31151322,-0.6284275,0.2548182
-0.5493153,0.32301205,-0.27070695,0.2549158
-0.20900615,0.31861705,0.002760336,0.2549158
-0.2677707,0.3132035,0.21200427,0.25488868
-0.5493153,0.3221587,-0.06311122,0.25484374
-0.5493153,0.32930624,-0.25960818,0.25490227
-0.5493153,0.31378037,-0.011373192,0.2548692
-0.1999194,0.32139996,-0.6284275,0.25475207
-0.3451768,0.32494932,0.21200427,0.25478113
-0.5493153,0.34866267,-0.6284275,0.25491574
-0.34762537,0.32345727,0.21200427,0.2548599
-0.5493153,0.31327167,-0.6284275,0.25475207
-0.1999194,0.3148179,-0.21483156,0.2547659
-0.1999194,0.34866267,-0.6284275,0.25475207
-0.1999194,0.3064927,-0.6284275,0.2549158
-0.2865368,0.3125987,0.6326668,0.2529448
-0.68653965,0.27564868,0.52406424,0.2527723
-0.68653965,0.2747527,0.19430035,0.2527723
-0.43193358,0.3096614,0.6326668,0.2528513
-0.04261002,0.28810546,0.6010163,0.25287253
-0.10365309,0.26582348,0.5723509,0.25296557
-0.40613985,0.3125987,0.22716832,0.25280887
-0.04261002,0.26582348,0.5529383,0.25282836
-0.04261002,0.3057808,0.20725071,0.25299844
-0.38720697,0.3125987,0.14886785,0.25299844
-0.2724608,0.27367613,0.6326668,0.2527889
-0.40194023,0.3125987,0.6173278,0.25291473
-0.1917898,0.30644116,0.58864003,0.25294483
-0.44230026,0.26582348,0.20546952,0.2529648
-0.4857571,0.3125987,0.58171356,0.25287348
-0.68653965,0.27301377,0.1895504,0.2527723
-0.3927341,0.26582348,0.14886785,0.25285473
-0.48359168,0.30579832,0.14886785,0.25286186
-0.68653965,0.26582348,0.21442372,0.25299844
-0.44558585,0.3117888,0.6326668,0.25285524
-0.4950384,0.26582348,0.5743045,0.25299844
-0.04261002,0.3125987,0.24710205,0.2527723
-0.37241757,0.28108755,0.6326668,0.25288332
-0.68653965,0.26582348,0.21223184,0.25297713
-0.68653965,0.3125987,0.25447345,0.25299844
-0.31965622,0.29491365,-0.6020492,0.2548495
-0.11163962,0.29491365,-0.07219446,0.2549277
-0.2565541,0.27871877,-0.3327616,0.25489712
-0.31965622,0.28807646,-0.521367,0.2546521
-0.2638684,0.28048316,-0.6020492,0.25488526
-0.241042,0.28074104,-0.38969222,0.25490767
0.17061397,0.28053316,-0.07219446,0.25472152
0.29617292,0.28180104,-0.07219446,0.254775
0.31407592,0.27264512,-0.5149549,0.2546521
-0.31062523,0.29019412,-0.07219446,0.25494528
0.31407592,0.29491365,-0.6020492,0.2548393
0.07135129,0.28881732,-0.07219446,0.2548654
-0.19884028,0.28495523,-0.11225083,0.25495467
0.31407592,0.28452012,-0.51703423,0.2546521
0.21862346,0.27822188,-0.5114237,0.25488332
0.31407592,0.27264512,-0.07219446,0.25467682
0.17300469,0.28173155,-0.5160238,0.2546521
-0.31965622,0.29491365,-0.49842972,0.25487316
0.17975512,0.281062,-0.07609115,0.25495467
0.31407592,0.28917438,-0.5822545,0.2549128
-0.2557824,0.2863409,-0.07219446,0.254866
-0.25378937,0.27264512,-0.6020492,0.25494152
0.3010504,0.2920942,-0.2183193,0.2547347
-0.31965622,0.27264512,-0.6020492,0.25481904
0.31407592,0.28630492,-0.2845005,0.25470853
-0.106729016,0.30532116,0.22147924,0.2561633
0.26227605,0.283165,0.22147924,0.25609905
-0.123445876,0.36798334,0.38017023,0.2560002
0.26227605,0.39047137,0.22147924,0.25622997
-0.16914934,0.30620733,0.34418416,0.2562135
-0.16529208,0.299594,0.22147924,0.25621045
0.10762493,0.39047137,0.25748032,0.25616005
-0.00657694,0.39047137,0.241822,0.2562292
0.07118708,0.3674759,0.22294483,0.2560744
-0.16258915,0.29424855,0.31534055,0.25615954
0.090796545,0.30369,0.22147924,0.25621864
0.26227605,0.30574283,0.38017023,0.2560447
0.0918711,0.27967396,0.38017023,0.2560002
-0.16914934,0.3161433,0.23012844,0.2561359
-0.16914934,0.31588656,0.33672294,0.25622997
0.26227605,0.3666081,0.38017023,0.25605732
0.009428337,0.34127465,0.2927162,0.25617716
0.09367873,0.29826644,0.31261277,0.25621974
0.09681192,0.3208637,0.25962263,0.25619793
0.009869233,0.2928068,0.38017023,0.2560002
-0.1026793,0.31120774,0.38017023,0.2560002
0.26227605,0.2777045,0.25456968,0.25617787
-0.014509633,0.28105327,0.31375647,0.25615153
0.09228584,0.29849854,0.25882575,0.25600186
0.076698706,0.39047137,0.38017023,0.2560002
-0.25071374,0.20935339,0.09725381,0.25539702
0.14225559,0.21183789,0.031298462,0.25518474
0.14225559,0.1831077,-0.16145405,0.25521508
0.07048648,0.1898315,-0.16145405,0.25530604
0.14225559,0.22240789,0.16504055,0.25539702
-0.08920356,0.21395618,0.16504055,0.25513297
-0.25071374,0.21527371,0.009331934,0.25539702
-0.001013137,0.21199733,0.16504055,0.25513297
-0.14601403,0.18159582,0.15833443,0.25529432
-0.25071374,0.22240789,0.16504055,0.25539702
0.14225559,0.18466341,-0.03105706,0.25513297
-0.25071374,0.21718913,-0.031220764,0.25519484
0.14225559,0.18603465,0.018910669,0.25533524
-0.006219916,0.18159582,-0.16145405,0.25527257
-0.24612597,0.22208783,-0.010398038,0.2552747
-0.25071374,0.21734998,-0.061615728,0.25522658
0.14225559,0.19828239,-0.029347591,0.25537944
-0.15941325,0.18159582,-0.04949724,0.25539702
0.14225559,0.22240789,-0.012332596,0.25521716
-0.24542385,0.18159582,0.16504055,0.25526214
-0.21827489,0.18159582,-0.100983955,0.25513297
0.010485403,0.19817999,-0.04231511,0.25527903
-0.25071374,0.20163026,-0.022776023,0.2551372
-0.23902087,0.22240789,-0.015553229,0.25536343
0.14225559,0.21812433,0.16504055,0.25513297
0.4751813,0.23139693,-0.18774578,0.25457606
-0.10457826,0.23899114,0.07005192,0.25483552
-0.10457826,0.24371853,0.0625106,0.25483415
0.2819591,0.23139693,-0.005997598,0.25477389
0.47359422,0.24322546,-0.28357786,0.2547942
-0.10457826,0.23139693,-0.28357786,0.25461107
0.39058015,0.23139693,0.052677915,0.25476044
0.055947997,0.24315313,-0.24778828,0.25457606
0.41768047,0.23913893,-0.025004022,0.25470656
0.4740108,0.23227474,0.03587591,0.25474423
0.47352615,0.2417996,-0.023649514,0.25457606
0.43216804,0.24000543,-0.05997853,0.25478846
0.47212246,0.23451611,-0.24493042,0.25480822
0.4650304,0.24168488,-0.1370472,0.25459045
-0.10457826,0.2449767,-0.011091344,0.25482056
0.22989431,0.23139693,-0.2437031,0.25479618
0.46616003,0.23439047,-0.035493314,0.25457606
-0.10457826,0.24524827,-0.030831128,0.25457606
0.15446994,0.23980728,-0.28357786,0.25474963
-0.10457826,0.23883519,0.003467545,0.2546307
0.1222016,0.2439568,-0.21797305,0.2547602
0.4630899,0.2344316,-0.014039822,0.2547803
0.3771396,0.2431815,0.0426851,0.25480166
0.46807066,0.24524827,0.011594206,0.2547564
0.074303456,0.239806,0.019595806,0.25476313
0.76951766,0.06430523,0.002938099,0.2546733
0.5479136,0.06430523,0.29279277,0.25471964
0.8928676,0.04135372,-0.16015452,0.2546733
0.87207365,0.047442496,-0.16015452,0.25475857
0.96934235,0.04282415,-0.16015452,0.2546733
0.9862243,0.042079315,-0.090378515,0.25483364
0.99918747,0.052977085,-0.16015452,0.25473264
0.6426943,0.06430523,0.065922156,0.2546733
0.5375477,0.060957193,-0.16015452,0.2548043
1.0126033,0.04135372,0.30120713,0.25484836
1.0020795,0.042383507,0.30120713,0.25479928
0.9590702,0.05549839,0.07824565,0.25477496
0.9610059,0.06430523,0.1074968,0.2547503
0.54431844,0.04135372,0.11765191,0.25484836
0.60447836,0.050240383,0.30120713,0.25479257
0.6174013,0.06430523,0.30120713,0.2548136
0.5375477,0.043864563,0.30120713,0.25484836
0.6825845,0.04135372,0.030080296,0.25484836
0.8352482,0.04909788,0.19995072,0.2546733
0.92144334,0.06430523,0.013692468,0.25474772
0.94162416,0.045000702,0.30120713,0.2547964
0.9854932,0.05184062,-0.13905054,0.25472054
0.5375477,0.06430523,0.13045262,0.2547096
0.9095719,0.06430523,0.034813195,0.25473133
0.9589597,0.04353422,0.07320251,0.25484836
0.39338118,0.2307437,-0.32426846,0.25472772
0.540382,0.2307437,-0.23206991,0.2547471
0.4734826,0.2098867,0.17199078,0.2546447
-0.037631094,0.2098141,0.103115164,0.2547868
0.55145866,0.2307437,-0.21574679,0.2547302
-0.037631094,0.21283221,-0.32426846,0.25465494
0.54998136,0.20976216,0.17199078,0.2546447
-0.037631094,0.2012062,0.16174766,0.25472102
0.51006293,0.2024175,0.14654022,0.25469676
0.51447886,0.19993639,0.17199078,0.25469524
0.51401544,0.19503072,-0.31849146,0.25475797
0.5204131,0.195622,0.17199078,0.2547868
0.5263444,0.21199438,-0.32426846,0.2546673
0.19307,0.20635468,-0.319705,0.2546447
0.5216,0.21396393,-0.12832703,0.2547349
0.15238261,0.21138233,0.10648008,0.2546447
-0.037631094,0.19503072,0.1706526,0.25474733
0.12434808,0.2307437,-0.26946467,0.2547868
0.5504315,0.2307437,0.17199078,0.2547868
0.5151614,0.19503072,-0.32426846,0.25471324
-0.037631094,0.22171456,0.17199078,0.25477147
-0.03751958,0.19503072,0.16814987,0.2546461
0.5419176,0.22024587,-0.32186115,0.25472108
0.51674074,0.19503072,-0.32426846,0.25472033
-0.037631094,0.2307437,-0.32426846,0.25467637
-0.36938182,0.1612959,0.15682024,0.25532192
-0.6547125,0.146037,0.17800847,0.25539756
-0.36938182,0.16713981,0.053027682,0.25529242
-0.70758915,0.15950604,0.06544551,0.25531644
-0.61895204,0.15459375,0.08919219,0.25532737
-0.39278746,0.14525934,0.17354879,0.25526774
-0.36938182,0.16713981,0.07158947,0.25539756
-0.48398107,0.15217404,-0.14150006,0.25536793
-0.36938182,0.15895282,0.17800847,0.2552076
-0.36938182,0.16713981,-0.006018288,0.25533804
-0.4753185,0.16694547,0.055799693,0.2552076
-0.3736083,0.14690495,0.03184369,0.2552147
-0.6606655,0.14722289,0.17800847,0.2552076
-0.70758915,0.152364,0.07374052,0.25538072
-0.4439667,0.16283451,0.060909506,0.2552798
-0.5786924,0.15270232,0.17800847,0.25529656
-0.70758915,0.15111737,-0.14150006,0.25539756
-0.70758915,0.16713981,0.03050264,0.25539756
-0.65169775,0.14525934,0.05767214,0.2552076
-0.41088235,0.15725832,-0.14150006,0.2553582
-0.4248755,0.14644958,-0.14150006,0.25539756
-0.6623187,0.14525934,-0.040310748,0.25523666
-0.66123205,0.1519926,0.17712352,0.2552138
-0.6592677,0.15292646,-0.14150006,0.25535578
-0.6452675,0.15928622,-0.14150006,0.25533304
-0.37380815,-0.015431506,0.14826553,0.25577667
-0.7746265,-0.011925146,0.14826553,0.25580728
-0.3263085,0.004142174,0.14826553,0.2558824
-0.41715634,-0.000458777,0.0437652,0.2558898
-0.78551245,-0.013243333,-0.074530005,0.25592846
-0.68937504,-0.015431506,0.002957456,0.2558693
-0.51590145,0.001384929,0.031724453,0.25589007
-0.53093624,-0.012935698,-0.015884414,0.25576437
-0.51403546,-0.015431506,0.094046675,0.25592905
-0.48807275,-0.015431506,0.06537356,0.25576332
-0.51140296,0.002498478,-0.06455576,0.25592905
-0.57811004,0.004142174,-0.0610886,0.255858
-0.3263085,0.004142174,0.14826553,0.25586265
-0.44676325,-0.014796384,0.033505376,0.25574696
-0.35184926,0.004142174,-0.049778543,0.25574696
-0.78551245,0.004142174,0.009486012,0.25585845
-0.78551245,-0.015275553,0.056540694,0.2558336
-0.5265814,-0.015431506,0.14826553,0.25578716
-0.520797,0.001221113,0.043956142,0.2558703
-0.53311527,0.00276316,-0.013089448,0.25576705
-0.4933721,-0.006036118,-0.074530005,0.25588882
-0.3263085,-0.015431506,0.14826553,0.25585973
-0.38665915,-0.015431506,0.005752176,0.25590023
-0.5011507,-0.001363553,0.0676437,0.25574696
-0.5203562,0.004142174,0.14826553,0.25579914
-0.4874565,0.097816244,-0.08213776,0.2564809
-0.44108135,0.13609324,-0.07655664,0.25639507
-0.7251217,0.10025436,-0.021845981,0.25643706
-0.44497758,0.09329533,-0.04101427,0.25629088
-0.4224735,0.11067325,-0.027764112,0.25644884
-0.7395485,0.13609324,-0.09875804,0.25661185
-0.4985891,0.13511038,-0.0300389,0.25661185
-0.4224735,0.1349383,-0.033020012,0.25648832
-0.44569188,0.09329533,-0.03408715,0.25652683
-0.45875478,0.13570534,-0.021701932,0.25640652
-0.7395485,0.13200232,-0.040879622,0.2565614
-0.4224735,0.11209652,-0.06498678,0.2562314
-0.7302938,0.11936423,0.08058727,0.25648344
-0.7395485,0.13572815,0.08058727,0.2565314
-0.4868325,0.13609324,-0.045880735,0.25640583
-0.66361326,0.09329533,-0.003970578,0.25657132
-0.6600711,0.09329533,-0.09875804,0.25651863
-0.49725854,0.1259707,-0.085731104,0.25632793
-0.4944163,0.0992125,-0.09875804,0.2562314
-0.7232073,0.09329533,-0.011196636,0.25651145
-0.7301022,0.13609324,0.08058727,0.25661185
-0.7395485,0.09329533,-0.07291256,0.25645268
-0.48542845,0.09692636,0.08058727,0.25651
-0.4224735,0.10237768,0.08058727,0.2562314
-0.73501444,0.13609324,0.08058727,0.25634173
-0.5864291,0.09601046,-0.087995775,0.2549985
-0.38769716,0.09886997,-0.103136785,0.25491878
-0.44242644,0.097266085,-0.2325755,0.2550755
0.12962425,0.11287595,0.22137222,0.2550755
-0.51599586,0.09663194,0.053111225,0.25497037
-0.12924129,0.107878946,0.22137222,0.2549819
-0.33274928,0.10915103,0.22137222,0.2550755
-0.56889904,0.107799955,-0.2325755,0.25503355
-0.5864291,0.10123927,0.049113266,0.2550755
0.17225589,0.10948103,-0.14263704,0.25503185
-0.53260016,0.09601046,0.029548287,0.25491866
0.002409078,0.096014746,-0.1812233,0.25488734
-0.007065542,0.11287595,0.05874539,0.25488734
0.11462807,0.09785607,0.22137222,0.2550755
-0.07759484,0.10789778,-0.09773735,0.25488734
-0.47035494,0.11124965,-0.14651242,0.25495774
0.17225589,0.10945996,-0.2325755,0.25494117
-0.50226855,0.10123014,-0.08902798,0.25490704
0.14872101,0.104250155,-0.04407885,0.2549312
-0.0101377,0.1104921,0.003244743,0.25502005
0.17225589,0.10146553,-0.123957865,0.25488734
-0.5864291,0.11103342,-0.12981096,0.25495267
-0.5864291,0.09851136,0.16466464,0.2550755
-0.007519849,0.09903426,-0.05041436,0.25497627
-0.5591933,0.09939105,-0.070364796,0.25492308
0.46369976,0.05293694,-0.039178617,0.25829577
1.1524559,0.052064955,-0.13972622,0.25817007
0.9291451,0.045473233,-0.07841895,0.2581733
1.085583,0.04360859,-0.03720834,0.2583909
1.0474733,0.04258076,-0.06288839,0.2583909
0.4744449,0.05293694,-0.099001564,0.2583909
1.146408,0.04258076,-0.0650131,0.2583909
0.60507643,0.05293694,0.2058531,0.25828212
0.47148833,0.05293694,-0.1170493,0.2583835
1.1821334,0.042828515,-0.0576377,0.25834575
0.8101939,0.04830508,-0.067185216,0.25827336
0.47286597,0.04900007,0.2058531,0.25830975
0.46369976,0.049537495,0.2058531,0.25820345
1.1821334,0.05293694,0.16643274,0.2582963
1.1559746,0.04258076,-0.07923872,0.25816804
1.1821334,0.049883217,0.2058531,0.25823808
0.4907559,0.04258076,0.2058531,0.25816643
0.47101787,0.052391335,-0.13184798,0.25826642
0.46369976,0.04258076,-0.101277165,0.2583909
0.87349916,0.05169417,0.2058531,0.25816643
1.1428783,0.04558061,0.1488194,0.25823092
0.4955683,0.04258076,-0.08568206,0.2582575
0.46369976,0.051347837,-0.13972622,0.25816643
0.46369976,0.04921381,-0.06754448,0.25818756
1.1821334,0.048596635,0.080339395,0.25824636
0.26295158,-0.008683704,0.30312982,0.25865883
0.53777844,-0.022250801,-0.13421737,0.2587149
0.57450604,0.002680651,-0.13421737,0.2585833
0.55034536,-0.022250801,0.28606027,0.25873044
0.55936587,-0.022250801,0.24973881,0.2586608
0.5032773,-0.008600526,-0.13421737,0.25873044
0.2800494,0.002680651,0.28822273,0.25866804
0.73347753,0.002680651,0.30744332,0.25856435
0.9251193,-0.022250801,0.29280385,0.25873044
0.52440286,0.002680651,-0.13421737,0.25855544
0.5547886,-0.022250801,0.23904057,0.25862712
0.54764485,-0.002555318,0.30861962,0.25855544
0.33514634,0.002680651,0.26772785,0.25867435
0.7038681,0.002680651,-0.13421737,0.25855544
0.26295158,2.88E-05,0.30246928,0.25873044
0.29271263,-0.020136163,-0.13421737,0.25863335
0.39374664,-0.019462809,0.21469073,0.25869492
0.5347049,-0.022250801,-0.13421737,0.2585844
0.30067667,-0.015385091,0.23441255,0.25873044
0.9251193,-0.021395743,-0.13421737,0.25855544
0.2880598,-0.00661137,0.22609751,0.25870255
0.54054046,-0.014528364,0.18091425,0.2585698
0.55370146,0.001195692,-0.13421737,0.2586391
0.9251193,-0.022250801,-0.13421737,0.25855544
0.9251193,-0.002447791,0.30630147,0.25867668
0.8936504,0.020154689,-0.267812,0.25809777
0.80353844,0.08165229,-0.052252315,0.25812268
0.07725546,0.052597962,0.002159774,0.25812533
0.8361671,0.020154689,-0.29058164,0.25800288
0.27674845,0.020154689,-0.29058164,0.25814092
0.28377524,0.07875339,0.0232694,0.2580072
0.07725546,0.08525781,-0.29058164,0.25810862
0.8936504,0.02476228,0.015246004,0.258116
0.44801,0.08525781,-0.2594158,0.25812277
0.42813215,0.025737725,0.0232694,0.25817573
0.61836827,0.07334746,0.0232694,0.25809678
0.38627926,0.070128076,-0.29058164,0.25812262
0.86683625,0.082107894,-0.21472993,0.25806412
0.33148238,0.020154689,0.0232694,0.2580353
0.338138,0.07823814,-0.21857387,0.25800288
0.44385985,0.020154689,-0.25935823,0.25817573
0.8936504,0.020914145,-0.21008286,0.25800288
0.46467844,0.020154689,-0.019044004,0.25813282
0.29928052,0.067430295,-0.23730394,0.25817573
0.43922064,0.02951888,-0.18278727,0.258116
0.07725546,0.08362941,-0.26642573,0.25807518
0.07725546,0.07611928,0.0232694,0.2580063
0.54652685,0.08525781,-0.26161578,0.25800288
0.66443086,0.079498984,0.0232694,0.2581107
0.82323664,0.08108509,0.0232694,0.2580625
-0.070559666,-0.020053843,-0.118615255,0.2578647
-0.11219786,-0.030702002,0.093430765,0.2578885
-0.5405271,-0.032511294,-0.118615255,0.2578408
-0.10255588,-0.034050744,0.19857769,0.25798827
-0.23259713,-0.028819032,-0.118615255,0.25787407
-0.5405271,-0.034050744,0.1001695,0.2579359
-0.12541912,-0.030890062,0.113086164,0.25792697
-0.45047826,-0.026085652,-0.02635593,0.2578408
-0.29386196,-0.034050744,0.115537144,0.2578782
-0.16960245,-0.026934303,0.19857769,0.25798827
-0.14630651,-0.027633876,0.09705191,0.25788826
-0.070559666,-0.034037776,-0.118615255,0.2578955
-0.13272491,-0.033788852,0.008384846,0.25798827
-0.33304048,-0.024990551,0.09353522,0.25796643
-0.4543692,-0.020053843,0.10863917,0.25797096
-0.5405271,-0.020053843,-0.118615255,0.25785947
-0.42887217,-0.023815714,0.16473417,0.25798827
-0.12363455,-0.02823183,-0.118615255,0.25795406
-0.3368252,-0.020053843,-0.118615255,0.2578408
-0.4064027,-0.028405659,0.1014342,0.25788167
-0.5405271,-0.023966268,0.11235081,0.2578793
-0.10670939,-0.034050744,-0.118615255,0.2578408
-0.070559666,-0.020053843,0.19857769,0.25798827
-0.5405271,-0.021374196,0.19857769,0.25798827
-0.5405271,-0.030799903,-0.118615255,0.25787914
-0.87780297,0.07447408,0.36021712,0.25389218
-0.48927164,0.074587345,0.36021712,0.2541197
-0.74134856,0.051221535,-0.188369,0.2531601
-0.35103166,0.07294822,-0.09192516,0.25295526
-0.41347557,0.06679481,-0.17682113,0.253147
-0.87780297,0.08004048,-0.108417675,0.25308585
-0.7501747,0.0783422,-0.06463501,0.25299037
-0.87780297,0.048582308,-0.14097661,0.25295526
-0.87780297,0.05303748,-0.16806436,0.25304466
-0.86127764,0.048582308,-0.023061492,0.25317287
-0.4994092,0.08004048,-0.13030738,0.25321954
-0.87780297,0.05199033,-0.188369,0.2531381
-0.75348276,0.07952666,-0.08065568,0.25319725
-0.62214726,0.08004048,-0.005802013,0.25295526
-0.6888061,0.048582308,-0.005802013,0.25321954
-0.35103166,0.071595445,-0.086211294,0.25319964
-0.35103166,0.048582308,-0.04553552,0.25321954
-0.35103166,0.08004048,-0.07008891,0.25306034
-0.7436448,0.08004048,-0.03219433,0.2531975
-0.7393411,0.053704068,-0.090765536,0.25309289
-0.7394401,0.048582308,-0.06711593,0.25295526
-0.35103166,0.048582308,-0.188369,0.2531395
-0.7525055,0.07665762,-0.058011785,0.2530527
-0.35103166,0.07121679,-0.074503765,0.253101
-0.750171,0.069594055,-0.005802013,0.2530633
-0.9377275,-0.18235962,-0.051439807,0.2531124
-0.7829579,-0.17457242,-0.188369,0.25314412
-0.9309143,-0.16769022,-0.014415309,0.253139
-0.272343,-0.17183171,-0.009775125,0.25325096
-0.6900403,-0.18136346,0.020617358,0.25328425
-0.73669386,-0.11248385,-0.021869719,0.2533512
-0.79734766,-0.18046452,-0.011155598,0.2533153
-0.3126266,-0.17737544,0.017917477,0.25324637
-0.56140757,-0.14991632,-0.027042277,0.25320637
-0.70706975,-0.17684561,0.01722768,0.25339663
-0.82914066,-0.14168854,-0.027042277,0.25317612
-0.9642544,-0.16037197,-0.026168741,0.25304186
-0.32515076,-0.09835301,-0.002037101,0.2532865
-0.272343,-0.1765243,0.030669294,0.25336692
-0.3997245,-0.08037909,0.002641909,0.25339663
-0.93325925,-0.08037909,-0.005827583,0.25317177
-0.7003737,-0.10777624,0.030669294,0.25322735
-0.7345699,-0.08037909,0.009544589,0.2531779
-0.6772174,-0.08037909,0.030669294,0.25304186
-0.6978766,-0.18431042,-0.025779374,0.25335974
-0.75104535,-0.18207721,-0.027042277,0.25325143
-0.6893854,-0.115233764,0.005174883,0.25339663
-0.67674357,-0.16560589,0.030669294,0.25327432
-0.75708807,-0.17671955,-0.011916816,0.25327608
-0.4781191,-0.08037909,-0.014061362,0.25313967
0.24468502,0.056796715,-0.022039123,0.25309888
0.36779025,0.06867409,0.030669294,0.25308907
0.7147268,0.03809461,-0.07361973,0.25361115
0.3983504,0.06362663,-0.07861435,0.25368726
0.7147268,0.03809461,-0.064950205,0.25368726
0.5299138,0.059678733,0.046521857,0.25360617
0.32189402,0.049208656,-0.05200293,0.25365752
0.42154416,0.03809461,-0.06768911,0.25366682
0.68833995,0.059684455,0.009232231,0.25354934
0.24468502,0.03809461,0.16163397,0.25360453
0.47788808,0.07075176,-0.08910575,0.25366807
0.34463912,0.073242694,-0.033812925,0.25355476
0.44379714,0.07264182,-0.047553577,0.2536068
0.3477063,0.07135552,0.043443605,0.2536192
0.64573824,0.066607684,-0.09104403,0.25357902
0.7147268,0.03809461,0.16163397,0.25354934
0.27596352,0.07091609,0.16163397,0.253571
0.28671724,0.03809461,-0.075712524,0.25368726
0.24468502,0.04510951,-0.010588065,0.25355393
0.7147268,0.074058935,-0.07051324,0.25368726
0.708035,0.074059226,0.16163397,0.25360012
0.4432725,0.074059226,-0.062954225,0.25354934
0.7147268,0.054713726,-0.06895728,0.25365478
0.29422432,0.06821777,0.16163397,0.25361848
0.26367646,0.059136197,-0.020807885,0.25368726
0.65393555,-0.00194335,-0.057000704,0.25354934
0.5803656,-0.016505316,0.16163397,0.2536704
0.47453445,0.000427753,-0.001157321,0.25481895
0.4716677,-0.002801538,-0.34872395,0.25488275
0.9005465,-0.025709212,-0.22396183,0.25481477
0.5975602,-0.001102582,-0.22677213,0.25482053
0.572365,-0.008778907,-0.35823157,0.2548095
0.76611745,0.00020498,0.21200427,0.25486678
0.57475126,-0.015019767,-0.6284275,0.25479868
0.7045067,-0.007857546,-0.044951394,0.25480467
0.4716677,-0.00133571,-0.6284275,0.25476623
0.7021753,-0.000748307,0.21200427,0.25485346
0.9005465,-0.004661478,-0.6284275,0.2548182
0.9005465,-0.025709212,-0.27070695,0.2549158
0.65700585,-0.019557849,0.002760336,0.2549158
0.4716677,-0.002664745,0.21200427,0.25488868
0.61506426,-0.025709212,-0.06311122,0.25484374
0.6562611,-0.025709212,-0.25960818,0.25490227
0.61250335,0.001332601,-0.011373192,0.2548692
0.4716677,-0.002741762,-0.6284275,0.25475207
0.9005465,-0.019920371,0.21200427,0.25478113
0.6890011,-0.014024727,-0.6284275,0.25491574
0.8906026,-0.006637521,0.21200427,0.2548599
0.67628545,-0.025709212,-0.6284275,0.25475207
0.4716677,-0.00315138,-0.21483156,0.2547659
0.60051334,-0.0486959,-0.6284275,0.25475207
0.57575357,-0.04937514,-0.6284275,0.2549158
0.58141935,-0.045621812,0.6326668,0.2529448
0.559842,-0.049972847,0.52406424,0.2527723
0.5990179,-0.0476083,0.19430035,0.2527723
0.47333843,-0.053749375,0.6326668,0.2528513
0.47333843,-0.051728763,0.6010163,0.25287253
0.6124491,-0.04890039,0.5723509,0.25296557
0.5877316,-0.0588862,0.22716832,0.25280887
0.5581488,-0.064991,0.5529383,0.25282836
0.4899649,-0.06275995,0.20725071,0.25299844
0.54451805,-0.064991,0.14886785,0.25299844
0.49806,-0.064991,0.6326668,0.2527889
0.56647605,-0.06218465,0.6173278,0.25291473
0.5588586,-0.05335798,0.58864003,0.25294483
0.52848035,-0.051537134,0.20546952,0.2529648
0.47333843,-0.046014123,0.58171356,0.25287348
0.5734189,-0.048712373,0.1895504,0.2527723
0.5652541,-0.045772307,0.14886785,0.25285473
0.6124491,-0.05021505,0.14886785,0.25286186
0.51861316,-0.04962241,0.21442372,0.25299844
0.5913125,-0.064011216,0.6326668,0.25285524
0.6124491,-0.064991,0.5743045,0.25299844
0.50041455,-0.051244043,0.24710205,0.2527723
0.5595055,-0.050596513,0.6326668,0.25288332
0.38850942,-0.1802373,0.21223184,0.25297713
0.21427822,-0.17521675,0.25447345,0.25299844
0.06991279,-0.18111733,-0.6020492,0.2548495
0.08831629,-0.19187737,-0.07219446,0.2549277
0.09805201,-0.17015234,-0.3327616,0.25489712
0.28745994,-0.18640436,-0.521367,0.2546521
0.2448385,-0.18629967,-0.6020492,0.25488526
0.06991279,-0.19210708,-0.38969222,0.25490767
0.06991279,-0.18231031,-0.07219446,0.25472152
0.4204972,-0.17721339,-0.07219446,0.254775
0.20206943,-0.16904056,-0.5149549,0.2546521
0.19374004,-0.1718342,-0.07219446,0.25494528
0.06991279,-0.19210708,-0.6020492,0.2548393
0.4204972,-0.17737266,-0.07219446,0.2548654
0.4204972,-0.17190906,-0.11225083,0.25495467
0.2054759,-0.16904056,-0.51703423,0.2546521
0.4204972,-0.18212281,-0.5114237,0.25488332
0.37997523,-0.17545193,-0.07219446,0.25467682
0.28434423,-0.18338181,-0.5160238,0.2546521
0.4204972,-0.18527566,-0.49842972,0.25487316
0.27416694,-0.19210708,-0.07609115,0.25495467
0.4204972,-0.1771994,-0.5822545,0.2549128
0.4204972,-0.17926353,-0.07219446,0.254866
0.06991279,-0.19210708,-0.6020492,0.25494152
0.41135165,-0.16904056,-0.2183193,0.2547347
-0.24392197,-0.10806286,-0.6020492,0.25481904
-0.35225603,-0.09668455,-0.2845005,0.25470853
-0.20633748,-0.1423424,0.22147924,0.2561633
-0.2235089,-0.12302081,0.22147924,0.25609905
-0.35225603,-0.09668455,0.38017023,0.2560002
-0.18721521,-0.14348963,0.22147924,0.25622997
-0.15863982,-0.09668455,0.34418416,0.2562135
-0.35225603,-0.14348963,0.22147924,0.25621045
-0.1708616,-0.1382831,0.25748032,0.25616005
-0.16406068,-0.14271608,0.241822,0.2562292
-0.15863982,-0.09668455,0.22294483,0.2560744
-0.21444193,-0.14348963,0.31534055,0.25615954
-0.35225603,-0.0996668,0.22147924,0.25621864
-0.33730775,-0.14348963,0.38017023,0.2560447
-0.2000285,-0.11827588,0.38017023,0.2560002
-0.17340991,-0.14348963,0.23012844,0.2561359
-0.35225603,-0.09668455,0.33672294,0.25622997
-0.18680179,-0.10219785,0.38017023,0.25605732
-0.19673526,-0.13887239,0.2927162,0.25617716
-0.35225603,-0.09668455,0.31261277,0.25621974
-0.15863982,-0.13585007,0.25962263,0.25619793
-0.35225603,-0.13891637,0.38017023,0.2560002
-0.17114061,-0.11130677,0.38017023,0.2560002
-0.20040187,-0.14348963,0.25456968,0.25617787
-0.3442126,-0.09668455,0.31375647,0.25615153
-0.50425076,-0.008598411,0.25882575,0.25600186
-0.046562463,-0.016938776,0.38017023,0.2560002
0.061732724,-0.013338253,0.09725381,0.25539702
0.046058595,-0.008598411,0.031298462,0.25518474
-1.2026311,-0.029369801,-0.16145405,0.25521508
-0.037840262,-0.03597886,-0.16145405,0.25530604
0.056172863,-0.03597886,0.16504055,0.25539702
-1.2026311,-0.028574094,0.16504055,0.25513297
0.027069196,-0.03597886,0.009331934,0.25539702
-1.2026311,-0.008598411,0.16504055,0.25513297
0.043035388,-0.008797638,0.15833443,0.25529432
-1.2026311,-0.030271083,0.16504055,0.25539702
-0.090058394,-0.021626092,-0.03105706,0.25513297
0.036910146,-0.008598411,-0.031220764,0.25519484
-0.001743734,-0.020775542,0.018910669,0.25533524
-1.2026311,-0.021805763,-0.16145405,0.25527257
0.007842004,-0.029782325,-0.010398038,0.2552747
0.059813917,-0.03597886,-0.061615728,0.25522658
-1.2026311,-0.008598411,-0.029347591,0.25537944
0.048153386,-0.029091254,-0.04949724,0.25539702
-0.237081,-0.029210195,-0.012332596,0.25521716
-1.2026311,-0.024391398,0.16504055,0.25526214
-1.2026311,-0.025020838,-0.100983955,0.25513297
-0.3890851,-0.008598411,-0.04231511,0.25527903
-1.2026311,-0.03422305,-0.022776023,0.2551372
-0.3442126,-0.09668455,-0.015553229,0.25536343
-0.50425076,-0.008598411,0.16504055,0.25513297
-0.046562463,-0.016938776,-0.18774578,0.25457606
0.061732724,-0.013338253,0.07005192,0.25483552
0.046058595,-0.008598411,0.0625106,0.25483415
-1.2026311,-0.029369801,-0.005997598,0.25477389
-0.037840262,-0.03597886,-0.28357786,0.2547942
0.056172863,-0.03597886,-0.28357786,0.25461107
-1.2026311,-0.028574094,0.052677915,0.25476044
0.027069196,-0.03597886,-0.24778828,0.25457606
-1.2026311,-0.008598411,-0.025004022,0.25470656
0.043035388,-0.008797638,0.03587591,0.25474423
-1.2026311,-0.030271083,-0.023649514,0.25457606
-0.090058394,-0.021626092,-0.05997853,0.25478846
0.036910146,-0.008598411,-0.24493042,0.25480822
-0.001743734,-0.020775542,-0.1370472,0.25459045
-1.2026311,-0.021805763,-0.011091344,0.25482056
0.007842004,-0.029782325,-0.2437031,0.25479618
0.059813917,-0.03597886,-0.035493314,0.25457606
-1.2026311,-0.008598411,-0.030831128,0.25457606
0.048153386,-0.029091254,-0.28357786,0.25474963
-0.237081,-0.029210195,0.003467545,0.2546307
-1.2026311,-0.024391398,-0.21797305,0.2547602
-1.2026311,-0.025020838,-0.014039822,0.2547803
-0.3890851,-0.008598411,0.0426851,0.25480166
-1.2026311,-0.03422305,0.011594206,0.2547564
,,0.019595806,0.25476313
,,0.002938099,0.2546733
,,0.29279277,0.25471964
,,-0.16015452,0.2546733
,,-0.16015452,0.25475857
,,-0.16015452,0.2546733
,,-0.090378515,0.25483364
,,-0.16015452,0.25473264
,,0.065922156,0.2546733
,,-0.16015452,0.2548043
,,0.30120713,0.25484836
,,0.30120713,0.25479928
,,0.07824565,0.25477496
,,0.1074968,0.2547503
,,0.11765191,0.25484836
,,0.30120713,0.25479257
,,0.30120713,0.2548136
,,0.30120713,0.25484836
,,0.030080296,0.25484836
,,0.19995072,0.2546733
,,0.013692468,0.25474772
,,0.30120713,0.2547964
,,-0.13905054,0.25472054
,,0.13045262,0.2547096
,,0.034813195,0.25473133
,,0.07320251,0.25484836
,,-0.32426846,0.25472772
,,-0.23206991,0.2547471
,,0.17199078,0.2546447
,,0.103115164,0.2547868
,,-0.21574679,0.2547302
,,-0.32426846,0.25465494
,,0.17199078,0.2546447
,,0.16174766,0.25472102
,,0.14654022,0.25469676
,,0.17199078,0.25469524
,,-0.31849146,0.25475797
,,0.17199078,0.2547868
,,-0.32426846,0.2546673
,,-0.319705,0.2546447
,,-0.12832703,0.2547349
,,0.10648008,0.2546447
,,0.1706526,0.25474733
,,-0.26946467,0.2547868
,,0.17199078,0.2547868
,,-0.32426846,0.25471324
,,0.17199078,0.25477147
,,0.16814987,0.2546461
,,-0.32186115,0.25472108
,,-0.32426846,0.25472033
,,-0.32426846,0.25467637
,,0.15682024,0.25532192
,,0.17800847,0.25539756
,,0.053027682,0.25529242
,,0.06544551,0.25531644
,,0.08919219,0.25532737
,,0.17354879,0.25526774
,,0.07158947,0.25539756
,,-0.14150006,0.25536793
,,0.17800847,0.2552076
,,-0.006018288,0.25533804
,,0.055799693,0.2552076
,,0.03184369,0.2552147
,,0.17800847,0.2552076
,,0.07374052,0.25538072
,,0.060909506,0.2552798
,,0.17800847,0.25529656
,,-0.14150006,0.25539756
,,0.03050264,0.25539756
,,0.05767214,0.2552076
,,-0.14150006,0.2553582
,,-0.14150006,0.25539756
,,-0.040310748,0.25523666
,,0.17712352,0.2552138
,,-0.14150006,0.25535578
,,-0.14150006,0.25533304
,,0.14826553,0.25577667
,,0.14826553,0.25580728
,,0.14826553,0.2558824
,,0.0437652,0.2558898
,,-0.074530005,0.25592846
,,0.002957456,0.2558693
,,0.031724453,0.25589007
,,-0.015884414,0.25576437
,,0.094046675,0.25592905
,,0.06537356,0.25576332
,,-0.06455576,0.25592905
,,-0.0610886,0.255858
,,0.14826553,0.25586265
,,0.033505376,0.25574696
,,-0.049778543,0.25574696
,,0.009486012,0.25585845
,,0.056540694,0.2558336
,,0.14826553,0.25578716
,,0.043956142,0.2558703
,,-0.013089448,0.25576705
,,-0.074530005,0.25588882
,,0.14826553,0.25585973
,,0.005752176,0.25590023
,,0.0676437,0.25574696
,,0.14826553,0.25579914
,,-0.08213776,0.2564809
,,-0.07655664,0.25639507
,,-0.021845981,0.25643706
,,-0.04101427,0.25629088
,,-0.027764112,0.25644884
,,-0.09875804,0.25661185
,,-0.0300389,0.25661185
,,-0.033020012,0.25648832
,,-0.03408715,0.25652683
,,-0.021701932,0.25640652
,,-0.040879622,0.2565614
,,-0.06498678,0.2562314
,,0.08058727,0.25648344
,,0.08058727,0.2565314
,,-0.045880735,0.25640583
,,-0.003970578,0.25657132
,,-0.09875804,0.25651863
,,-0.085731104,0.25632793
,,-0.09875804,0.2562314
,,-0.011196636,0.25651145
,,0.08058727,0.25661185
,,-0.07291256,0.25645268
,,0.08058727,0.25651
,,0.08058727,0.2562314
,,0.08058727,0.25634173
,,-0.087995775,0.2549985
,,-0.103136785,0.25491878
,,-0.2325755,0.2550755
,,0.22137222,0.2550755
,,0.053111225,0.25497037
,,0.22137222,0.2549819
,,0.22137222,0.2550755
,,-0.2325755,0.25503355
,,0.049113266,0.2550755
,,-0.14263704,0.25503185
,,0.029548287,0.25491866
,,-0.1812233,0.25488734
,,0.05874539,0.25488734
,,0.22137222,0.2550755
,,-0.09773735,0.25488734
,,-0.14651242,0.25495774
,,-0.2325755,0.25494117
,,-0.08902798,0.25490704
,,-0.04407885,0.2549312
,,0.003244743,0.25502005
,,-0.123957865,0.25488734
,,-0.12981096,0.25495267
,,0.16466464,0.2550755
,,-0.05041436,0.25497627
,,-0.070364796,0.25492308
,,-0.039178617,0.25829577
,,-0.13972622,0.25817007
,,-0.07841895,0.2581733
,,-0.03720834,0.2583909
,,-0.06288839,0.2583909
,,-0.099001564,0.2583909
,,-0.0650131,0.2583909
,,0.2058531,0.25828212
,,-0.1170493,0.2583835
,,-0.0576377,0.25834575
,,-0.067185216,0.25827336
,,0.2058531,0.25830975
,,0.2058531,0.25820345
,,0.16643274,0.2582963
,,-0.07923872,0.25816804
,,0.2058531,0.25823808
,,0.2058531,0.25816643
,,-0.13184798,0.25826642
,,-0.101277165,0.2583909
,,0.2058531,0.25816643
,,0.1488194,0.25823092
,,-0.08568206,0.2582575
,,-0.13972622,0.25816643
,,-0.06754448,0.25818756
,,0.080339395,0.25824636
,,0.30312982,0.25865883
,,-0.13421737,0.2587149
,,-0.13421737,0.2585833
,,0.28606027,0.25873044
,,0.24973881,0.2586608
,,-0.13421737,0.25873044
,,0.28822273,0.25866804
,,0.30744332,0.25856435
,,0.29280385,0.25873044
,,-0.13421737,0.25855544
,,0.23904057,0.25862712
,,0.30861962,0.25855544
,,0.26772785,0.25867435
,,-0.13421737,0.25855544
,,0.30246928,0.25873044
,,-0.13421737,0.25863335
,,0.21469073,0.25869492
,,-0.13421737,0.2585844
,,0.23441255,0.25873044
,,-0.13421737,0.25855544
,,0.22609751,0.25870255
,,0.18091425,0.2585698
,,-0.13421737,0.2586391
,,-0.13421737,0.25855544
,,0.30630147,0.25867668
,,-0.267812,0.25809777
,,-0.052252315,0.25812268
,,0.002159774,0.25812533
,,-0.29058164,0.25800288
,,-0.29058164,0.25814092
,,0.0232694,0.2580072
,,-0.29058164,0.25810862
,,0.015246004,0.258116
,,-0.2594158,0.25812277
,,0.0232694,0.25817573
,,0.0232694,0.25809678
,,-0.29058164,0.25812262
,,-0.21472993,0.25806412
,,0.0232694,0.2580353
,,-0.21857387,0.25800288
,,-0.25935823,0.25817573
,,-0.21008286,0.25800288
,,-0.019044004,0.25813282
,,-0.23730394,0.25817573
,,-0.18278727,0.258116
,,-0.26642573,0.25807518
,,0.0232694,0.2580063
,,-0.26161578,0.25800288
,,0.0232694,0.2581107
,,0.0232694,0.2580625
,,-0.118615255,0.2578647
,,0.093430765,0.2578885
,,-0.118615255,0.2578408
,,0.19857769,0.25798827
,,-0.118615255,0.25787407
,,0.1001695,0.2579359
,,0.113086164,0.25792697
,,-0.02635593,0.2578408
,,0.115537144,0.2578782
,,0.19857769,0.25798827
,,0.09705191,0.25788826
,,-0.118615255,0.2578955
,,0.008384846,0.25798827
,,0.09353522,0.25796643
,,0.10863917,0.25797096
,,-0.118615255,0.25785947
,,0.16473417,0.25798827
,,-0.118615255,0.25795406
,,-0.118615255,0.2578408
,,0.1014342,0.25788167
,,0.11235081,0.2578793
,,-0.118615255,0.2578408
,,0.19857769,0.25798827
,,0.19857769,0.25798827
,,-0.118615255,0.25787914
