gyro_rad[0],gyro_rad[1]
-0.10637848,0.0830221
-0.068149656,0.035845138
-0.045780376,0.0015674978
-0.03765531,-0.007106155
-0.025718808,-0.037868783
-0.01472269,-0.058272675
-0.0038262606,-0.055212885
0.0039035827,-0.06654473
0.010521129,-0.07760708
0.0063521564,-0.06840043
-0.0057487637,-0.055645525
-0.0067175925,-0.043372333
0.015741274,-0.05041772
0.00300017,-0.05474399
0.0028256923,-0.05292426
0.0012433827,-0.049585566
-0.010593578,-0.04474029
-0.014934838,-0.044467136
-0.0028081238,-0.040875793
-0.0069752187,-0.048625693
-0.013257846,-0.0393852
-0.013463736,-0.041788757
-0.017747134,-0.045966595
-0.00930883,-0.050288826
0.01353538,-0.07038766
-0.09664296,0.09566487
-0.045903303,0.06274387
-0.014361322,0.016190797
-0.015555039,0.016431719
0.0048965216,0.011292592
-0.0012710541,0.0023756623
0.01822567,-0.014076352
0.012507021,-0.0102838725
0.021474928,-0.019737229
0.027821511,-0.027012005
0.02023445,-0.011852965
0.035606995,-0.029549316
0.03938806,-0.027408004
0.023694888,-0.01480113
0.011525512,-0.010488391
0.019387588,-0.01897052
0.021019325,-0.015674755
0.016662002,-0.015380591
0.015879124,-0.010672599
0.028120175,-0.026586145
0.016447574,-0.01671122
0.040127844,-0.009925976
0.042068124,-0.02575314
0.027178675,-0.016942918
0.02425164,-0.015778735
-0.0699219,0.06824959
-0.022425778,0.036196038
-0.0005609989,0.011057481
0.0017756224,0.0076258183
-0.00019623339,0.0036413372
0.024164796,-0.013665751
0.018081486,-0.011785701
0.01480861,-0.0062096566
0.02334924,-0.011656329
0.014060646,-0.0017827451
0.0049536973,0.00062552094
0.028797135,-0.010399789
0.011881888,-0.00476709
0.0013962537,-0.0023553073
-0.00054846704,2.1129847e-05
0.015738502,-0.0013652295
0.015816063,-0.0064266026
0.013806656,-0.008387491
0.011416376,-0.0061128587
0.007258445,-0.0039144456
0.022197843,-0.010846138
0.019075528,-0.00902532
0.010476112,-0.007382989
0.019372717,-0.004348457
0.0029574037,0.0033687204
-0.039286844,0.009673603
-0.0035629869,-0.030623928
0.006715238,-0.04535234
0.016671896,-0.0674483
0.007060066,-0.058566555
-0.000113382936,-0.053422287
-0.0006968826,-0.05229053
-0.0019419938,-0.05232589
0.007632345,-0.06486288
0.002593875,-0.05783823
0.004843697,-0.05630362
0.0054571927,-0.058397055
-9.010732e-05,-0.055059925
-0.0012105107,-0.051044047
-0.0013405979,-0.04778695
0.0061510354,-0.06122753
0.012074396,-0.06964636
0.010482803,-0.06475569
0.0017886162,-0.056299493
-0.0030708164,-0.047906473
-0.004453227,-0.047983333
0.0047116876,-0.059732437
0.0039057732,-0.062182635
0.0022412986,-0.053675532
-0.0014544576,-0.052735
-0.029562287,0.028233714
0.007605657,-0.0068927705
0.02161102,-0.015014246
0.022434622,-0.015362874
0.02068466,-0.008673608
0.010902837,-0.005562037
0.009055719,-0.0014215633
0.0035419464,0.00090316683
0.0028005838,0.0017908812
0.00920932,-0.0020462722
0.01288192,-0.0014842972
0.0039619952,0.0035501271
0.011828542,-0.001741372
0.016650245,-0.0003682077
0.0073455125,0.0029547885
0.0069048554,0.0004381016
0.005161926,0.0033432394
0.0019768327,0.007060595
0.0019643158,0.005304016
0.0015126467,0.0023528188
0.00055138767,0.0031098202
0.008996978,-0.0042061806
0.010598913,-0.00310041
0.005717352,-0.0008203089
0.0012832731,0.0012063012
-0.019030772,-0.004354961
0.01827602,-0.047646202
0.022399768,-0.048547067
0.032376125,-0.056791462
0.024275348,-0.052414827
0.023527354,-0.04781709
0.015461847,-0.03486652
0.013731137,-0.026173152
0.0116015375,-0.025344782
0.006522,-0.021716066
0.011317208,-0.028118797
0.015516445,-0.031644665
0.01430513,-0.032800443
0.012489632,-0.029422708
0.013948098,-0.033526637
0.013547182,-0.028723024
0.008576617,-0.02521456
0.008006871,-0.02175533
0.007127747,-0.020585813
0.006659895,-0.024496548
0.012995854,-0.031488486
0.014102533,-0.03416363
0.009460166,-0.024775185
0.015223548,-0.03496366
0.0136858225,-0.029243238
0.007377237,-0.0054317713
0.035137683,-0.019454837
0.03276843,-0.013894811
0.03306581,-0.009789586
0.027537629,-0.0042145625
0.021160737,-0.0040172786
0.021737635,-0.005585663
0.024418443,-0.0004670918
0.025640488,0.00070733577
0.027032405,-0.0010020211
0.029610142,0.0007193163
0.025009364,0.0032174513
0.022066087,0.005589336
0.024095982,0.006682113
0.020299211,0.002105184
0.026342124,-0.002118662
0.026703179,0.003365919
0.02747348,0.00067298114
0.030480713,0.00179822
0.026217282,0.004289314
0.023169845,0.0039082617
0.026451573,0.0032062232
0.024688274,0.002246648
0.022762865,-0.00022294372
0.02025278,0.0007901639
-0.014927819,0.032969438
0.02651921,0.013398178
0.02239877,0.026536122
0.017991781,0.030931026
0.01238732,0.03799402
0.011290729,0.04332734
0.007415071,0.045803823
0.00513535,0.042851888
0.0048513412,0.04152648
0.0050748885,0.036882967
0.009108409,0.036773056
0.011355862,0.041545324
0.014006421,0.038908742
0.012083456,0.04570794
0.006441623,0.043233834
0.0060410947,0.03779427
0.010761052,0.03999473
0.008658484,0.038258716
0.007321015,0.036961645
0.0069127977,0.036034346
0.012011364,0.03738115
0.008178264,0.03295441
0.008152857,0.032170653
0.011035889,0.035407692
0.013388604,0.042840347
-0.008340478,-0.01588545
0.016565293,-0.043188952
0.020224825,-0.04847423
0.014893204,-0.043333016
0.011105895,-0.036468543
0.007643819,-0.031457447
0.0047047213,-0.02850043
0.0055730194,-0.028983213
0.004472621,-0.026956774
0.008040637,-0.02874937
0.007754743,-0.029293321
0.0105627775,-0.04113408
0.006399393,-0.033012427
0.0058278516,-0.028694473
0.0032741874,-0.028274558
0.003232494,-0.02900777
0.0054228157,-0.027046584
0.008484766,-0.032311596
0.007478997,-0.029687144
0.007323548,-0.028707005
0.008024991,-0.02863238
0.007163517,-0.029704534
0.006976366,-0.02802103
0.011872664,-0.03543619
0.008251682,-0.029743128
-0.018276803,0.110539615
-0.0044780374,0.15108505
-0.008179717,0.18543112
-0.010509267,0.18742254
-0.012583315,0.20060024
-0.014214158,0.2262573
-0.012727521,0.22813752
-0.013884865,0.2248514
-0.009438179,0.24000914
-0.007002391,0.2409361
-0.008393049,0.23558864
-0.007961817,0.23202267
-0.004671,0.22604838
-0.0069368407,0.25705746
-0.009156831,0.22321677
-0.009779617,0.2452328
-0.0099824965,0.22705211
-0.008919463,0.2357786
-0.007240154,0.21626551
-0.010008626,0.22775412
-0.010066055,0.26139012
-0.00873629,0.25033686
-0.011242077,0.24755675
-0.009495661,0.23836824
-0.014012098,0.25110367
-0.015502669,0.121780604
-0.0005277768,0.13975318
-0.0020103306,0.16278641
-0.009311378,0.16756299
-0.014054276,0.17920466
-0.02106689,0.1756914
-0.023251966,0.17024614
-0.015591651,0.1567741
-0.014985487,0.16767746
-0.012303859,0.16645405
-0.012953334,0.15225294
-0.011894792,0.15009004
-0.009558558,0.1449072
-0.010044776,0.15015037
-0.008130334,0.16245851
-0.012623519,0.16376199
-0.016396016,0.17379136
-0.019594267,0.16649395
-0.020269573,0.19432105
-0.01945369,0.19049072
-0.019115455,0.17079529
-0.01773259,0.15873991
-0.01352229,0.15553862
-0.0127630085,0.16320047
-0.013407297,0.15796204
-0.013210103,0.060206078
0.008669645,0.044932798
0.0063904524,0.04463324
0.002472438,0.04501325
-0.0009180978,0.045932584
0.00014431775,0.04322063
-0.0026891306,0.039608568
-0.003848128,0.039396055
0.0032092556,0.047062382
-0.0007064268,0.044807658
-0.004537761,0.046981834
-0.002582945,0.04361953
-0.0027734935,0.046437062
-0.0024614036,0.039157555
-0.007940605,0.042800263
-0.003222935,0.045249768
-0.005593002,0.041391924
-0.0013470873,0.0449778
-0.0014742389,0.04360521
-0.005909525,0.046407342
0.00080097467,0.043574296
-0.000229083,0.045685194
0.00018927455,0.042620443
-0.0011651963,0.044331506
0.0009971485,0.041535698
-0.028479941,0.005179599
-0.013809428,-0.024404392
-0.01286073,-0.042207465
-0.020086765,-0.046125516
-0.022681125,-0.050440013
-0.03238771,-0.061754376
-0.036551118,-0.063087374
-0.032776557,-0.0599986
-0.033750683,-0.058544785
-0.034239963,-0.06258531
-0.030511647,-0.062071487
-0.029329963,-0.061723635
-0.027418755,-0.06174165
-0.03305103,-0.060361087
-0.029091746,-0.061734736
-0.031328104,-0.058693588
-0.03297162,-0.059240356
-0.04013118,-0.06563321
-0.03484322,-0.06257489
-0.044135354,-0.06824328
-0.03905592,-0.06808348
-0.036500037,-0.0630853
-0.03290087,-0.058980152
-0.029452994,-0.06025864
-0.03080237,-0.063563794
-0.062966734,-0.050685637
-0.07272264,-0.102261715
-0.088671856,-0.12332762
-0.11518475,-0.14941484
-0.12951994,-0.15145382
-0.14048809,-0.1555647
-0.14571454,-0.15369159
-0.14000885,-0.15624213
-0.14869192,-0.15846983
-0.13629195,-0.15239054
-0.12713905,-0.14546344
-0.13010101,-0.15062085
-0.121669225,-0.14134398
-0.11777611,-0.14209402
-0.124188885,-0.14383656
-0.12990971,-0.14923012
-0.14125687,-0.15616691
-0.13320738,-0.14848447
-0.14120197,-0.15535498
-0.1294618,-0.14934203
-0.1368896,-0.15287566
-0.1380956,-0.15743616
-0.14552714,-0.16030872
-0.1437401,-0.16298467
-0.15127847,-0.16629648
-0.0065519735,-0.038812123
0.008417629,-0.088039435
0.0077930167,-0.103815265
0.0022801757,-0.110534765
0.0009626597,-0.10975469
0.00029835105,-0.11543731
-0.0062198415,-0.114187576
-0.009871773,-0.11994768
-0.0031086653,-0.11419574
-0.0037479922,-0.11251744
-0.0023820177,-0.11943462
0.0027607605,-0.11832038
-0.00091536343,-0.11455766
-0.0034030825,-0.11241438
-0.006467268,-0.116177805
-0.0055067465,-0.119104244
-0.0072478876,-0.11663651
-0.0035675392,-0.120199166
-0.0041183084,-0.11433246
-0.0067215413,-0.11306762
-0.0031739548,-0.11301153
0.002881363,-0.118519284
-0.0002887845,-0.11078248
0.00030433387,-0.111995526
-0.0019961745,-0.11251185
-0.082317166,-0.037191816
-0.11137543,-0.075721525
-0.12980515,-0.082702555
-0.18353893,-0.102224626
-0.17139189,-0.09478601
-0.17970508,-0.09508205
-0.1689482,-0.0938778
-0.20334011,-0.10089404
-0.18807901,-0.10010966
-0.18027103,-0.09305125
-0.1746066,-0.09135663
-0.1720877,-0.0902758
-0.1802985,-0.09921058
-0.17945649,-0.09503064
-0.17091753,-0.094421886
-0.17993136,-0.09687712
-0.1897375,-0.107655756
-0.18570311,-0.09940977
-0.2019906,-0.10687413
-0.17966291,-0.09475946
-0.16439727,-0.09210389
-0.17383401,-0.10029278
-0.17455141,-0.095835365
-0.16611078,-0.0942386
-0.17398128,-0.099168785
0.010850586,-0.01294823
0.05101203,-0.05550857
0.051091276,-0.06086828
0.049488418,-0.063531354
0.05142709,-0.064162314
0.049258746,-0.06723639
0.05245488,-0.0645248
0.051858865,-0.06277591
0.05408507,-0.06502226
0.055418886,-0.06161581
0.051433675,-0.06215003
0.050790153,-0.06350827
0.05504728,-0.06328021
0.05235941,-0.061279714
0.052771665,-0.06052378
0.051349185,-0.062797904
0.050839923,-0.06232038
0.05070614,-0.06451914
0.047929786,-0.06393042
0.05149106,-0.063063174
0.049859814,-0.06161453
0.05445505,-0.06496616
0.052145414,-0.061652377
0.04970417,-0.060460925
0.050796352,-0.063223734
0.07332589,0.006096944
0.14595556,-0.0119580105
0.17099422,-0.011153787
0.1884512,-0.0026549995
0.20108601,0.0066325217
0.20376924,0.010161728
0.21036711,0.009922996
0.19632125,0.006016277
0.19478598,0.0055125505
0.19589451,0.004827194
0.21901262,0.007821925
0.21782583,0.0098014325
0.22121572,0.009961441
0.21082458,0.008860134
0.21758291,0.010968365
0.20874381,0.009326823
0.20241421,0.010595329
0.20901674,0.011092164
0.22498101,0.01712013
0.21629444,0.016383521
0.2070981,0.008972749
0.19485864,0.008448191
0.20281497,0.008843474
0.19864845,0.0063916296
0.19977361,0.005517885
0.050145745,0.038019866
0.1126408,0.048715085
0.12412585,0.066769406
0.13921434,0.0996061
0.1436516,0.09779367
0.13847148,0.09213476
0.12874332,0.09693886
0.12868243,0.08320066
0.13646273,0.092122614
0.14666589,0.10626078
0.14261487,0.11118377
0.12632573,0.096293315
0.12171985,0.08633204
0.1327834,0.09301734
0.13212757,0.085564785
0.12564236,0.086595856
0.1269658,0.08486208
0.13179307,0.08369884
0.12373939,0.08206873
0.12213394,0.082566366
0.12517332,0.078362375
0.13140035,0.08013496
0.13541205,0.087219656
0.12936978,0.08668608
0.13140225,0.08736036
-0.0128133,0.020080417
-0.0023554116,-0.0020418763
0.02036485,-0.001186192
0.005631268,0.004073687
-0.019128114,0.009225927
-0.030177504,0.005934052
-0.013948463,0.0050293133
-0.04002998,0.004899062
-0.055574358,-0.007355556
-0.008685969,-0.013731025
-0.024259195,-0.0021025836
-0.009790815,0.0028574392
-0.041378155,0.0074036345
-0.0058156103,0.001080431
-0.009307973,0.0076039657
-0.041556284,0.006319113
-0.08637899,-0.01135952
-0.030607656,-0.00963825
-0.03638503,-0.007180609
-0.11759515,-0.021740206
-0.08554366,-0.031378202
-0.025068223,-0.03978444
-0.092379704,-0.027575485
-0.05823398,-0.034115724
-0.026326068,-0.02479174
0.0071586,0.05932324
0.036958784,0.060347494
0.06012042,0.072196096
0.043900356,0.07661976
0.048868448,0.080894664
0.06743005,0.09523468
0.07102768,0.1034344
0.060192287,0.09834724
0.038340256,0.09302033
0.07273473,0.09178225
0.051967517,0.095241174
0.04059653,0.08909577
0.105400845,0.122066975
0.08400214,0.1277586
0.08451477,0.12622046
0.08413406,0.12586994
0.06880297,0.12028095
0.032467633,0.10863699
0.06697461,0.10712999
0.07819317,0.12748604
0.08447571,0.13087909
0.08432926,0.13379309
0.021567002,0.11216951
0.06436971,0.10775441
0.051492438,0.095672205
0.059556782,-0.107914664
0.084866524,-0.12644821
0.116349354,-0.15168726
0.17235702,-0.17298415
0.15949413,-0.15460634
0.15999758,-0.1491139
0.15997735,-0.16258794
0.113925785,-0.18202215
0.15364808,-0.17439038
0.14773545,-0.15971994
0.15182376,-0.16749504
0.14664492,-0.18885109
0.14599532,-0.16806796
0.17216611,-0.15552345
0.1828135,-0.1471797
0.14680901,-0.147071
0.16755176,-0.14000499
0.15602782,-0.132783
0.14740005,-0.14326462
0.14924037,-0.14516917
0.15506169,-0.14383948
0.1482732,-0.14352205
0.13283172,-0.15491089
0.12749158,-0.17797822
0.12355445,-0.17974594
0.05098629,0.02767989
0.1276057,0.011638142
0.17031948,0.016848296
0.21215595,0.027255945
0.22401081,0.037380673
0.22641455,0.04752797
0.23391052,0.055933848
0.21543302,0.05357782
0.20505624,0.051780794
0.23751275,0.053742267
0.21282189,0.04828369
0.20833714,0.045119897
0.194853,0.042274117
0.2210937,0.042931378
0.2202789,0.048459917
0.23245339,0.05380151
0.2051319,0.052971
0.18744232,0.048449904
0.18295221,0.041732892
0.20027776,0.040507168
0.19673143,0.04169786
0.19122376,0.039270088
0.21652396,0.042934164
0.21350183,0.041096732
0.20139532,0.042940564
0.005768776,-0.0033729002
0.035528205,-0.037000902
0.05068875,-0.045647092
0.034039013,-0.055440225
0.02701617,-0.06664664
0.05401925,-0.06099517
0.066421725,-0.053315677
0.07349094,-0.04423336
0.073947646,-0.04779432
0.08425205,-0.050825797
0.09228093,-0.043131165
0.08117326,-0.04032918
0.06340306,-0.040574215
0.050737537,-0.045481347
0.052842714,-0.053586535
0.067259006,-0.05129827
0.07474489,-0.04540927
0.07740707,-0.043431975
0.05868631,-0.040397994
0.06488117,-0.040559508
0.0692059,-0.036660634
0.027748533,-0.051060937
0.057712354,-0.06907662
0.0676479,-0.061428376
0.043596096,-0.063349105
0.024521872,0.04475767
0.033963725,0.051473446
0.034122303,0.055276737
0.02813162,0.066278666
-0.003692858,0.053774722
-0.0014791042,0.04369998
0.017953843,0.048313208
0.027161032,0.054062176
0.029113993,0.06041621
0.024985895,0.062171508
0.024625733,0.06451975
0.027652472,0.08231949
0.005923137,0.06949047
0.007849164,0.06274498
0.0029310882,0.05511574
0.021935657,0.0576797
0.031659007,0.05815171
0.003090836,0.054826155
0.010917857,0.05158596
0.02579853,0.054693248
0.029938295,0.06004183
0.013877183,0.056665357
0.0277991,0.059989475
0.020744234,0.060477246
-0.011013709,0.051232744
-0.06386131,0.033100568
-0.07843085,0.026455462
-0.12741101,0.021348879
-0.116317384,0.017284915
-0.13712378,0.021474645
-0.14173754,0.026584774
-0.14576691,0.024416536
-0.16791065,0.016273774
-0.17947505,0.007449664
-0.1636814,-0.00015919656
-0.15622142,0.005773142
-0.16034035,0.009237945
-0.1412692,0.012393847
-0.14624289,0.016801
-0.151898,0.027216315
-0.16878147,0.02342397
-0.17987925,0.015600517
-0.16316023,0.010759406
-0.15413842,0.010013431
-0.1436869,0.019511543
-0.14640443,0.018786795
-0.17823738,0.023284338
-0.16308975,0.015425041
-0.15581296,0.009681895
-0.15393864,0.01180844
0.022352666,0.006165266
0.052130505,-0.014581852
0.044573218,-0.02247265
0.051611215,-0.022170246
0.048379898,-0.0156895
0.040128812,-0.019679993
0.04563713,-0.019750655
0.04724264,-0.020738155
0.057575345,-0.0102669075
0.051957518,-0.012275979
0.060148925,-0.016825743
0.037012696,-0.011494696
0.032590136,-0.017545313
0.043049395,-0.020550996
0.058111623,-0.031592757
0.06055148,-0.027139679
0.05262077,-0.022571087
0.051673636,-0.020176202
0.042691648,-0.016540043
0.044143796,-0.01981379
0.062084824,-0.024515808
0.059917435,-0.013695389
0.05659513,-0.016835064
0.05327283,-0.018475533
0.04292874,-0.02226305
0.1040341,0.036542706
0.16738623,0.030854575
0.21952438,0.04833784
0.2418367,0.058826275
0.25578427,0.072383724
0.26283005,0.08246723
0.24255961,0.08285329
0.24445206,0.08484164
0.2613409,0.09054392
0.2556682,0.08642107
0.2405645,0.08775247
0.24488878,0.08611879
0.25501508,0.08358617
0.2660556,0.09022771
0.25642863,0.09723247
0.24705416,0.09469457
0.27698535,0.09278696
0.28171524,0.094482675
0.27600974,0.09960006
0.26561216,0.09960416
0.27354175,0.091887884
0.26702923,0.09695626
0.2676501,0.100383855
0.26310012,0.09880935
0.26476106,0.09070365
0.14421533,-0.06922802
0.2379766,-0.11543432
0.25031757,-0.109437004
0.26498413,-0.10699953
0.29701084,-0.12220131
0.30089688,-0.11890292
0.32930768,-0.123717174
0.35495895,-0.14453362
0.37090623,-0.13377617
0.35997552,-0.13976888
0.37906665,-0.13352965
0.4001478,-0.15959637
0.37850285,-0.12923487
0.37129384,-0.12304123
0.35863674,-0.11093785
0.38002408,-0.14275526
0.35016334,-0.123897746
0.35143232,-0.12060206
0.35241008,-0.112827465
0.34542,-0.109518215
0.3393926,-0.10852644
0.3433813,-0.11229868
0.34328473,-0.10694346
0.34171885,-0.10164136
0.33062714,-0.102975816
0.18792139,0.023326077
0.30950034,0.03368379
0.35714293,0.06202095
0.412269,0.07272193
0.47828537,0.08749664
0.47709858,0.105291024
0.48563266,0.11962219
0.4689741,0.1256321
0.4442519,0.12525141
0.46791595,0.12607728
0.44616735,0.12955461
0.4355858,0.13218932
0.48341817,0.12655543
0.5082975,0.12871405
0.47248375,0.13042682
0.4477179,0.12801288
0.47620225,0.12444837
0.48271853,0.12599835
0.45788574,0.12709257
0.48879516,0.13121404
0.4869666,0.12928529
0.48118412,0.12717704
0.48927087,0.12540892
0.46511936,0.1316853
0.50691825,0.13520496
0.04768283,0.05554153
0.11712069,0.053085506
0.15909994,0.058031674
0.17176124,0.07576218
0.18840718,0.087072134
0.2077488,0.09095639
0.1992954,0.09826563
0.20805368,0.1010245
0.2097069,0.1008881
0.20306343,0.1112051
0.21180648,0.10814397
0.20619777,0.10966411
0.20948371,0.110456154
0.21314713,0.11262393
0.21966204,0.107268296
0.20875013,0.110461354
0.19716296,0.11095606
0.21480191,0.10829336
0.23105773,0.11843574
0.22298124,0.11219779
0.22554451,0.121789776
0.22701359,0.11753425
0.23424378,0.11215189
0.23211697,0.11893616
0.24530825,0.11788211
0.10162853,0.06454651
0.22754799,0.059235096
0.30681056,0.06587401
0.35681796,0.06455588
0.42879367,0.062659934
0.45295638,0.060588248
0.46868736,0.06127329
0.48498058,0.058407463
0.49819237,0.06556633
0.49179733,0.063094154
0.50338686,0.061857656
0.5280329,0.05856023
0.5176099,0.055227645
0.533195,0.058847792
0.5028719,0.058200084
0.52876914,0.060111582
0.513351,0.06254386
0.5206616,0.06847848
0.5158183,0.06948071
0.5045819,0.07044999
0.49443656,0.072860606
0.48709053,0.070957065
0.49273372,0.06998764
0.48878092,0.07387666
0.4966553,0.07044138
-0.10669333,-0.029605761
-0.17020911,-0.073082075
-0.27029634,-0.14234428
-0.35878178,-0.18701313
-0.35142285,-0.21387328
-0.34877163,-0.21953382
-0.34409875,-0.22463034
-0.30015957,-0.22982235
-0.30695274,-0.20566107
-0.27443308,-0.20867924
-0.2855566,-0.20662351
-0.28795248,-0.19973679
-0.25363582,-0.19526543
-0.2762701,-0.19570254
-0.2710451,-0.19807573
-0.30407697,-0.20842312
-0.30711126,-0.21159698
-0.32245752,-0.2161356
-0.30442658,-0.21544091
-0.3077337,-0.21559809
-0.32911193,-0.23290907
-0.29636136,-0.2259459
-0.2778415,-0.21974535
-0.29672715,-0.22622217
-0.28712174,-0.21769197
-0.11181576,-0.047630817
-0.216367,-0.11628036
-0.31805626,-0.17725687
-0.39218637,-0.22800033
-0.4154606,-0.25966716
-0.45802572,-0.29505807
-0.47717595,-0.3150317
-0.4966525,-0.33120877
-0.5027468,-0.33912545
-0.5096228,-0.3527581
-0.4958061,-0.3568669
-0.51350856,-0.3488016
-0.50463283,-0.3544944
-0.52616733,-0.3597377
-0.50538695,-0.3549952
-0.48646596,-0.35397577
-0.48096365,-0.340994
-0.4882944,-0.34015238
-0.4783568,-0.33667207
-0.46284282,-0.33514118
-0.4817991,-0.33815676
-0.47559282,-0.33889896
-0.49504846,-0.34163582
-0.4909132,-0.3416326
-0.48070788,-0.3424154
0.39590886,0.14449473
0.7216914,0.2715935
0.8631885,0.3827764
0.964791,0.45574903
0.9706413,0.49051768
1.0007114,0.5159024
0.9777401,0.53044164
0.95992786,0.5333186
0.98836094,0.53288484
0.96431583,0.53759253
0.99500424,0.5407227
1.040632,0.55000293
0.9853427,0.54537606
1.0063617,0.5516864
0.98756737,0.54370785
1.1284072,0.55807793
1.0561574,0.5542249
1.0457573,0.5568715
0.99696404,0.5511084
1.0845206,0.57176197
1.0271947,0.56249774
1.0132551,0.5548243
1.0301962,0.54897845
1.0945508,0.56772685
1.1178713,0.5671209
0.050245494,0.15838371
0.037861764,0.2295834
-0.016875543,0.33255664
-0.11512113,0.29556835
-0.17849666,0.33226264
-0.22707377,0.29473948
-0.24913013,0.2651122
-0.26065654,0.22861466
-0.26092285,0.24049051
-0.26122072,0.22329156
-0.25469416,0.2520322
-0.26598293,0.25889564
-0.26967934,0.24604401
-0.26963016,0.22193478
-0.27660695,0.2301987
-0.27301753,0.23263764
-0.27232534,0.20748639
-0.26663002,0.2109375
-0.27968207,0.23054883
-0.2795305,0.2325447
-0.27619272,0.23264691
-0.27671605,0.23463333
-0.2860417,0.23454323
-0.28280097,0.23446336
-0.2797375,0.20744339
-0.0030880272,0.107309386
-0.050319113,0.14562073
-0.13690847,0.16299774
-0.2076954,0.15826325
-0.2568053,0.17220403
-0.29699782,0.17366444
-0.29710218,0.17836836
-0.2980993,0.16994184
-0.3102433,0.18448359
-0.32195264,0.19831213
-0.30787888,0.17779155
-0.31880698,0.19601113
-0.32202932,0.2103577
-0.31284645,0.20554875
-0.33846003,0.22145781
-0.32667232,0.20058188
-0.31207308,0.20631956
-0.33190453,0.21637532
-0.33641198,0.22165951
-0.31928402,0.20160317
-0.3132356,0.19478363
-0.30563736,0.18683618
-0.3006567,0.18839356
-0.32463717,0.19653104
-0.32736787,0.20185474
-0.060751814,0.1710328
-0.107676774,0.22698933
-0.20615703,0.2900168
-0.2841028,0.3603133
-0.2808434,0.34861737
-0.25886628,0.34563944
-0.24779795,0.3550874
-0.23663591,0.3691577
-0.25280455,0.38801694
-0.2876686,0.4369816
-0.2794909,0.43415362
-0.2580318,0.41104522
-0.27441072,0.44605663
-0.26035586,0.43790048
-0.25171566,0.42117134
-0.2705366,0.44160786
-0.2568375,0.4333464
-0.2530209,0.4263782
-0.2463045,0.42434043
-0.24647777,0.42483428
-0.24039353,0.41498694
-0.2295357,0.41176188
-0.22987604,0.41099262
-0.23283151,0.42125294
-0.25251186,0.4279236
0.026559517,-0.050139107
0.037310913,-0.10275964
0.024268493,-0.14828905
0.019146204,-0.18568447
0.014933147,-0.211034
0.025728807,-0.20293868
0.039244518,-0.21776241
0.025930703,-0.23819727
0.021195069,-0.2427716
0.02917488,-0.2302793
0.037894905,-0.21332398
0.031172454,-0.21347862
0.025197178,-0.2172758
0.032270372,-0.20463294
0.022641048,-0.22468954
0.012402169,-0.23319185
0.027501881,-0.22318986
0.004668072,-0.23408142
0.00614617,-0.24603027
0.013509735,-0.23738226
0.023260415,-0.2268844
0.026785001,-0.21930549
0.03796135,-0.22132498
0.031811684,-0.20764285
0.034248933,-0.21855447
0.05891989,0.21399747
0.12471995,0.3294192
0.12551862,0.44405085
0.116018385,0.48959783
0.107619986,0.48612332
0.10530217,0.5050565
0.108738884,0.5424777
0.09818402,0.5409906
0.10085195,0.5599006
0.09282942,0.5390823
0.090476096,0.57930374
0.09062672,0.5464134
0.08715217,0.5452729
0.09300031,0.5494485
0.096675366,0.56880665
0.08953874,0.52852094
0.086802095,0.5377161
0.08590843,0.54853606
0.09380999,0.5320835
0.090937674,0.5262289
0.092290476,0.53218627
0.085232556,0.5368039
0.08743271,0.52792084
0.09414768,0.5357454
0.095388785,0.53392553
0.05286195,-0.1771197
0.06932194,-0.3513175
0.0877806,-0.43845215
0.102637194,-0.508521
0.10814179,-0.5523104
0.13033816,-0.53654456
0.12774402,-0.5711234
0.124660395,-0.5844441
0.13210782,-0.56732607
0.12944078,-0.593871
0.1407842,-0.5682887
0.14674446,-0.5416017
0.12422531,-0.6059661
0.12237113,-0.58952045
0.12956858,-0.6007358
0.1308578,-0.5948614
0.12892723,-0.59654963
0.1397478,-0.5813859
0.13743842,-0.6074741
0.13683042,-0.5965349
0.14244953,-0.547798
0.13168472,-0.62161595
0.1242333,-0.6213865
0.12574801,-0.6428557
0.11403916,-0.6319723
0.099077426,-0.3280094
0.13394919,-0.45922208
0.18097943,-0.5937706
0.21559903,-0.67608327
0.23707905,-0.7324032
0.25741705,-0.7821404
0.25920403,-0.7694008
0.27464512,-0.76509327
0.27435234,-0.78851
0.2807201,-0.73294646
0.27462646,-0.75851613
0.27635598,-0.7258322
0.27894676,-0.71622133
0.26962423,-0.78323084
0.26734984,-0.76494914
0.2761002,-0.78057176
0.2714407,-0.751316
0.27570835,-0.77213395
0.27572504,-0.790778
0.26428255,-0.77676976
0.27716893,-0.77537704
0.2851436,-0.72302425
0.28277454,-0.7875169
0.26292256,-0.8413424
0.26681527,-0.7558416
0.35610422,-0.38262296
0.48816013,-0.41417116
0.56548226,-0.383905
0.62996364,-0.40217215
0.6504601,-0.40854013
0.67903394,-0.45310366
0.67080355,-0.38440853
0.6995373,-0.4014547
0.7052185,-0.4709869
0.6803523,-0.38798052
0.68659145,-0.3894357
0.6786166,-0.39922786
0.69144374,-0.45010298
0.6831127,-0.40258956
0.69890416,-0.45781505
0.6815697,-0.39815634
0.69764507,-0.44118863
0.6917141,-0.42158377
0.69243747,-0.44269437
0.7106681,-0.4520489
0.6851084,-0.3792131
0.6873516,-0.40024477
0.68622357,-0.4208911
0.662295,-0.3718387
0.66293705,-0.3823936
0.2207548,-0.2748433
0.29004103,-0.32973462
0.30999377,-0.31524312
0.32128194,-0.32599732
0.30953652,-0.300504
0.29895,-0.34301963
0.2963982,-0.3212429
0.28428,-0.36660713
0.2886601,-0.34147063
0.28474283,-0.33070955
0.2990449,-0.34956944
0.28997186,-0.34764016
0.28858265,-0.3261572
0.2761174,-0.31149614
0.27595764,-0.32430005
0.27389205,-0.36695778
0.27198055,-0.34665212
0.28562656,-0.37250078
0.2805303,-0.34230494
0.2823303,-0.35693642
0.28170288,-0.31962043
0.28117126,-0.3340118
0.2701276,-0.31884715
0.2755779,-0.33386096
0.26746535,-0.3768903
-0.24396643,0.068000436
-0.4603317,0.06547288
-0.6062523,0.08538349
-0.60713,0.07271814
-0.63587457,0.07355269
-0.63395387,0.08473891
-0.65655726,0.07989868
-0.68228346,0.0757462
-0.6450381,0.07309917
-0.6752449,0.08615867
-0.64095,0.072967574
-0.67166084,0.08190404
-0.6427307,0.076046556
-0.655426,0.07199325
-0.62156576,0.07173054
-0.6407572,0.07807252
-0.66929764,0.07420764
-0.6579417,0.0701482
-0.6538142,0.08293478
-0.675566,0.08510261
-0.6938071,0.08954674
-0.67588335,0.08458811
-0.6619741,0.08188698
-0.6884823,0.08563052
-0.6892595,0.07980743
-0.5904141,0.35032123
-0.7628806,0.3657387
-0.86246836,0.41016895
-0.8790283,0.42198128
-0.8788618,0.42504585
-0.86839324,0.41517335
-0.8838286,0.42338067
-0.8474318,0.41067475
-0.8507263,0.40681326
-0.9081624,0.44542688
-0.90846866,0.4366814
-0.8900999,0.42263675
-0.87213445,0.41874456
-0.8781231,0.43259704
-0.87344015,0.43140042
-0.8750836,0.42928773
-0.8855208,0.41847795
-0.9202317,0.44574404
-0.908691,0.43351644
-0.88819265,0.42714018
-0.8925717,0.43774348
-0.8924115,0.4445858
-0.9089554,0.44251704
-0.927244,0.46116835
-0.8901187,0.4618405
-0.7162565,0.480447
-0.89111525,0.48614198
-1.0149809,0.5311891
-1.0300958,0.54748625
-1.094837,0.6038505
-1.0722628,0.61128443
-1.0671273,0.6000086
-1.1130323,0.63281345
-1.0569811,0.612411
-1.0601583,0.6237282
-1.0649836,0.6149761
-1.0837078,0.61892873
-1.0660882,0.6137107
-1.0740162,0.6219369
-1.0369282,0.5830794
-1.1183064,0.6551692
-1.0311453,0.596892
-1.0454717,0.60305315
-1.0589689,0.60469574
-1.059558,0.60893184
-1.0445894,0.59911114
-1.0642419,0.6108469
-1.0460887,0.5981333
-1.0109782,0.56633395
-1.040598,0.571317
0.22210534,0.08983909
0.40299636,0.11034367
0.46412277,0.10521169
0.4450605,0.05650518
0.4399137,0.05389929
0.42678356,0.049334496
0.44176483,0.05651406
0.4303118,0.047376692
0.42277455,0.053015828
0.42773473,0.054986786
0.4405734,0.05612108
0.43284172,0.051631756
0.43722874,0.056436367
0.42292023,0.04982514
0.43609035,0.048841454
0.44469863,0.0626846
0.43399632,0.05066204
0.4327495,0.04546819
0.43702537,0.05273362
0.44273907,0.052487496
0.45084846,0.06462802
0.43854946,0.04801184
0.42012727,0.046325944
0.43445772,0.059204973
0.42198652,0.049389668
0.70754206,0.07673104
0.9432431,0.10022897
0.9996194,0.0859136
1.0512077,0.0712797
1.0176957,0.07561966
1.0244492,0.07234666
1.1071804,0.06169665
1.0764762,0.061835986
1.0231653,0.0661052
1.0158175,0.071853444
1.0276874,0.06758319
1.019132,0.07217234
1.0275991,0.072885066
1.0389106,0.07411683
1.0419539,0.06269403
1.0225435,0.06522657
0.9972442,0.0699722
0.96641046,0.081565075
1.0100508,0.08356735
1.0356337,0.072233334
1.0140386,0.07427668
1.0732658,0.059419844
1.0371495,0.06296407
1.0272444,0.06842758
1.0622479,0.068096325
0.51709795,0.17051592
0.673983,0.26390737
0.76666814,0.29859966
0.7314682,0.28479373
0.7755991,0.2890367
0.7325319,0.27604604
0.7498585,0.28851223
0.7340809,0.2860521
0.75122446,0.28853643
0.75544274,0.28753477
0.75383025,0.2905813
0.77855426,0.30180812
0.75434023,0.29250726
0.74970675,0.2879961
0.7613634,0.29303962
0.7809976,0.30044103
0.78594476,0.30246907
0.7679145,0.29680693
0.7498529,0.2835946
0.76106316,0.29324263
0.76354873,0.29225904
0.73725605,0.28365624
0.78697026,0.29564872
0.7572225,0.29394746
0.7766945,0.2908572
0.5274798,0.09021735
0.7826904,0.16930377
0.774187,0.17696354
0.7618183,0.17314696
0.76581776,0.16617239
0.762156,0.16537249
0.7425203,0.1710179
0.7149051,0.16452715
0.7509712,0.17594106
0.7185353,0.16271351
0.75159156,0.16656151
0.7145713,0.16469374
0.69614756,0.1661044
0.7258864,0.17860383
0.73957735,0.17139465
0.76842993,0.16598697
0.78929085,0.16652793
0.7717978,0.15966369
0.7411407,0.15890011
0.72674674,0.16243333
0.7226741,0.17081124
0.7270676,0.17395476
0.7245176,0.1681461
0.7397507,0.17486611
0.739233,0.16679156
-0.17674534,-0.23917475
-0.22379352,-0.3226833
-0.23264985,-0.35718632
-0.2612846,-0.40305313
-0.2423793,-0.38337895
-0.2438272,-0.3784745
-0.25952533,-0.40260878
-0.26349643,-0.4063462
-0.2539012,-0.39855313
-0.24835175,-0.38921443
-0.2656364,-0.41478938
-0.25378388,-0.4004726
-0.24950519,-0.38920537
-0.25446758,-0.39534414
-0.24134749,-0.37386715
-0.24455476,-0.3792919
-0.2623191,-0.4056635
-0.2514495,-0.39971936
-0.26539025,-0.41770232
-0.25592482,-0.4056726
-0.24696168,-0.3851087
-0.23745507,-0.37198523
-0.26161993,-0.40326905
-0.25999254,-0.40941858
-0.25410965,-0.39435923
-0.355464,-0.29530796
-0.57489425,-0.4762928
-0.5440474,-0.47349936
-0.5995845,-0.52495193
-0.5802932,-0.5064694
-0.5493104,-0.47905052
-0.55296516,-0.47961044
-0.5344044,-0.4689036
-0.55898505,-0.4851297
-0.5616988,-0.48631692
-0.54810375,-0.47700578
-0.5480944,-0.4780203
-0.57731736,-0.5052412
-0.572473,-0.502111
-0.57544094,-0.5055426
-0.54731256,-0.47835958
-0.61579514,-0.5379277
-0.57265395,-0.49566436
-0.5757561,-0.5012875
-0.53291756,-0.4654271
-0.5335808,-0.46396726
-0.57111514,-0.4955727
-0.52414465,-0.4587015
-0.5351336,-0.4648593
-0.5540077,-0.48470724
-0.37318346,-0.05729007
-0.4826364,-0.07648315
-0.51510334,-0.075876586
-0.5010396,-0.0753941
-0.50690895,-0.07083643
-0.5370351,-0.06568215
-0.51303154,-0.06334565
-0.51363015,-0.06612942
-0.547003,-0.060669594
-0.5199094,-0.06466224
-0.52454716,-0.06465956
-0.51579154,-0.06661192
-0.50988126,-0.068187095
-0.53459555,-0.05864384
-0.5207576,-0.061551146
-0.517599,-0.06517375
-0.5231805,-0.06472526
-0.53895706,-0.06128309
-0.5322713,-0.062524594
-0.53051627,-0.06343148
-0.51693535,-0.06514207
-0.52926105,-0.06858844
-0.50118333,-0.06805565
-0.52459717,-0.06926168
-0.53353715,-0.06090013
0.33845544,-0.0130753815
0.5047282,0.01961872
0.5345822,0.026997946
0.5491298,0.028592758
0.57985663,0.041367523
0.5346097,0.021159336
0.5495606,0.03356155
0.5559787,0.029688954
0.5799352,0.038093507
0.5634053,0.03355433
0.55441236,0.025570817
0.5864453,0.032695927
0.5759878,0.0289528
0.5430998,0.022572719
0.56935936,0.032177746
0.56702226,0.033384196
0.5507629,0.029531486
0.5739459,0.037843615
0.5735051,0.03732322
0.5501605,0.030304037
0.5895174,0.046642363
0.57292205,0.02874802
0.57739925,0.036229186
0.58175176,0.03943067
0.58040506,0.029665917
0.6390337,0.12796122
0.7237601,0.20229453
0.75868034,0.20788243
0.7669278,0.20477538
0.7711152,0.20802571
0.785999,0.20092691
0.76869756,0.2078264
0.80256134,0.20105249
0.8301289,0.18795544
0.8366485,0.19101912
0.7949602,0.19779158
0.80636114,0.1988166
0.79801697,0.19856791
0.7988504,0.2010574
0.7722406,0.20243928
0.8348258,0.19170721
0.8627371,0.179697
0.8111626,0.19254333
0.80774665,0.19954851
0.80397755,0.19700441
0.8172361,0.19417797
0.8108459,0.19101208
0.83326703,0.19404382
0.8398765,0.18963814
0.80957824,0.1938478
0.27623117,0.46430975
0.32638597,0.6814612
0.32534364,0.72743845
0.3227941,0.7356437
0.34627694,0.7622487
0.33223274,0.7402657
0.34237286,0.75070655
0.33304724,0.7429717
0.31330526,0.7212221
0.33065233,0.74540126
0.33468068,0.7416902
0.34729767,0.75116384
0.33785045,0.73862576
0.3339688,0.7489343
0.3234817,0.7353793
0.32084408,0.7453028
0.31672844,0.7323883
0.3431191,0.7493542
0.3324309,0.7449111
0.3305249,0.7420988
0.3269027,0.7368777
0.32714817,0.74336165
0.33479372,0.7415598
0.31511554,0.72860944
0.31489304,0.7422849
0.21560846,0.31213367
0.22046705,0.40320808
0.21994512,0.42066953
0.24009289,0.420152
0.2209873,0.41696358
0.24140699,0.41629985
0.2351207,0.41357568
0.25108695,0.41047752
0.246006,0.4107942
0.25014967,0.407254
0.23099692,0.41005665
0.25021082,0.41028857
0.23461755,0.40980706
0.25399113,0.40998217
0.24140944,0.4108381
0.24147926,0.40915555
0.24796031,0.4121166
0.23244067,0.4117176
0.22801815,0.41590706
0.22572218,0.41588324
0.22150482,0.41815874
0.22320531,0.42296207
0.23143806,0.42159587
0.22411285,0.4200195
0.22991626,0.42066184
-0.22951663,0.009951733
-0.2605782,-0.016590104
-0.2462725,-0.01903291
-0.2435474,-0.020783544
-0.23776874,-0.016025066
-0.2439667,-0.018935531
-0.2380495,-0.012626961
-0.24516515,-0.017678455
-0.24255493,-0.019135445
-0.24133366,-0.019721314
-0.24191067,-0.015972674
-0.2446424,-0.020800963
-0.24047694,-0.019473478
-0.23736197,-0.013141774
-0.24311075,-0.01512979
-0.24574555,-0.02726315
-0.24237368,-0.018767029
-0.24076453,-0.014174305
-0.24700312,-0.022019058
-0.24028102,-0.0199859
-0.23999375,-0.017594635
-0.23903167,-0.015450299
-0.2427254,-0.019954503
-0.244246,-0.02270256
-0.24013335,-0.02107367
-0.02232226,-0.5261739
0.010460347,-0.6212441
0.030372828,-0.60058916
0.041214988,-0.61328936
0.053766415,-0.61838555
0.04424037,-0.5863125
0.05401303,-0.6277374
0.055770263,-0.6169678
0.045445338,-0.58265775
0.05004397,-0.6112989
0.05194816,-0.602697
0.049908593,-0.59779793
0.05053191,-0.607759
0.0489413,-0.59232223
0.04824759,-0.5998824
0.056598067,-0.61128837
0.046053752,-0.57760125
0.045072153,-0.5974493
0.051569372,-0.6051612
0.048046127,-0.5904584
0.043677688,-0.59652203
0.044442922,-0.591996
0.04978499,-0.615537
0.054850727,-0.6101157
0.053943276,-0.6095161
-0.75374985,-0.43512762
-0.9575296,-0.5302035
-0.96699566,-0.5128427
-0.9787809,-0.5102018
-0.95188963,-0.48120445
-0.94753486,-0.48386776
-0.97706455,-0.49768716
-0.94901574,-0.4794088
-0.93088824,-0.47584438
-0.9077244,-0.45994514
-0.92693245,-0.47397667
-0.96044546,-0.49203914
-0.9408024,-0.477529
-0.9516488,-0.4884919
-0.9503649,-0.48081213
-0.9460199,-0.47754532
-0.95829684,-0.4887393
-0.92119974,-0.46428448
-0.95756876,-0.4919629
-0.92509794,-0.46754026
-0.9977647,-0.50456834
-0.9544683,-0.4799022
-0.942549,-0.47672468
-0.97649413,-0.4985119
-0.94847405,-0.48150325
-0.81253934,-0.26554254
-0.9899179,-0.32355013
-0.92090046,-0.3161983
-0.9319649,-0.32689726
-0.89260375,-0.31377858
-0.8878002,-0.31876132
-0.9095317,-0.3295029
-0.87685955,-0.3165174
-0.94074464,-0.32811326
-0.8984344,-0.3241519
-0.8785207,-0.3130314
-0.90044713,-0.32605565
-0.8729867,-0.32146448
-0.8748436,-0.31793267
-0.904408,-0.33349636
-0.9034805,-0.32469973
-0.87183917,-0.3108538
-0.8951726,-0.3288963
-0.89685905,-0.3260213
-0.9248626,-0.32151437
-0.89813447,-0.32062358
-0.8703096,-0.31333578
-0.89157903,-0.32151294
-0.8737192,-0.31931555
-0.90617156,-0.3331391
-0.55374706,-0.39473248
-0.6641457,-0.4781772
-0.6166327,-0.45916033
-0.6115339,-0.45659703
-0.60244226,-0.45569998
-0.613917,-0.4629318
-0.61045116,-0.46316183
-0.6231481,-0.46693176
-0.63215244,-0.4622202
-0.6139835,-0.45492136
-0.6229857,-0.46125674
-0.62800825,-0.46127963
-0.6451695,-0.45899624
-0.6208931,-0.4530444
-0.61029917,-0.4497409
-0.6288972,-0.46086824
-0.6415161,-0.45618993
-0.61444724,-0.4517473
-0.61231107,-0.45169902
-0.6377921,-0.46249306
-0.6318532,-0.45906502
-0.6232761,-0.45922756
-0.6159288,-0.4572335
-0.63304543,-0.46473885
-0.6333823,-0.4626882
-0.26050928,-0.4311908
-0.25584903,-0.45795715
-0.24288446,-0.44094568
-0.24521753,-0.440628
-0.24602267,-0.44018644
-0.2433191,-0.44298208
-0.24731866,-0.4468084
-0.25357887,-0.45259368
-0.25168303,-0.44889235
-0.25211957,-0.45010346
-0.25039816,-0.44761354
-0.25136438,-0.44649148
-0.250301,-0.44388133
-0.25401405,-0.44798607
-0.24509907,-0.4376588
-0.25276983,-0.4409318
-0.25137687,-0.44716275
-0.25199857,-0.4471835
-0.24559474,-0.44280976
-0.25216734,-0.44326478
-0.25032794,-0.4423952
-0.24084729,-0.4398812
-0.24868685,-0.44428885
-0.25246215,-0.44838893
-0.2514985,-0.44734436
0.1618138,0.261487
0.11833748,0.359977
0.08368546,0.35649493
0.08139598,0.35411346
0.086839914,0.3618917
0.06612858,0.3467508
0.080771595,0.3560332
0.068811595,0.34990418
0.068691134,0.34419054
0.062182814,0.33741075
0.09100105,0.36471358
0.06558241,0.34675372
0.07870816,0.35571474
0.08898966,0.3691104
0.059677154,0.3395173
0.06878744,0.3470883
0.0752656,0.35421723
0.07264675,0.3606728
0.067871556,0.34646535
0.06968637,0.34865543
0.08169493,0.3594042
0.06518079,0.3430098
0.06577912,0.34783292
0.082901955,0.36138004
0.06684105,0.35185814
0.42544714,0.40686166
0.4458746,0.49455792
0.441372,0.49755526
0.42658016,0.4814269
0.4261537,0.47338647
0.40737626,0.45998114
0.41460404,0.46750617
0.43371,0.48048735
0.41161236,0.46151084
0.4362183,0.47424936
0.4349036,0.47043693
0.44681272,0.47095925
0.4149215,0.4512846
0.415427,0.45622706
0.43324593,0.47142494
0.41634008,0.4596086
0.43011644,0.4698897
0.4058514,0.4546067
0.40387902,0.4514631
0.42204812,0.47346264
0.4334809,0.4713747
0.4180654,0.46345454
0.40738478,0.45616442
0.4207041,0.4726218
0.42169997,0.46844107
0.77943355,0.3570156
0.87128973,0.3937696
0.82894605,0.384267
0.8494592,0.36339813
0.81559587,0.35659146
0.7991802,0.35596892
0.80265176,0.36073
0.79954755,0.35868752
0.78532326,0.35876033
0.7912345,0.36156815
0.79550004,0.3599417
0.7980307,0.35758466
0.79804546,0.35914564
0.78604877,0.3594574
0.7895178,0.36174724
0.8244355,0.35755762
0.8276831,0.3486082
0.80662835,0.34803694
0.80776453,0.3519518
0.81254494,0.35602543
0.7833322,0.3504233
0.80186665,0.3534137
0.8148001,0.35581294
0.8230369,0.35200307
0.7986587,0.34955123
0.56205475,0.3739665
0.61390877,0.41576043
0.59836715,0.4037607
0.5969321,0.39731702
0.59474045,0.38651112
0.5899901,0.3845112
0.5912396,0.3830559
0.59839904,0.38117793
0.5789372,0.3803667
0.5808225,0.3807162
0.59779704,0.3808945
0.59145546,0.37917903
0.57940066,0.38041663
0.57623726,0.38217026
0.572116,0.38370833
0.5927653,0.38580242
0.5873575,0.3807492
0.58383137,0.37832937
0.57694715,0.38013822
0.6038228,0.37611312
0.5754099,0.37694198
0.5872986,0.3778796
0.58055943,0.37971926
0.59718233,0.3813293
0.59088147,0.38146287
0.6584155,0.14562245
0.7958189,0.094463326
0.79559994,0.073826864
0.8077205,0.059951115
0.7984393,0.056234244
0.79228884,0.059093576
0.7992475,0.0557043
0.8060608,0.04759062
0.82904434,0.032784075
0.80984956,0.041799992
0.8197342,0.034952104
0.7979592,0.047917835
0.81505245,0.041308045
0.8089026,0.042541847
0.7909386,0.051901154
0.81134385,0.035257846
0.80471194,0.042153507
0.7846003,0.055577565
0.8117014,0.04768671
0.80498105,0.04456304
0.8127842,0.04206971
0.80295885,0.04784608
0.7965456,0.052005388
0.79814327,0.052840106
0.82514405,0.034649827
0.01767812,-0.06389378
-0.024863422,-0.07660672
-0.03188716,-0.090453535
-0.034332268,-0.09970012
-0.036867835,-0.10007578
-0.03487207,-0.099149734
-0.04171037,-0.10043995
-0.040433675,-0.09973991
-0.039293393,-0.09876047
-0.04074341,-0.10541652
-0.039854467,-0.10281508
-0.039689213,-0.09884986
-0.03939917,-0.105155334
-0.040660582,-0.10053718
-0.041605346,-0.10255709
-0.039953753,-0.10279937
-0.041151963,-0.10367784
-0.043743387,-0.10013895
-0.038399562,-0.10265595
-0.038990647,-0.100928724
-0.034550138,-0.10185422
-0.035093002,-0.09808856
-0.03846527,-0.10215463
-0.039658085,-0.10415043
-0.038935907,-0.10301426
0.13094708,0.15137224
0.12885796,0.1678002
0.12081127,0.16709511
0.12565951,0.17252825
0.11468044,0.16472387
0.10870606,0.15839478
0.1154218,0.16461274
0.10915232,0.1584231
0.120987594,0.1638479
0.11298801,0.16702168
0.11020528,0.15527487
0.11121538,0.15907542
0.117140844,0.167429
0.10916674,0.15749262
0.1100651,0.16603062
0.10781403,0.15793473
0.10906987,0.1614393
0.111552715,0.15778035
0.111678556,0.1599131
0.11216974,0.16175106
0.115179166,0.16508266
0.11050163,0.15995046
0.114068255,0.1600972
0.11037563,0.1607244
0.11468512,0.16895749
-0.23440506,0.0069635063
-0.28743437,0.0058662742
-0.29739133,0.0020783395
-0.30405065,0.015884273
-0.31094402,0.002817668
-0.3104409,0.017638095
-0.31026548,0.01606451
-0.30925992,-0.0023018941
-0.3182186,0.0069112033
-0.31303477,0.004907854
-0.31060377,0.030388571
-0.31522104,0.011444293
-0.31100944,0.0010934174
-0.3164749,0.013704687
-0.3156562,0.009061396
-0.31326452,0.006038673
-0.31943238,0.0027945414
-0.31546456,-0.003943391
-0.31262493,-0.006105475
-0.31559697,0.008474849
-0.31117317,0.001801692
-0.31356657,0.003767997
-0.30920857,-0.00585106
-0.3127764,0.000921607
-0.3174567,0.008255489
-0.06599869,-0.04025793
-0.07819106,-0.018468216
-0.07511,-0.016455293
-0.073428236,-0.015922487
-0.07322778,-0.016665533
-0.072936445,-0.015797481
-0.073909,-0.013305709
-0.076995656,-0.012242325
-0.0761864,-0.017521322
-0.072763845,-0.019920796
-0.0743327,-0.01795499
-0.07645203,-0.014750272
-0.072919205,-0.016943648
-0.0760829,-0.015157387
-0.076510295,-0.015438616
-0.075910866,-0.01622124
-0.07606274,-0.016543299
-0.075222,-0.01571098
-0.07464269,-0.016809225
-0.07251595,-0.017097637
-0.07350165,-0.016495928
-0.07498614,-0.016296923
-0.07405341,-0.016406804
-0.07725804,-0.015681192
-0.07859327,-0.015225932
0.024534173,-0.11711039
0.021389209,-0.11519779
0.027013533,-0.12417403
0.031948112,-0.12609993
0.033339553,-0.12626034
0.03247326,-0.1291079
0.030398853,-0.12620199
0.030962326,-0.12704507
0.035354324,-0.13379106
0.036305137,-0.13056989
0.03223329,-0.12904525
0.031875364,-0.12905353
0.034736924,-0.12658855
0.033159547,-0.12628368
0.033085473,-0.12524462
0.03393092,-0.13174312
0.031683587,-0.13445503
0.030851372,-0.13267766
0.030928664,-0.13093783
0.031476535,-0.12976831
0.028398551,-0.12835127
0.03307136,-0.12947495
0.032878645,-0.12611854
0.032253496,-0.12982558
0.02965159,-0.12780184
-0.18059754,-0.112711325
-0.19757314,-0.09584302
-0.19653618,-0.0928753
-0.19896984,-0.09191823
-0.19715121,-0.092016086
-0.1985214,-0.094567746
-0.19825786,-0.093621865
-0.19439557,-0.09681015
-0.19864786,-0.09236221
-0.19777185,-0.09415673
-0.19489428,-0.09566732
-0.19638705,-0.096982166
-0.1984776,-0.094819516
-0.19682524,-0.09600739
-0.19652101,-0.0938144
-0.19758926,-0.0901947
-0.1981,-0.09401344
-0.19684249,-0.09521066
-0.19911404,-0.095827326
-0.19888353,-0.090539455
-0.19796012,-0.09206368
-0.19796789,-0.09710723
-0.20005916,-0.09468749
-0.19850102,-0.0957683
-0.19984925,-0.09560761
-0.06472795,0.02918902
-0.06795516,0.058554776
-0.064673886,0.06424129
-0.06528864,0.06609993
-0.064489774,0.064600624
-0.06435458,0.064401016
-0.06476413,0.06486927
-0.06598539,0.07028629
-0.06756695,0.06754927
-0.06199682,0.06153619
-0.06568701,0.06782293
-0.06332719,0.06535022
-0.06670725,0.07096729
-0.066727325,0.06942244
-0.06797049,0.0673351
-0.06924024,0.06768246
-0.06759329,0.06660073
-0.069130346,0.06620833
-0.06730382,0.06506015
-0.06618247,0.067924716
-0.06670962,0.067454085
-0.065156676,0.07254909
-0.068501815,0.06768702
-0.06644586,0.06923404
-0.06778997,0.06559177
0.16481227,0.0866347
0.19022295,0.089798234
0.20537129,0.08246255
0.20758632,0.080456935
0.21227553,0.07885052
0.21106449,0.07593465
0.2132524,0.07536712
0.21371344,0.07586205
0.21623889,0.07479635
0.213462,0.077885956
0.21300441,0.07615946
0.20859432,0.07590388
0.21820238,0.0746219
0.21711788,0.07326935
0.21398935,0.07428833
0.21728477,0.07234943
0.21493122,0.07523318
0.21409965,0.0745869
0.21037903,0.07689109
0.2072652,0.0773067
0.20878595,0.07897802
0.21436599,0.07580225
0.21225321,0.0775706
0.2110169,0.078006856
0.21470818,0.0761736
-0.17886794,-0.0017987192
-0.21967499,-0.0094258785
-0.21844217,-0.018771276
-0.21793431,-0.02105774
-0.21903612,-0.018343374
-0.21856824,-0.025002003
-0.21546727,-0.016521022
-0.22003219,-0.022092223
-0.22094333,-0.024873495
-0.22140796,-0.024075791
-0.22013521,-0.012801625
-0.22073957,-0.019270465
-0.22479725,-0.018792197
-0.22188722,-0.02053751
-0.22576773,-0.018198252
-0.22182128,-0.022237584
-0.22258219,-0.021301597
-0.21932833,-0.012729399
-0.22027266,-0.01529254
-0.22089681,-0.017716676
-0.21947053,-0.01929599
-0.21826252,-0.016094282
-0.22086817,-0.015650705
-0.22229302,-0.023856819
-0.22052902,-0.024019644
0.05055911,0.08827035
0.057771064,0.073949814
0.053976603,0.0693075
0.05508036,0.068298765
0.054636486,0.06901549
0.050811134,0.07153095
0.056440286,0.06859794
0.054362603,0.07012417
0.051615544,0.06868468
0.052926905,0.06801176
0.05360288,0.071003705
0.05189178,0.06778469
0.050866105,0.06806581
0.054817908,0.06745671
0.054388233,0.067031935
0.058395557,0.06817703
0.055584125,0.0712045
0.0571082,0.06880195
0.05489243,0.0701132
0.054518916,0.070084736
0.054891758,0.06892654
0.053497978,0.06882222
0.0535649,0.06806268
0.05524405,0.067837566
0.05792003,0.06561278
-0.026992619,0.008715704
-0.021514237,0.004875183
-0.018348783,0.005656503
-0.015807875,0.006533101
-0.0152589455,0.0036212578
-0.014428213,0.0005457923
-0.015716977,0.0019241497
-0.015055649,0.0023681372
-0.015033051,0.003631644
-0.019358784,0.007517427
-0.014588892,0.002080962
-0.01564762,0.003941849
-0.017639369,0.00020851195
-0.016991243,0.0017708987
-0.01772786,0.0032976344
-0.015156843,0.004691541
-0.016046293,0.004315093
-0.016581379,0.0040597543
-0.016306467,0.004700355
-0.017677829,0.0043584183
-0.016533576,0.0048866495
-0.017321154,0.0048329756
-0.01595629,0.0021953657
-0.014950283,0.0032306537
-0.018088989,0.0066646338
