gyro_x,gyro_y,gyro_z,accel_x,accel_y,accel_z,gps_x,gps_y,gps_z,mag_x,mag_y,mag_z
0.066419244,-0.024927188,-0.007243799,-0.048362877,0.3227384,-9.937374,0.6761299,0.31770122,0.3620774,-0.22428347,-0.014530726,1.1799749
0.06636597,-0.023329291,-0.005965481,-0.05746084,0.23798366,-9.919657,0.67631966,0.31755957,0.36234534,-0.2212326,-0.014530726,1.174005
0.007989483,-0.017576864,-0.03073288,0.10821792,-0.23558944,-11.182359,0.6780701,0.31633067,0.36419794,-0.21207997,-0.008577991,1.1620654
0.35521245,-0.4027765,-0.024820663,-3.1057587,6.936481,5.4123325,0.6794467,0.31562787,0.36583546,-0.14190981,-0.02048346,1.0486386
0.87149286,-0.043782372,0.081812315,4.0021477,6.732974,4.2693405,0.680844,0.31502652,0.36748704,-0.15411331,0.2354841,0.66656905
-0.23307987,-0.6627543,0.16666062,1.1142615,-0.98258036,-8.236053,0.6826887,0.31425783,0.36810356,-0.047332626,0.25036594,0.64865965
-0.7520767,0.6866695,0.13869743,11.697592,3.4931402,-0.96821517,0.68426996,0.3135764,0.36857298,-0.12360454,0.37239698,0.6068707
0.13805827,-0.13331784,-0.09150622,1.2100295,-12.320562,-8.651209,0.6830491,0.3140849,0.36916038,-0.056485254,0.24738957,0.64865965
0.01768339,-0.06924219,0.17688717,-4.5571237,-6.847417,-7.0035186,0.6815742,0.31464988,0.37030154,-0.062587,0.06880755,0.69044846
-0.32740903,-0.03797668,0.029401299,3.095703,-13.585179,13.519099,0.6844963,0.31163782,0.37239677,-0.03207824,0.11940578,0.77402616
0.62802666,0.5641641,0.05629923,0.20733786,-9.380961,-33.870293,0.6876163,0.30854604,0.37449667,0.004532278,0.059878446,0.7501468
-0.12815131,0.043409526,0.21012342,-10.289801,-18.893126,1.2660538,0.6891502,0.30717427,0.37782907,0.111312956,0.17893311,0.8635736
-0.95064205,0.123730466,-0.15675367,-8.034462,-10.35205,-20.805134,0.68990815,0.30641168,0.38115647,-0.013772981,0.14916945,0.6814937
0.013795175,-0.09944244,-0.006764429,-5.5588574,-2.8907592,-14.652514,0.69253623,0.30600008,0.38399416,0.01978666,0.14321671,0.75910157
1.065957,0.12852415,-0.056352492,-5.9663506,12.995727,-21.994095,0.6952419,0.30546215,0.38642463,0.007583154,0.03904388,0.77402616
0.08420916,-0.14098775,-0.08825716,6.496427,-12.786474,0.64451915,0.69794875,0.30255654,0.38821173,-0.022925612,0.1253585,0.7650714
0.055819858,0.02860235,0.07962852,0.11204864,12.824781,-8.711063,0.70101386,0.29855752,0.39071804,-0.016823858,0.15809855,0.779996
0.33337453,0.16255936,0.1165932,9.455181,1.4633361,-19.631975,0.70235354,0.29632688,0.39346606,-0.06563788,0.17000401,0.7232826
-0.24000409,-0.18812571,-0.03536678,8.376833,2.4396915,-5.3649273,0.7036906,0.2937941,0.3963589,-0.07173964,0.19083858,0.6994032
1.940539,0.11680625,-0.06764429,-10.87207,-7.103118,-10.627383,0.703184,0.2929664,0.39911145,-0.11140103,0.27715322,0.6009009
1.1359447,0.15899073,-0.015765915,-4.1457996,-4.606444,12.010753,0.7026184,0.29260954,0.4015369,-0.12970631,0.25036594,0.45762488
0.651569,-0.39835566,-0.04410195,-1.1209652,2.0020316,-5.386954,0.70399475,0.29142717,0.40345648,-0.0503835,0.17595674,0.55314225
0.062477764,-0.4305799,0.23638219,-2.6748023,-8.627267,-14.449965,0.70373267,0.29069945,0.40368876,-0.13885891,0.17893311,0.6158255
-0.13427658,0.059708074,0.067697555,6.779422,3.7593756,4.02178,0.6997796,0.29166615,0.40166855,-0.27004662,0.095594846,0.53224784
0.5177718,-0.12841763,0.00181095,-1.5562311,-0.5688623,-13.627796,0.6919428,0.29292548,0.3914346,-0.15106243,0.18488584,0.633735
-0.34285536,0.050014168,-0.111160345,-14.773182,-1.430775,-28.738562,0.67930585,0.29455888,0.3637879,-0.10835015,0.17000401,0.63671994
-0.4463991,-0.22892535,0.16969663,-7.562804,9.762118,-18.748993,0.66422397,0.29604438,0.3292653,-0.074790515,0.25631866,0.59791607
0.14663365,-0.15590146,0.032969937,-2.5345018,-3.1316159,-0.5018247,0.65370274,0.2947792,0.2995521,-0.035129115,0.13726398,0.6456747
0.5808887,0.07920241,-0.08926916,0.45346183,17.527473,-16.904501,0.64432377,0.29266888,0.26790157,0.013684906,0.13428761,0.6994032
-0.5340171,0.32277513,-0.024394555,10.222283,-0.21787235,6.2191787,0.6396538,0.288302,0.24010397,-0.047332626,0.2801296,0.6814937
-0.9966615,0.5363074,-0.088150635,1.4470556,-14.368562,9.511206,0.6350775,0.2820063,0.20124726,-0.016823858,0.1610749,0.6964183
1.0508834,0.41055292,-0.22365227,-3.257072,15.554171,-21.825064,0.62845016,0.2813784,0.16631497,0.04419367,0.101547584,0.64865965
0.43228433,0.31292143,-0.14173344,10.238564,-10.016862,-26.55888,0.61813754,0.2838916,0.11748493,-0.004620352,0.17595674,0.76208645
0.6360694,-0.021092238,0.007669904,3.9882612,-0.80301523,-0.45250413,0.6159381,0.28698352,0.07157411,0.03809192,0.107500315,0.8337245
0.14769892,-0.08985505,-0.09161274,-11.828314,13.453977,0.4592079,0.61951315,0.28926975,0.020960554,-0.12970631,0.24738957,0.83073956
-0.20762005,-0.15377092,-0.038988683,4.7658978,-6.632417,8.931331,0.62777805,0.29560795,-0.021438234,-0.09614664,0.06880755,0.7919356
0.26162896,0.5894641,-0.23281355,-3.7383065,2.3697808,-12.508746,0.64646864,0.3026558,-0.052824296,-0.010722104,0.26524776,0.66358423
-0.48165932,0.602194,-0.16623452,-2.47752,14.276147,-46.869373,0.67867786,0.30836365,-0.05735735,-0.06563788,0.2890587,0.63671994
-1.2153069,-0.16309199,0.1979794,-4.4843397,-8.098627,23.144749,0.7194279,0.3143637,-0.039491605,-0.07173964,0.11345305,0.6158255
-0.15478294,-0.25369275,0.019014971,-11.816343,0.18052281,1.6199169,0.77641284,0.3207058,0.009242585,-0.056485254,0.14321671,0.6277652
0.6332465,-0.48267132,0.1989914,-9.284714,-11.213004,-14.451402,0.838212,0.32661247,0.06800569,-0.074790515,0.08071301,0.6158255
0.43020704,-0.10040118,-0.13566142,-0.2063802,-17.1444,10.26538,0.8776922,0.3292392,0.12433437,-0.09309577,0.1967913,0.6277652
-0.40101883,-0.24804683,-0.15851136,-0.6584055,11.534785,-11.360487,0.907457,0.32903486,0.17037393,-0.10529928,0.13428761,0.5919462
-1.1434549,0.017736653,0.034248255,5.351999,4.520732,-14.734397,0.8971635,0.3228573,0.17453621,-0.08394314,0.22357863,0.6009009
-0.2611496,-0.08868326,-0.06455503,4.568616,14.242628,-18.141346,0.85895234,0.31233972,0.13716835,-0.10835015,0.1253585,0.57403666
-0.43979445,0.24964473,-0.12357068,0.49559975,-9.961795,-30.270851,0.8034514,0.303107,0.091223754,-0.09919753,0.14619309,0.62179536
0.9960755,0.12735237,-0.007882957,3.8742974,1.8128896,-16.329893,0.72463185,0.289768,0.047152918,-0.077841386,0.14619309,0.6128406
0.052996907,0.064182185,0.02311624,-8.190564,8.412746,-31.034122,0.6654441,0.27464712,0.0328722,-0.117502786,0.11345305,0.6755238
-0.70392674,0.014221281,0.11531488,5.7537456,5.1815314,30.647697,0.61404294,0.2523178,0.036403902,-0.062587,0.13726398,0.6844786
0.63649553,-0.1439705,-0.067697555,-5.3524776,7.1701555,-39.332428,0.58857036,0.2298321,0.042174242,-0.08699402,0.12833488,0.6605993
0.100241385,0.28671592,-0.11547467,-10.191639,5.7211847,-19.784727,0.5807504,0.19627316,0.046043653,-0.09919753,0.1610749,0.6994032
0.039574575,-0.17433053,0.09763149,4.879383,5.9673085,15.656164,0.61867756,0.17603885,0.04115726,-0.080892265,0.13131125,0.69044846
-0.48831722,-0.080640525,-0.08293083,-5.0646944,-9.821973,-2.2663515,0.66942334,0.15209217,0.037079137,-0.047332626,0.14619309,0.66358423
-0.09150622,-0.054701332,-0.104236126,3.7359123,-6.209123,-16.26046,0.7195746,0.15714997,0.025059765,-0.022925612,0.13726398,0.6456747
1.6946759,0.15520903,0.33156356,0.76901764,21.898808,-9.964667,0.76365244,0.16789287,0.014182786,0.12656733,0.15809855,0.7322373
0.12101404,-0.24016386,0.057311226,5.853823,7.3913794,-17.439844,0.7877989,0.21640286,-0.001983797,0.01063403,0.13726398,0.64268976
0.23877904,-0.16703346,-0.005805692,-3.854186,8.82407,-24.808718,0.8005277,0.2708064,-0.015954062,-0.016823858,0.15809855,0.6397049
0.7237407,0.14375743,-0.16660737,-1.5868769,-11.051157,-23.2884,0.77852356,0.34605032,-0.035612375,-0.016823858,0.107500315,0.5650819
1.1639079,0.042131208,-0.030466564,-4.022738,9.716628,-12.023681,0.745871,0.419137,-0.050883796,-0.0503835,0.10452395,0.6009009
-1.2743759,-0.000106526,-0.06450176,1.1233594,5.8475986,-10.127953,0.7132649,0.47547922,-0.06347452,0.013684906,0.14024034,0.7232826
-1.2696354,0.21310616,0.06593987,-0.8365341,-2.2802377,-2.2936451,0.6762277,0.5327003,-0.07493635,-0.06563788,0.26524776,0.67253894
0.9012137,-0.32186964,-0.011025487,-9.60841,-3.5218706,12.092634,0.65955085,0.56078637,-0.08643119,-0.21513084,0.17595674,0.6068707
-0.27542415,0.336304,-0.028868668,1.2210429,3.4112587,4.4680595,0.6515519,0.57567304,-0.09403291,-0.13580805,0.17000401,0.69044846
-0.46573365,0.13885723,-0.1556884,-6.205771,-1.619438,-20.985657,0.65134543,0.5717465,-0.10070125,-0.077841386,0.2712005,0.6994032
-0.14407702,0.2320146,-0.04809669,2.6369739,-2.1916523,-22.720018,0.6555385,0.5597166,-0.1031866,-0.09614664,0.18786222,0.66656905
0.63947827,-0.06178534,0.0757403,-9.174581,-2.2720973,-3.665044,0.6646535,0.54609394,-0.108257815,-0.05343438,0.15809855,0.6814937
-0.2799515,-0.12436963,-0.125861,11.315476,3.1632195,5.081454,0.6743606,0.534424,-0.11081714,-0.062587,0.1253585,0.62179536
0.56677395,-0.36778256,0.22407839,-4.726633,-4.807557,-15.430152,0.67814136,0.5331584,-0.118529394,-0.047332626,0.13428761,0.6038858
0.38125813,0.18082865,-0.09635317,-2.7327418,-14.647726,-17.053421,0.68123424,0.5362643,-0.12347292,-0.04123087,0.12238215,0.6068707
1.0467288,-0.14301175,-0.037710365,-2.1408951,-2.7456706,-11.060734,0.6828393,0.5450664,-0.13206647,-0.05343438,0.21464951,0.6277652
-0.11483551,0.023861924,-0.025832662,-5.892609,3.9312792,-0.824563,0.6816539,0.55710304,-0.13921659,-0.09614664,0.12833488,0.669554
-0.5451491,-0.46392268,0.017630128,1.0251971,2.4363399,-21.637838,0.67091894,0.5768763,-0.15002714,-0.04123087,0.19976768,0.62478024
-0.1603223,-0.08511463,-0.05550028,-10.59147,-1.9043481,-17.826748,0.65209675,0.60361826,-0.1570944,-0.03207824,0.15809855,0.669554
0.6463492,0.13970944,-0.013102753,-1.3900735,1.2919114,-16.990213,0.6319806,0.62120324,-0.16516066,-0.05953613,0.14916945,0.633735
0.5593704,-0.30274817,0.14199975,-13.318944,-3.2053573,0.93613285,0.60985136,0.64110607,-0.16781256,-0.062587,0.1610749,0.69343334
-0.30567765,0.052091435,0.14647387,5.0517654,-23.597252,2.2965183,0.60191435,0.6454911,-0.16964866,-0.05953613,0.17893311,0.7023881
-0.12218584,-0.19483688,0.051984906,-6.3575635,-2.5354595,-23.164381,0.60023093,0.6442735,-0.17183864,-0.13580805,0.15809855,0.65761435
0.92331797,0.15211977,0.07163903,-7.3698316,-12.450328,-30.542353,0.61469185,0.6205538,-0.17528556,-0.08699402,0.15512218,0.7232826
0.36133772,-0.43297675,0.274998,1.0266337,8.403648,11.122025,0.6314832,0.5953037,-0.17249116,-0.12360454,0.17298038,0.70537305
0.080747046,0.025566347,0.002024002,3.1737537,-0.039264906,-36.021725,0.642483,0.5777817,-0.16914801,-0.10835015,0.18190947,0.7232826
1.125079,-0.22136195,-0.07962852,4.24492,4.210443,-7.851066,0.6439059,0.5716158,-0.16426735,-0.08699402,0.20274405,0.7382071
-0.3202185,0.020080235,0.11062771,4.205176,8.562144,-6.374323,0.63568217,0.57673,-0.16467793,-0.029027361,0.2354841,0.75910157
-0.22295986,-0.23206787,-0.036911417,-9.97999,-7.374141,-15.180196,0.62098163,0.58972216,-0.16375534,-0.047332626,0.14916945,0.73522216
-0.45161888,-0.06146576,0.2475142,7.0073495,4.3732486,10.014467,0.61764485,0.59348017,-0.16389097,0.02893929,0.13726398,0.66656905
0.33289513,-0.084848315,-0.026365295,-3.7201107,2.789724,-23.400927,0.621664,0.59666413,-0.16528358,-0.0503835,0.2533423,0.633735
-0.2430401,0.15643409,-0.049321745,2.822764,-24.859476,-17.202818,0.6429177,0.5906662,-0.16558689,0.041142795,0.15214582,0.69044846
0.19313245,-0.3658118,-0.075793564,-2.103067,-14.463852,6.3178196,0.67170876,0.59193677,-0.16178617,-0.004620352,0.1253585,0.6038858
1.4377875,-0.19968382,0.109029815,0.48267108,-6.5309033,-4.255933,0.6969912,0.6045475,-0.15576741,-0.010722104,0.17000401,0.6844786
0.8026768,0.094808534,0.05006743,3.6157236,21.720676,-16.404593,0.7171052,0.6353925,-0.14916964,-0.007671229,0.17000401,0.6874635
0.30589068,0.2714294,0.043356266,-4.3928814,1.6448165,-7.33344,0.7158569,0.67198986,-0.14150782,-0.07173964,0.15214582,0.6605993
1.0514693,0.35228297,0.06902914,-14.645811,-8.067502,-28.068186,0.6995227,0.7276255,-0.13366672,-0.1022484,0.1253585,0.6397049
0.036751624,-0.24666199,-0.11355719,-5.136041,-16.031574,0.45058876,0.67251927,0.76782954,-0.12431328,-0.11140103,0.11047668,0.66358423
0.8098673,0.74733627,-0.106473185,-9.504502,-6.325481,-35.014244,0.63648427,0.8123489,-0.111509025,-0.15716419,0.11642942,0.72626746
-0.1387507,-0.20975058,-0.04404869,8.552089,0.7963115,0.866701,0.61358994,0.823364,-0.09861585,-0.056485254,0.13131125,0.74119204
-0.5272527,-0.26903254,0.13001554,4.7127466,-6.825869,11.822568,0.59567595,0.8333826,-0.09136839,-0.074790515,0.17298038,0.7173127
-0.069348715,-0.13747238,0.055127434,6.2354593,19.136375,-14.607504,0.6017763,0.8115145,-0.08523902,-0.05953613,0.14321671,0.6516445
0.053423014,-0.06801714,-0.063596286,-0.809719,6.826348,-17.267462,0.62347955,0.7780991,-0.08162114,-0.04123087,0.14321671,0.67253894
0.3639476,0.12165321,-0.08623316,-6.3776746,3.6099775,-21.649809,0.6624147,0.7259499,-0.076827206,-0.029027361,0.14916945,0.6307501
-0.46599996,0.133957,-0.021731395,3.5185187,-21.12979,17.612226,0.71367955,0.6607062,-0.06836499,0.08995682,0.13428761,0.64268976
0.79884183,-0.19297266,-0.01603223,0.3145981,8.499416,-15.7821,0.7638829,0.5845718,-0.056978606,-0.001569475,0.14024034,0.633735
-0.18487665,0.057044912,-0.20213392,5.7187905,3.8862684,-10.63648,0.81678104,0.5001025,-0.046080433,0.004532278,0.11345305,0.7113429
-0.038402785,-0.2705239,-0.13044164,5.920382,-10.251014,-6.7229185,0.85686725,0.4245489,-0.039149668,-0.029027361,0.14321671,0.66656905
-0.31350735,0.1113734,-0.036804885,1.9115307,-5.9673085,-10.443029,0.8883816,0.35454166,-0.039008003,-0.035129115,0.17893311,0.65761435
-0.41529337,0.17949706,-0.038509313,-11.034876,1.7099389,-36.550842,0.9023444,0.31279674,-0.045423534,0.001481401,0.1253585,0.6397049
-0.17156084,0.3461044,-0.10727213,3.2288203,-8.474996,-27.97816,0.9070674,0.2883984,-0.050345074,-0.1022484,0.14321671,0.7143278
-0.25417212,0.20809942,-0.114089824,1.0046071,4.23247,-20.336828,0.8982775,0.30221066,-0.05622405,-0.056485254,0.16405128,0.7232826
0.36847496,0.17608821,0.2257828,8.530062,25.259308,-7.40766,0.8831102,0.3321762,-0.06142555,-0.07173964,0.1253585,0.6755238
0.694659,0.2670618,-0.21507691,-0.06703765,9.48918,-26.386017,0.863068,0.37462613,-0.06797419,-0.047332626,0.13726398,0.7143278
0.02641856,-0.21374533,0.040320262,-3.0133421,-12.062468,-1.1688493,0.8432344,0.4164171,-0.073769994,-0.019874735,0.14916945,0.7322373
0.7914915,-0.10231865,0.025619611,4.430231,-23.019293,1.2114661,0.82315165,0.4533483,-0.08011025,-0.056485254,0.08071301,0.5710518
0.34530547,0.124795735,0.2237588,2.8007374,-12.910015,-19.94801,0.8065597,0.48233777,-0.08464337,-0.013772981,0.11940578,0.65761435
-0.54419035,-0.16117452,-0.17257284,-2.2773647,1.0860099,4.2339063,0.80382,0.49876502,-0.088568665,-0.044281743,0.1610749,0.69343334
1.7584321,-0.20868532,0.12559468,-3.4002454,19.817766,-2.7902026,0.80654275,0.50765365,-0.09067962,0.041142795,0.13131125,0.66358423
1.1856394,0.050972905,0.23537017,7.267839,9.471941,-11.222103,0.81096935,0.50998455,-0.08988254,-0.022925612,0.10452395,0.6456747
0.1820537,0.07233146,-0.05763081,10.924264,15.575239,-14.039121,0.81693786,0.5079242,-0.087080106,0.01978666,0.13131125,0.66358423
0.18141454,0.5342301,0.001864213,12.23485,-8.025364,-17.4001,0.8170765,0.51327085,-0.08665022,0.016735783,0.14024034,0.6844786
-0.008894959,0.044528052,0.120321624,-0.18531121,6.664979,-12.005485,0.8161485,0.51812303,-0.08743038,0.031990167,0.11345305,0.6456747
-0.42658517,0.36911413,-0.17225327,5.4721875,0.34476504,-23.820871,0.8140485,0.5240635,-0.0898363,0.050295424,0.12238215,0.70537305
-0.7228352,0.10844392,-0.08687232,0.16663644,-6.9858017,-12.87889,0.81324154,0.5263511,-0.09122823,0.062498935,0.11642942,0.7023881
-0.6623814,-0.37673077,-0.1041296,-0.47596732,-5.5775323,0.9150639,0.810587,0.5302205,-0.095892526,0.062498935,0.14024034,0.7829809
0.54807854,-0.19238676,0.06066681,-7.420589,-11.477803,-13.711115,0.809875,0.5305434,-0.10110626,-0.2456396,0.16702764,0.7023881
0.5030179,-0.18743327,0.11233214,4.2415676,16.090952,-36.268806,0.810926,0.5364009,-0.10762128,-0.14190981,0.18786222,0.8187999
0.92709965,-0.20687436,0.04053331,-2.0527885,-0.85616654,-31.583353,0.81330425,0.5408954,-0.11386426,-0.004620352,0.30096418,0.7232826
0.8814531,1.0479007,0.10322413,16.675615,10.3214035,-1.6845604,0.8129877,0.5474466,-0.11800248,-0.33716592,0.09857122,0.5770216
0.480381,0.10466223,-0.04825648,-11.521378,7.9286385,-26.568935,0.81306106,0.55113727,-0.12058181,-0.004620352,0.36346787,0.5919462
0.7532485,0.14807177,2.6412168,-3.2858024,-0.4429273,14.6008,0.8114096,0.5556416,-0.12387294,0.04724455,0.36644423,0.6456747
1.5521436,-1.1210843,-2.7925909,1.5337257,8.508993,-13.340971,0.8097807,0.5587754,-0.12906697,0.20589013,0.29501143,0.45463997
0.5055745,0.27249464,1.3858025,-14.463852,-6.4815826,-57.872166,0.80628806,0.56417114,-0.13490377,-0.16326593,0.12833488,0.52926296
-0.23185481,0.28032434,0.48874336,-12.973222,-4.1908107,-7.6264906,0.8016863,0.57196313,-0.13917714,0.30046728,0.11047668,0.8217848
-0.50195265,-0.02231729,-3.16293,-7.600633,-23.529736,-1.820551,0.7949195,0.58717674,-0.14367709,0.54758835,0.36644423,0.5352328
2.6672091,-0.020453079,-0.2408563,-5.4721875,-3.5707126,-1.9254171,0.78216356,0.61002284,-0.14594941,0.4957234,0.67301005,0.46657962
-6.165165,1.4557372,0.89412975,-15.833335,19.003258,-5.1609416,0.76222825,0.6388532,-0.14583433,-0.17852032,-1.2497231,-0.11846416
0.6345248,-0.41630536,-0.04921522,1.2966998,-3.7861905,8.720161,0.7365083,0.6715084,-0.14375179,-0.87717104,0.42894793,-0.45277488
0.077018626,-0.02524677,-0.017949706,3.292985,0.010055648,9.339302,0.72047126,0.69310945,-0.14230023,-1.1151394,0.04499661,-0.42889556
0.06567355,-0.021092238,-0.007616641,3.2771833,0.062249243,9.295249,0.7113061,0.705224,-0.14215334,-1.1151394,0.04499661,-0.43188044
0.062903866,-0.023808662,-0.006338324,3.269043,0.071347214,9.257421,0.7173468,0.69576555,-0.14489506,-1.1151394,0.04499661,-0.42591065
0.06823019,-0.025672873,-0.004846953,3.2915487,0.07182605,9.306262,0.730345,0.6768724,-0.1469795,-1.1151394,0.04499661,-0.4229257
0.063702814,-0.021411816,-0.007403588,3.3164485,0.053630117,9.312009,0.74799,0.65791243,-0.1418188,-1.1212412,0.04499661,-0.42889556
,,,,,,0.7648431,0.6408503,-0.13751855,,,
,,,,,,0.77579373,0.6260667,-0.14276701,,,
,,,,,,0.7830779,0.61390406,-0.15006283,,,
,,,,,,0.78149354,0.6119254,-0.15328516,,,
,,,,,,0.7769932,0.6142026,-0.15471922,,,
,,,,,,0.77340704,0.6164043,-0.1567285,,,
,,,,,,0.76996005,0.61939543,-0.16109961,,,
,,,,,,0.7677521,0.6225137,-0.16685574,,,
,,,,,,0.7661262,0.62603027,-0.1739586,,,
,,,,,,0.7611369,0.6323447,-0.18063737,,,
,,,,,,0.75543237,0.6389923,-0.18552777,,,
,,,,,,0.74694365,0.6444761,-0.18948773,,,
,,,,,,0.73838484,0.64920473,-0.19385889,,,
,,,,,,0.7340421,0.65092486,-0.19897716,,,
,,,,,,0.7316737,0.6518246,-0.20360598,,,
,,,,,,0.7287919,0.6530348,-0.20747289,,,
,,,,,,0.7262783,0.65467924,-0.21220072,,,
,,,,,,0.7241622,0.6575392,-0.2171635,,,
,,,,,,0.722839,0.6601649,-0.22299957,,,
,,,,,,0.7274748,0.6626138,-0.22979225,,,
,,,,,,0.7334971,0.6643844,-0.23354799,,,
,,,,,,0.7373765,0.6620589,-0.23488946,,,
,,,,,,0.74019665,0.659165,-0.23789038,,,
,,,,,,0.74112695,0.65614235,-0.24416664,,,
,,,,,,0.74115795,0.65352374,-0.24997008,,,
,,,,,,0.74080026,0.65420854,-0.25322458,,,
,,,,,,0.7410168,0.65618694,-0.2566313,,,
,,,,,,0.74188876,0.6585106,-0.2648598,,,
,,,,,,0.7424792,0.66041285,-0.2744288,,,
,,,,,,0.74273014,0.6651664,-0.28182906,,,
,,,,,,0.74295646,0.67062116,-0.28743434,,,
,,,,,,0.7387849,0.6759652,-0.2928103,,,
,,,,,,0.73460025,0.68041587,-0.2975774,,,
,,,,,,0.7356422,0.6840235,-0.30365342,,,
,,,,,,0.7379453,0.68644166,-0.3056444,,,
,,,,,,0.73879695,0.6863048,-0.3066394,,,
,,,,,,0.73973125,0.6849645,-0.30988508,,,
,,,,,,0.7296548,0.6923754,-0.31613332,,,
,,,,,,0.7185316,0.70071,-0.32136768,,,
,,,,,,0.7063258,0.7102625,-0.32446194,,,
,,,,,,0.69644654,0.71799797,-0.32679763,,,
,,,,,,0.69224155,0.7279466,-0.33073193,,,
,,,,,,0.6906946,0.73603463,-0.33511755,,,
,,,,,,0.700727,0.74202573,-0.3411393,,,
,,,,,,0.7199656,0.73852766,-0.34708884,,,
,,,,,,0.7615068,0.7195642,-0.35774285,,,
,,,,,,0.8116896,0.6902534,-0.36477667,,,
,,,,,,0.87856597,0.64700514,-0.36682805,,,
,,,,,,0.9410482,0.60472274,-0.36627784,,,
,,,,,,1.0042717,0.56998855,-0.3688184,,,
,,,,,,1.0447166,0.5526251,-0.37202638,,,
,,,,,,1.0696454,0.55049646,-0.37373215,,,
,,,,,,1.084654,0.55616117,-0.37292823,,,
,,,,,,1.0992023,0.5641873,-0.37063798,,,
,,,,,,1.1206604,0.5662337,-0.37092072,,,
,,,,,,1.1511446,0.55648047,-0.37055477,,,
,,,,,,1.1959708,0.53621733,-0.36751652,,,
,,,,,,1.2317055,0.5184296,-0.36361036,,,
,,,,,,1.2720156,0.49780306,-0.3584751,,,
,,,,,,1.2890358,0.48297295,-0.35529196,,,
,,,,,,1.3004893,0.46621203,-0.35385317,,,
,,,,,,1.2918216,0.45705655,-0.3542066,,,
,,,,,,1.2827749,0.44327864,-0.35463893,,,
,,,,,,1.2688725,0.4568833,-0.35279107,,,
,,,,,,1.2631397,0.46640405,-0.35391024,,,
,,,,,,1.2392781,0.48435047,-0.3557635,,,
,,,,,,1.2152045,0.501134,-0.35390863,,,
,,,,,,1.1868076,0.5344846,-0.3439566,,,
,,,,,,1.1575174,0.5714901,-0.33300632,,,
,,,,,,1.1276923,0.60837376,-0.3233785,,,
,,,,,,1.0986583,0.6427396,-0.3148233,,,
,,,,,,1.0914357,0.65682423,-0.311173,,,
,,,,,,1.090834,0.6643226,-0.30742967,,,
,,,,,,1.0961808,0.6637609,-0.2985914,,,
,,,,,,1.1030575,0.65984297,-0.28649363,,,
,,,,,,1.1097659,0.65629166,-0.2733778,,,
,,,,,,1.1198932,0.6484611,-0.26130706,,,
,,,,,,1.1373448,0.63649124,-0.25569105,,,
,,,,,,1.1594508,0.618247,-0.2504819,,,
,,,,,,1.1788917,0.60602605,-0.24626143,,,
,,,,,,1.1952928,0.59546876,-0.24174783,,,
,,,,,,1.1890249,0.61848885,-0.24439883,,,
,,,,,,1.1786895,0.6556043,-0.2491141,,,
,,,,,,1.1574954,0.7061819,-0.24749309,,,
,,,,,,1.1361295,0.770732,-0.23040342,,,
,,,,,,1.1192636,0.80846137,-0.21812919,,,
,,,,,,1.1081493,0.8499666,-0.20707893,,,
,,,,,,1.0945607,0.85253996,-0.21134742,,,
,,,,,,1.0791745,0.84412503,-0.21776038,,,
,,,,,,1.0580788,0.81701684,-0.22194517,,,
,,,,,,1.0360726,0.7847515,-0.21592607,,,
,,,,,,1.0202594,0.7514168,-0.20718795,,,
,,,,,,1.0122708,0.72803676,-0.19879664,,,
,,,,,,1.0118994,0.71267617,-0.19343993,,,
,,,,,,1.0155724,0.70644075,-0.18841337,,,
,,,,,,1.0199416,0.70339864,-0.18711412,,,
,,,,,,1.0250406,0.70332164,-0.18362603,,,
,,,,,,1.0352311,0.7059794,-0.18308938,,,
,,,,,,1.0474825,0.71090496,-0.18145497,,,
,,,,,,1.0559043,0.7116971,-0.18297143,,,
,,,,,,1.0653366,0.71321833,-0.18248993,,,
,,,,,,1.0705173,0.712015,-0.1840132,,,
,,,,,,1.0751141,0.71085525,-0.18017855,,,
,,,,,,1.0794446,0.70724994,-0.17521971,,,
,,,,,,1.0837405,0.704117,-0.16701196,,,
,,,,,,1.0869075,0.7011014,-0.15918933,,,
,,,,,,1.0846773,0.70247257,-0.15128805,,,
,,,,,,1.0743016,0.7045747,-0.1472926,,,
,,,,,,1.0566176,0.7142803,-0.14375463,,,
,,,,,,1.0313967,0.7275059,-0.13620125,,,
,,,,,,1.0083594,0.7411187,-0.12850474,,,
,,,,,,0.99925876,0.7424892,-0.12303981,,,
,,,,,,1.0001831,0.7350002,-0.11583751,,,
,,,,,,1.0198319,0.71255374,-0.109470755,,,
,,,,,,1.0492681,0.68071634,-0.09862902,,,
,,,,,,1.0752059,0.6542212,-0.0872593,,,
,,,,,,1.1023619,0.6269704,-0.07442294,,,
,,,,,,1.1211735,0.6099479,-0.06557019,,,
,,,,,,1.1371621,0.5956513,-0.05481718,,,
,,,,,,1.1490383,0.590101,-0.0484483,,,
,,,,,,1.1563349,0.5876197,-0.041411527,,,
,,,,,,1.166767,0.58273417,-0.0346802,,,
,,,,,,1.1742783,0.57727766,-0.029423898,,,
,,,,,,1.1820223,0.570589,-0.02458186,,,
,,,,,,1.183904,0.56309164,-0.020829361,,,
,,,,,,1.1825014,0.5553796,-0.020463035,,,
,,,,,,1.1778474,0.54692,-0.019497145,,,
,,,,,,1.1760437,0.54435444,-0.019381316,,,
,,,,,,1.1748857,0.5442436,-0.017990062,,,
,,,,,,1.1787194,0.55276847,-0.015318952,,,
,,,,,,1.1855984,0.5683331,-0.009677287,,,
,,,,,,1.1948975,0.5861785,-0.002425197,,,
,,,,,,1.2049352,0.6111641,0.007748971,,,
,,,,,,1.2141386,0.6305053,0.015717668,,,
,,,,,,1.2189163,0.6459929,0.023780491,,,
,,,,,,1.2258956,0.65774375,0.030873619,,,
,,,,,,1.2292991,0.66550434,0.03653951,,,
,,,,,,1.2321515,0.6789233,0.042907804,,,
,,,,,,1.2279799,0.6953868,0.050320294,,,
,,,,,,1.2124596,0.7143688,0.06026918,,,
,,,,,,1.1904324,0.7340503,0.06874156,,,
,,,,,,1.1691214,0.75083417,0.074554555,,,
,,,,,,1.1470951,0.765317,0.07811538,,,
,,,,,,1.1480268,0.7698086,0.07914944,,,
,,,,,,1.1605984,0.767636,0.0816856,,,
,,,,,,1.1817476,0.7616546,0.085889965,,,
,,,,,,1.2092961,0.7525188,0.09181802,,,
,,,,,,1.2311116,0.7485502,0.094604254,,,
,,,,,,1.2464659,0.7469405,0.09673348,,,
,,,,,,1.2595723,0.7554127,0.09445648,,,
,,,,,,1.2648298,0.7628985,0.093248814,,,
,,,,,,1.2681469,0.7586538,0.0884729,,,
,,,,,,1.2664366,0.7480782,0.08325882,,,
,,,,,,1.2617697,0.7470976,0.07508581,,,
,,,,,,1.2578906,0.7541038,0.068260424,,,
,,,,,,1.2708822,0.76296425,0.062165517,,,
,,,,,,1.2983083,0.77758557,0.056157995,,,
,,,,,,1.3254071,0.7947041,0.049180016,,,
,,,,,,1.3550303,0.81507355,0.044682853,,,
,,,,,,1.3744674,0.825852,0.039335355,,,
,,,,,,1.3917664,0.8349652,0.03812351,,,
,,,,,,1.402701,0.83176315,0.036396977,,,
,,,,,,1.4084798,0.82800657,0.037251648,,,
,,,,,,1.416415,0.8236614,0.040418148,,,
,,,,,,1.4206344,0.82139283,0.043108545,,,
,,,,,,1.4256854,0.81359845,0.043941062,,,
,,,,,,1.4283006,0.80670166,0.0455048,,,
,,,,,,1.434393,0.8002029,0.048941884,,,
,,,,,,1.4375116,0.79815364,0.056775488,,,
,,,,,,1.4388049,0.7993521,0.06055664,,,
,,,,,,1.4349297,0.8048493,0.06533462,,,
,,,,,,1.43752,0.8045547,0.06812198,,,
,,,,,,1.4351214,0.8078041,0.07354362,,,
,,,,,,1.4419655,0.80274636,0.07913505,,,
,,,,,,1.454237,0.79216176,0.08780674,,,
,,,,,,1.4730668,0.7864481,0.096737586,,,
,,,,,,1.4923141,0.7791647,0.10548959,,,
,,,,,,1.5206296,0.7745347,0.114235796,,,
,,,,,,1.5423107,0.7715601,0.12336131,,,
,,,,,,1.5757433,0.7643554,0.1323207,,,
,,,,,,1.5988764,0.7589563,0.13974814,,,
,,,,,,1.6262786,0.73857176,0.14761223,,,
,,,,,,1.644414,0.71991944,0.15712151,,,
,,,,,,1.6646535,0.6926959,0.16957042,,,
,,,,,,1.6785189,0.6693468,0.18363848,,,
,,,,,,1.6891346,0.650231,0.19483735,,,
,,,,,,1.6938976,0.63590765,0.20348231,,,
,,,,,,1.7024385,0.62260795,0.2116926,,,
,,,,,,1.7076324,0.6106931,0.22267866,,,
,,,,,,1.7188693,0.60256076,0.23441422,,,
,,,,,,1.7250063,0.5980205,0.24572048,,,
,,,,,,1.7360867,0.58791363,0.24724995,,,
,,,,,,1.7464044,0.57849115,0.23571682,,,
,,,,,,1.7756658,0.5690771,0.22548538,,,
,,,,,,1.80383,0.56102085,0.22204551,,,
,,,,,,1.8371463,0.5489734,0.22202489,,,
,,,,,,1.8619075,0.5384333,0.22167362,,,
,,,,,,1.8758538,0.52998334,0.22115105,,,
,,,,,,1.8859768,0.5196176,0.2201584,,,
,,,,,,1.8963298,0.51016855,0.21669398,,,
,,,,,,1.9113314,0.49544236,0.2122248,,,
,,,,,,1.9242779,0.48736238,0.20624274,,,
,,,,,,1.9394135,0.47863406,0.20299754,,,
,,,,,,1.9366368,0.4870193,0.1961864,,,
,,,,,,1.9276171,0.5009759,0.18959522,,,
,,,,,,1.9142438,0.52750874,0.17917521,,,
,,,,,,1.9008617,0.55997974,0.17175944,,,
,,,,,,1.89677,0.59289056,0.16434397,,,
,,,,,,1.9011586,0.62310094,0.15942162,,,
,,,,,,1.9112443,0.6452268,0.15242888,,,
,,,,,,1.9255979,0.65774876,0.1464096,,,
,,,,,,1.9308207,0.6434522,0.1392274,,,
,,,,,,1.9376148,0.6156271,0.12983477,,,
,,,,,,1.9442776,0.57509816,0.121995665,,,
,,,,,,1.9550259,0.5270868,0.11816506,,,
,,,,,,1.967853,0.4796492,0.11580616,,,
,,,,,,1.9804882,0.43685025,0.112846486,,,
,,,,,,1.976647,0.42424193,0.10557062,,,
,,,,,,1.9642228,0.42646542,0.10026067,,,
,,,,,,1.9443241,0.4433627,0.09946748,,,
,,,,,,1.9239619,0.4634126,0.09995796,,,
,,,,,,1.9161847,0.48005447,0.09400447,,,
,,,,,,1.921669,0.48372743,0.084392734,,,
,,,,,,1.9435527,0.46548644,0.07202324,,,
,,,,,,1.9758059,0.43439102,0.06473793,,,
,,,,,,2.0029678,0.4188589,0.0586216,,,
,,,,,,2.025079,0.40838107,0.05284765,,,
,,,,,,2.0186958,0.42177072,0.04102102,,,
,,,,,,2.0030773,0.44165477,0.03352007,,,
,,,,,,1.9820367,0.47120073,0.033222463,,,
,,,,,,1.9586173,0.5036109,0.03712511,,,
,,,,,,1.944773,0.52626896,0.034494616,,,
,,,,,,1.9383146,0.54002887,0.029169668,,,
,,,,,,1.9388679,0.54569983,0.024008524,,,
,,,,,,1.9406601,0.54830253,0.021851689,,,
,,,,,,1.9410812,0.54573286,0.018915113,,,
,,,,,,1.9390883,0.5430561,0.020128805,,,
,,,,,,1.9483956,0.54044557,0.022384865,,,
,,,,,,1.9596038,0.5375762,0.025605332,,,
,,,,,,1.9734746,0.5334564,0.0308801,,,
,,,,,,1.9855984,0.5293082,0.038559314,,,
,,,,,,1.9944338,0.52885777,0.04588576,,,
,,,,,,2.000313,0.5295004,0.05337556,,,
,,,,,,2.0051267,0.5309762,0.061467506,,,
,,,,,,2.0081198,0.53243035,0.07134094,,,
,,,,,,2.009664,0.53313637,0.07969639,,,
,,,,,,2.0092883,0.53336746,0.087882325,,,
,,,,,,2.0056713,0.5315615,0.09395467,,,
,,,,,,1.9999757,0.529797,0.100091256,,,
,,,,,,1.9984906,0.52749914,0.105163075,,,
,,,,,,1.9980431,0.5254019,0.11157036,,,
,,,,,,2.0109904,0.5210744,0.11619285,,,
,,,,,,2.0247643,0.5179771,0.11930499,,,
,,,,,,2.0373015,0.5206754,0.11901078,,,
,,,,,,2.0451195,0.52680457,0.12098993,,,
,,,,,,2.046399,0.5295473,0.12240985,,,
,,,,,,2.0445118,0.53192455,0.124564454,,,
,,,,,,2.0438066,0.5307596,0.12689719,,,
,,,,,,2.0428247,0.5290076,0.13039303,,,
,,,,,,2.0426204,0.5229833,0.13420504,,,
,,,,,,2.0406828,0.5178572,0.14223959,,,
,,,,,,2.0396078,0.5143094,0.14737116,,,
,,,,,,2.036314,0.5140005,0.15331489,,,
,,,,,,2.0344164,0.50998324,0.15889141,,,
,,,,,,2.033819,0.50336343,0.16478075,,,
,,,,,,2.0411441,0.48859897,0.16941907,,,
,,,,,,2.0509953,0.4718752,0.17612809,,,
,,,,,,2.061043,0.45690724,0.18354739,,,
,,,,,,2.0688982,0.44480556,0.19254042,,,
,,,,,,2.0744169,0.4361627,0.19861475,,,
,,,,,,2.0777054,0.43022034,0.20556988,,,
,,,,,,2.0797858,0.427485,0.20892075,,,
,,,,,,2.0817647,0.42594206,0.212655,,,
,,,,,,2.0841203,0.42653388,0.21223924,,,
,,,,,,2.0842023,0.42905277,0.21016705,,,
,,,,,,2.0771732,0.43530494,0.20341806,,,
,,,,,,2.0636508,0.44890592,0.19732696,,,
,,,,,,2.053559,0.4632412,0.1936598,,,
,,,,,,2.0420868,0.4848355,0.19310278,,,
,,,,,,2.0365512,0.49921983,0.1930401,,,
,,,,,,2.0300555,0.5144925,0.19601561,,,
,,,,,,2.037917,0.504911,0.19976273,,,
,,,,,,2.0509377,0.48557222,0.20178941,,,
,,,,,,2.074215,0.44365957,0.20123225,,,
,,,,,,2.0982864,0.39738214,0.20227733,,,
,,,,,,2.122611,0.36053914,0.2018603,,,
,,,,,,2.1441267,0.32989153,0.20448099,,,
,,,,,,2.1562073,0.30952176,0.20093991,,,
,,,,,,2.1646283,0.29419813,0.19575728,,,
,,,,,,2.162064,0.29264513,0.18477982,,,
,,,,,,2.1560822,0.29604137,0.17782196,,,
,,,,,,2.1508467,0.3046606,0.16941793,,,
,,,,,,2.146005,0.31457528,0.1628285,,,
,,,,,,2.140387,0.32651815,0.15388301,,,
,,,,,,2.1350775,0.33776224,0.14807971,,,
,,,,,,2.1312633,0.34523737,0.13989188,,,
,,,,,,2.1279762,0.3506394,0.13477732,,,
,,,,,,2.1265166,0.35306674,0.12902038,,,
,,,,,,2.1256454,0.35378897,0.12669864,,,
,,,,,,2.126113,0.35646996,0.12516272,,,
,,,,,,2.1268532,0.35932946,0.12650195,,,
,,,,,,2.126956,0.35888648,0.124023266,,,
,,,,,,2.126678,0.35730994,0.12112602,,,
,,,,,,2.1264036,0.35735542,0.11680628,,,
,,,,,,2.1258836,0.35775506,0.116070054,,,
,,,,,,2.1271813,0.35912207,0.114851624,,,
,,,,,,2.128685,0.36061293,0.115456,,,
,,,,,,2.1265013,0.36396167,0.11775288,,,
,,,,,,2.1225905,0.36774957,0.12041824,,,
,,,,,,2.1127877,0.37578297,0.11839645,,,
,,,,,,2.1025772,0.38377026,0.11669576,,,
,,,,,,2.0975592,0.38977796,0.114084125,,,
,,,,,,2.095317,0.3933496,0.11211059,,,
,,,,,,2.0953987,0.40295485,0.10633061,,,
,,,,,,2.0966008,0.4120846,0.101357974,,,
,,,,,,2.0924625,0.42448974,0.09238497,,,
,,,,,,2.087518,0.43557027,0.08610765,,,
,,,,,,2.0772653,0.45104012,0.08010929,,,
,,,,,,2.066947,0.46467918,0.074983835,,,
,,,,,,2.0497513,0.48571822,0.06774038,,,
,,,,,,2.0330548,0.50431925,0.062545285,,,
,,,,,,2.0126643,0.5179479,0.056082133,,,
,,,,,,1.9924071,0.5286123,0.04890779,,,
,,,,,,1.9758942,0.54988956,0.038909644,,,
,,,,,,1.9600674,0.5747614,0.029202998,,,
,,,,,,1.9398971,0.6052731,0.020486351,,,
,,,,,,1.9199818,0.6362795,0.013183494,,,
,,,,,,1.9001285,0.6637542,0.001864216,,,
,,,,,,1.8813497,0.68661636,-0.008353712,,,
,,,,,,1.8582131,0.70933664,-0.021104679,,,
,,,,,,1.8395237,0.72623205,-0.029738517,,,
,,,,,,1.8229992,0.7426686,-0.040701233,,,
,,,,,,1.8092997,0.7573362,-0.049349524,,,
,,,,,,1.8031319,0.7664668,-0.06159854,,,
,,,,,,1.7960737,0.7766853,-0.07164985,,,
,,,,,,1.7897615,0.782986,-0.08315285,,,
,,,,,,1.7748749,0.7970439,-0.093366906,,,
,,,,,,1.765301,0.80543566,-0.10202781,,,
,,,,,,1.7538482,0.8159656,-0.108788654,,,
,,,,,,1.7608095,0.8127028,-0.11902945,,,
,,,,,,1.777589,0.8033044,-0.12633298,,,
,,,,,,1.8065045,0.7810841,-0.13303685,,,
,,,,,,1.8402195,0.7581457,-0.13654833,,,
,,,,,,1.8727044,0.7368002,-0.13544339,,,
,,,,,,1.8941759,0.7252895,-0.13155101,,,
,,,,,,1.910622,0.7078001,-0.12713836,,,
,,,,,,1.9193984,0.693836,-0.12495755,,,
,,,,,,1.9219953,0.67667276,-0.1273016,,,
,,,,,,1.9217582,0.6614469,-0.12970263,,,
,,,,,,1.919439,0.6539295,-0.13171512,,,
,,,,,,1.9147499,0.6500769,-0.12992181,,,
,,,,,,1.9023857,0.65118885,-0.13046919,,,
,,,,,,1.8850418,0.6548068,-0.1301085,,,
,,,,,,1.8747622,0.6580401,-0.130837,,,
,,,,,,1.8651158,0.6640928,-0.13253787,,,
,,,,,,1.8563865,0.6702208,-0.13170528,,,
,,,,,,1.8494186,0.6802828,-0.13041902,,,
,,,,,,1.8455538,0.6906536,-0.13022636,,,
,,,,,,1.8431531,0.6997783,-0.13120875,,,
,,,,,,1.8413494,0.7004205,-0.13234217,,,
,,,,,,1.8419482,0.697111,-0.13239904,,,
,,,,,,1.842143,0.68596375,-0.1344684,,,
,,,,,,1.8437996,0.67329514,-0.13396673,,,
,,,,,,1.8435215,0.66379136,-0.13345227,,,
,,,,,,1.8406653,0.6596145,-0.13367115,,,
,,,,,,1.8354875,0.65774614,-0.13317098,,,
,,,,,,1.8294097,0.65865475,-0.13433143,,,
,,,,,,1.8210425,0.66059864,-0.13566805,,,
,,,,,,1.8122526,0.66447854,-0.13453533,,,
,,,,,,1.8073081,0.6593628,-0.13179982,,,
,,,,,,1.8045429,0.6535326,-0.12967157,,,
,,,,,,1.8003969,0.6453262,-0.12767181,,,
,,,,,,1.7977713,0.63885844,-0.1280395,,,
,,,,,,1.7923152,0.63180715,-0.12930271,,,
,,,,,,1.7875328,0.6271447,-0.12802745,,,
,,,,,,1.7818123,0.62226194,-0.12705284,,,
,,,,,,1.7780527,0.6190209,-0.12783027,,,
,,,,,,1.7731357,0.61711633,-0.13192418,,,
,,,,,,1.7693204,0.61616105,-0.13452046,,,
,,,,,,1.763215,0.61678356,-0.13568844,,,
,,,,,,1.7573185,0.61787087,-0.13576934,,,
,,,,,,1.7517172,0.6205401,-0.1382308,,,
,,,,,,1.7465864,0.6241682,-0.14005597,,,
,,,,,,1.7425508,0.6243477,-0.14329784,,,
,,,,,,1.7398996,0.62396765,-0.14522982,,,
,,,,,,1.7347994,0.6261884,-0.14638722,,,
,,,,,,1.7316247,0.62853616,-0.14751376,,,
,,,,,,1.7271035,0.6282894,-0.1518398,,,
,,,,,,1.7246072,0.6283726,-0.15528281,,,
,,,,,,1.7189032,0.63005036,-0.15795158,,,
,,,,,,1.7154995,0.63133323,-0.15777266,,,
,,,,,,1.7091026,0.6311304,-0.15661521,,,
,,,,,,1.6978639,0.62624925,-0.15425365,,,
,,,,,,1.68366,0.61728156,-0.15347396,,,
,,,,,,1.6603802,0.60216635,-0.15215962,,,
,,,,,,1.6413199,0.5885343,-0.14968604,,,
,,,,,,1.620068,0.57220536,-0.14426851,,,
,,,,,,1.6064562,0.56391037,-0.13923338,,,
,,,,,,1.5962014,0.55913144,-0.13336754,,,
,,,,,,1.5881813,0.55967456,-0.12803023,,,
,,,,,,1.5839012,0.5629295,-0.12553117,,,
,,,,,,1.575133,0.5689989,-0.122357994,,,
,,,,,,1.5678679,0.5736931,-0.11968169,,,
,,,,,,1.5537214,0.58019906,-0.11576748,,,
,,,,,,1.5402918,0.5829406,-0.11129119,,,
,,,,,,1.5188428,0.5848437,-0.10912347,,,
,,,,,,1.4977918,0.5822347,-0.11073769,,,
,,,,,,1.4768759,0.57891744,-0.11058489,,,
,,,,,,1.453352,0.57335216,-0.109534256,,,
,,,,,,1.4370154,0.5763862,-0.10744337,,,
,,,,,,1.421612,0.5811687,-0.10186054,,,
,,,,,,1.4128494,0.58701587,-0.09582143,,,
,,,,,,1.4056977,0.59277034,-0.0915738,,,
,,,,,,1.4013333,0.59509104,-0.086280316,,,
,,,,,,1.3974556,0.59428596,-0.07774776,,,
,,,,,,1.3880539,0.5861696,-0.07056262,,,
,,,,,,1.3788493,0.57626486,-0.06490282,,,
,,,,,,1.3673,0.5661738,-0.06123317,,,
,,,,,,1.3581893,0.5583538,-0.057925478,,,
,,,,,,1.3470583,0.5598503,-0.058338672,,,
,,,,,,1.3377337,0.5617647,-0.05678254,,,
,,,,,,1.3377122,0.5738111,-0.059048515,,,
,,,,,,1.3390304,0.58401173,-0.05797835,,,
,,,,,,1.354614,0.6045797,-0.059400126,,,
,,,,,,1.3722548,0.62770575,-0.05839574,,,
,,,,,,1.3823198,0.6523351,-0.059548825,,,
,,,,,,1.3897775,0.6806838,-0.058058124,,,
,,,,,,1.3965902,0.69992465,-0.05889066,,,
,,,,,,1.401073,0.71364105,-0.057095323,,,
,,,,,,1.4012951,0.7247929,-0.06031959,,,
,,,,,,1.3953997,0.7357779,-0.061724633,,,
,,,,,,1.3861263,0.74984705,-0.06452982,,,
,,,,,,1.3731388,0.7657739,-0.06541669,,,
,,,,,,1.3683392,0.7785967,-0.06227804,,,
,,,,,,1.3678676,0.7887311,-0.05474211,,,
,,,,,,1.3802409,0.784501,-0.05206337,,,
,,,,,,1.3996067,0.7729725,-0.050636258,,,
,,,,,,1.4249706,0.7513215,-0.050865192,,,
,,,,,,1.4551708,0.72326636,-0.044907562,,,
,,,,,,1.4709598,0.7048383,-0.049180344,,,
,,,,,,1.4831957,0.6873984,-0.055293128,,,
,,,,,,1.4849206,0.6847141,-0.064980865,,,
,,,,,,1.4840282,0.6851058,-0.075260006,,,
,,,,,,1.4797744,0.69096565,-0.08948826,,,
,,,,,,1.4728539,0.69954026,-0.10123763,,,
,,,,,,1.4566497,0.7171827,-0.116390206,,,
,,,,,,1.433992,0.7413228,-0.12799965,,,
,,,,,,1.4027246,0.77266866,-0.13948599,,,
,,,,,,1.3674002,0.80938107,-0.14519076,,,
,,,,,,1.3462827,0.83732074,-0.14973314,,,
,,,,,,1.3337551,0.8610196,-0.1548757,,,
,,,,,,1.3436762,0.853305,-0.16012377,,,
,,,,,,1.362759,0.8328263,-0.16516608,,,
,,,,,,1.3908168,0.7963549,-0.16600959,,,
,,,,,,1.4272274,0.7459818,-0.16090626,,,
,,,,,,1.4583455,0.7050605,-0.1564732,,,
,,,,,,1.4849099,0.6713418,-0.15407541,,,
,,,,,,1.500808,0.6491516,-0.15468442,,,
,,,,,,1.5104759,0.6352393,-0.1598429,,,
,,,,,,1.5128362,0.6308001,-0.16707787,,,
,,,,,,1.5109066,0.6314549,-0.17360616,,,
,,,,,,1.5048631,0.63320875,-0.18245968,,,
,,,,,,1.499918,0.6374746,-0.18608059,,,
,,,,,,1.5003971,0.6444519,-0.18743692,,,
,,,,,,1.5077564,0.6572927,-0.18971494,,,
,,,,,,1.5149292,0.6697791,-0.18949932,,,
,,,,,,1.522646,0.6820566,-0.18851037,,,
,,,,,,1.5242712,0.68485254,-0.190266,,,
,,,,,,1.5205336,0.68210775,-0.19533567,,,
,,,,,,1.5061982,0.66921115,-0.19771673,,,
,,,,,,1.4885266,0.6540047,-0.19851936,,,
,,,,,,1.4732146,0.6382328,-0.19742604,,,
,,,,,,1.45999,0.6239571,-0.19347426,,,
,,,,,,1.4540948,0.6135345,-0.19215113,,,
,,,,,,1.4536918,0.6056224,-0.19266579,,,
,,,,,,1.4596517,0.59827167,-0.19276883,,,
,,,,,,1.4713038,0.5956496,-0.19064915,,,
,,,,,,1.4839369,0.59620214,-0.18363039,,,
,,,,,,1.4973876,0.6021297,-0.17685747,,,
,,,,,,1.5042897,0.6074406,-0.17321569,,,
,,,,,,1.5116072,0.61622775,-0.1696204,,,
,,,,,,1.5157043,0.6215849,-0.17022692,,,
,,,,,,1.5236808,0.62450266,-0.17235847,,,
,,,,,,1.5304127,0.61485493,-0.17636253,,,
,,,,,,1.5405914,0.59830534,-0.17963083,,,
,,,,,,1.5496457,0.5747074,-0.18155357,,,
,,,,,,1.560487,0.55007625,-0.18016294,,,
,,,,,,1.5649891,0.52935004,-0.17972782,,,
,,,,,,1.568308,0.51304436,-0.17785119,,,
,,,,,,1.5640445,0.50351465,-0.17836061,,,
,,,,,,1.5623964,0.49543992,-0.18021291,,,
,,,,,,1.5588968,0.49163562,-0.18308377,,,
,,,,,,1.5574119,0.48899177,-0.18612272,,,
,,,,,,1.5599084,0.48426062,-0.18930107,,,
,,,,,,1.5658796,0.47886285,-0.19104216,,,
,,,,,,1.5670431,0.4755515,-0.19126604,,,
,,,,,,1.5691636,0.47179678,-0.18828191,,,
,,,,,,1.5671463,0.47083065,-0.18904087,,,
,,,,,,1.5633862,0.47093138,-0.19076717,,,
,,,,,,1.5554181,0.47428507,-0.19289412,,,
,,,,,,1.5453527,0.47923636,-0.19339573,,,
,,,,,,1.5339453,0.48454657,-0.19584695,,,
,,,,,,1.5228527,0.49077594,-0.19920245,,,
,,,,,,1.5187078,0.49365503,-0.20068723,,,
,,,,,,1.5175623,0.4971207,-0.20131303,,,
,,,,,,1.5183831,0.4973544,-0.19986731,,,
,,,,,,1.5205625,0.4972519,-0.19754215,,,
,,,,,,1.5274178,0.49173462,-0.19674265,,,
,,,,,,1.5358514,0.48441187,-0.19621575,,,
,,,,,,1.547498,0.47227,-0.19655518,,,
,,,,,,1.5594035,0.4588081,-0.19560504,,,
,,,,,,1.5687379,0.45073316,-0.19910589,,,
,,,,,,1.5750238,0.44526634,-0.2000879,,,
,,,,,,1.5765184,0.44284552,-0.20336598,,,
,,,,,,1.5763315,0.4418263,-0.2049391,,,
,,,,,,1.5774213,0.44110408,-0.2075977,,,
,,,,,,1.578736,0.4409003,-0.210581,,,
,,,,,,1.5804392,0.43811193,-0.21341887,,,
,,,,,,1.5810461,0.4344591,-0.21766712,,,
,,,,,,1.581355,0.42989734,-0.22281994,,,
,,,,,,1.5812379,0.42599732,-0.22678559,,,
,,,,,,1.5867134,0.42156962,-0.23165356,,,
,,,,,,1.5933312,0.41859493,-0.23685794,,,
,,,,,,1.6022183,0.41478726,-0.24096027,,,
,,,,,,1.6106784,0.41086665,-0.24367464,,,
,,,,,,1.6170171,0.3989593,-0.24313697,,,
,,,,,,1.6198123,0.3848699,-0.24037881,,,
,,,,,,1.6190158,0.36537758,-0.2375906,,,
,,,,,,1.6134602,0.34397188,-0.23647082,,,
,,,,,,1.6055773,0.3230563,-0.23455754,,,
,,,,,,1.5959036,0.30316162,-0.23091096,,,
,,,,,,1.5873541,0.28793424,-0.22599171,,,
,,,,,,1.5786341,0.27496615,-0.21663982,,,
,,,,,,1.5720953,0.26670137,-0.20810694,,,
,,,,,,1.564447,0.26178357,-0.20210347,,,
,,,,,,1.5547947,0.25762618,-0.19682637,,,
,,,,,,1.5414844,0.25461528,-0.19087647,,,
,,,,,,1.5281312,0.2566906,-0.19081724,,,
,,,,,,1.5126156,0.26334974,-0.1893153,,,
,,,,,,1.4997098,0.27872798,-0.19063781,,,
,,,,,,1.481901,0.30504102,-0.19178127,,,
,,,,,,1.4731805,0.33019266,-0.19439779,,,
,,,,,,1.462249,0.3590348,-0.19607392,,,
,,,,,,1.4738501,0.3611741,-0.19892816,,,
,,,,,,1.4925053,0.35280097,-0.2043904,,,
,,,,,,1.535502,0.31102446,-0.20863783,,,
,,,,,,1.5825653,0.26065502,-0.20707116,,,
,,,,,,1.6205125,0.21338245,-0.20197737,,,
,,,,,,1.6498879,0.17151035,-0.19416003,,,
,,,,,,1.6675253,0.1427538,-0.19105943,,,
,,,,,,1.6753942,0.12179515,-0.19049974,,,
,,,,,,1.6740917,0.10764685,-0.19234584,,,
,,,,,,1.668788,0.09789461,-0.19386075,,,
,,,,,,1.6640942,0.09871277,-0.19657403,,,
,,,,,,1.660444,0.105339505,-0.19729449,,,
,,,,,,1.6686631,0.11699095,-0.19904259,,,
,,,,,,1.6790321,0.1301057,-0.19812298,,,
,,,,,,1.6925375,0.13379587,-0.19955999,,,
,,,,,,1.703456,0.1353781,-0.19947597,,,
,,,,,,1.7047027,0.13951387,-0.20231964,,,
,,,,,,1.6995537,0.14631882,-0.19968177,,,
,,,,,,1.6928841,0.14671975,-0.19380777,,,
,,,,,,1.6862316,0.1447478,-0.18547857,,,
,,,,,,1.6891811,0.13715728,-0.17845158,,,
,,,,,,1.6938767,0.12641367,-0.17257854,,,
,,,,,,1.6952187,0.114425935,-0.16743802,,,
,,,,,,1.6929094,0.104270294,-0.15955693,,,
,,,,,,1.6896949,0.098522834,-0.14937586,,,
,,,,,,1.6858594,0.09728423,-0.14054543,,,
,,,,,,1.6845154,0.0990978,-0.13656603,,,
,,,,,,1.6831453,0.102328755,-0.13155015,,,
,,,,,,1.6842189,0.10587141,-0.12947859,,,
,,,,,,1.6843427,0.110088736,-0.12607516,,,
,,,,,,1.6840453,0.114224136,-0.1262236,,,
,,,,,,1.683025,0.11854107,-0.12683177,,,
,,,,,,1.687992,0.114674315,-0.12940791,,,
,,,,,,1.6937317,0.10973634,-0.13139135,,,
,,,,,,1.7013977,0.10463959,-0.13615115,,,
,,,,,,1.7087427,0.10008163,-0.13803594,,,
,,,,,,1.7137144,0.096255295,-0.13751203,,,
,,,,,,1.7164197,0.09283903,-0.13618295,,,
,,,,,,1.7178063,0.09019164,-0.13970515,,,
,,,,,,1.7175832,0.08892176,-0.14102986,,,
,,,,,,1.7202778,0.08973161,-0.14327659,,,
,,,,,,1.7228931,0.09078389,-0.14462438,,,
,,,,,,1.7242861,0.09166103,-0.14797685,,,
,,,,,,1.7246306,0.0922339,-0.14918055,,,
,,,,,,1.7253834,0.09267208,-0.15424593,,,
,,,,,,1.7252562,0.09359985,-0.15914288,,,
,,,,,,1.7260964,0.094074145,-0.16199186,,,
,,,,,,1.72722,0.09443671,-0.16456704,,,
,,,,,,1.728994,0.095090926,-0.16869855,,,
,,,,,,1.7304233,0.095873855,-0.17157082,,,
,,,,,,1.7298796,0.096701264,-0.17652209,,,
,,,,,,1.7276132,0.097688764,-0.1790117,,,
,,,,,,1.7250402,0.099023774,-0.17983563,,,
,,,,,,1.7230994,0.10045037,-0.17909773,,,
,,,,,,1.7225024,0.103208505,-0.18062864,,,
,,,,,,1.7224708,0.10538161,-0.17987356,,,
,,,,,,1.724112,0.10634618,-0.1825452,,,
,,,,,,1.7260453,0.10702858,-0.18689159,,,
,,,,,,1.7280773,0.1063353,-0.19081107,,,
,,,,,,1.7293128,0.104915485,-0.19209357,,,
,,,,,,1.7315247,0.103771426,-0.19488412,,,
,,,,,,1.7342973,0.10234501,-0.19775407,,,
,,,,,,1.7349739,0.10031797,-0.20191143,,,
,,,,,,1.7345611,0.098288506,-0.20455644,,,
,,,,,,1.7341433,0.0967825,-0.20690493,,,
,,,,,,1.733519,0.09553591,-0.20997213,,,
,,,,,,1.732739,0.094995685,-0.21577266,,,
,,,,,,1.7321366,0.09476322,-0.21966226,,,
,,,,,,1.7334418,0.09486922,-0.22698854,,,
,,,,,,1.7351447,0.09505843,-0.23158328,,,
,,,,,,1.736739,0.09656351,-0.23754641,,,
,,,,,,1.7385541,0.09767568,-0.24098513,,,
,,,,,,1.7415327,0.098012514,-0.24575877,,,
,,,,,,1.7444693,0.0975849,-0.2471233,,,
,,,,,,1.743801,0.09864611,-0.24788874,,,
,,,,,,1.7437708,0.10092701,-0.24835247,,,
,,,,,,1.7426122,0.10283424,-0.2498686,,,
,,,,,,1.7435919,0.10618943,-0.25087073,,,
,,,,,,1.7443478,0.10722199,-0.25402254,,,
,,,,,,1.7469409,0.10946957,-0.25510255,,,
,,,,,,1.7453007,0.11129963,-0.2544588,,,
,,,,,,1.7437938,0.11263685,-0.2528075,,,
,,,,,,1.739342,0.115239896,-0.25387225,,,
,,,,,,1.736621,0.11826449,-0.25502884,,,
,,,,,,1.731377,0.11959976,-0.25769448,,,
,,,,,,1.726668,0.11965136,-0.25965774,,,
,,,,,,1.7179157,0.11629516,-0.26059237,,,
,,,,,,1.706348,0.111322425,-0.2598907,,,
,,,,,,1.6974256,0.10988904,-0.2632967,,,
,,,,,,1.688627,0.10964042,-0.2661501,,,
,,,,,,1.6823523,0.1106854,-0.2701741,,,
,,,,,,1.6765479,0.11305004,-0.27404037,,,
,,,,,,1.6738839,0.11610703,-0.27865657,,,
,,,,,,1.6722243,0.12008046,-0.2820559,,,
,,,,,,1.6657789,0.12404511,-0.28880665,,,
,,,,,,1.660056,0.12805118,-0.29565138,,,
,,,,,,1.6515543,0.1385073,-0.30765593,,,
,,,,,,1.6443856,0.15107048,-0.3122882,,,
,,,,,,1.640205,0.16721244,-0.3192651,,,
,,,,,,1.6398791,0.18252218,-0.32359448,,,
,,,,,,1.6389134,0.1935744,-0.32622248,,,
,,,,,,1.6395934,0.20384692,-0.32673404,,,
,,,,,,1.6403465,0.20402755,-0.32520074,,,
,,,,,,1.6391478,0.204382,-0.32003424,,,
,,,,,,1.6335831,0.19466221,-0.3158387,,,
,,,,,,1.6236335,0.18152256,-0.31023172,,,
,,,,,,1.6182463,0.17285773,-0.30583343,,,
,,,,,,1.6130816,0.16808379,-0.29926047,,,
,,,,,,1.6130531,0.16361785,-0.29255164,,,
,,,,,,1.6141092,0.16273025,-0.28692538,,,
,,,,,,1.6180546,0.15774086,-0.2806624,,,
,,,,,,1.6231035,0.15143488,-0.27457404,,,
,,,,,,1.633415,0.13716866,-0.26876664,,,
,,,,,,1.6435074,0.1246013,-0.26331416,,,
,,,,,,1.6514395,0.11233087,-0.2562682,,,
,,,,,,1.6540607,0.10951532,-0.2500883,,,
,,,,,,1.6504726,0.108232684,-0.24505447,,,
,,,,,,1.6414994,0.11184089,-0.24166268,,,
,,,,,,1.6337378,0.11462752,-0.23809522,,,
,,,,,,1.626818,0.11535921,-0.2328322,,,
,,,,,,1.6263657,0.105978794,-0.2304707,,,
,,,,,,1.6298968,0.08947879,-0.22888765,,,
,,,,,,1.6317004,0.07260842,-0.22553052,,,
,,,,,,1.6331232,0.057334136,-0.21881473,,,
,,,,,,1.6329103,0.045751102,-0.21370843,,,
,,,,,,1.6322533,0.038163178,-0.21022815,,,
,,,,,,1.6289955,0.034103036,-0.20821983,,,
,,,,,,1.6263102,0.033284213,-0.2077494,,,
,,,,,,1.6227254,0.035900604,-0.2085561,,,
,,,,,,1.6203393,0.03953825,-0.20940517,,,
,,,,,,1.6190416,0.042947236,-0.21121772,,,
,,,,,,1.6169616,0.047260147,-0.2131986,,,
,,,,,,1.6134833,0.05005491,-0.2156092,,,
,,,,,,1.6082253,0.05286919,-0.21669286,,,
,,,,,,1.6065124,0.05375992,-0.2155665,,,
,,,,,,1.6054782,0.05471063,-0.21312991,,,
,,,,,,1.6020936,0.054283213,-0.21199898,,,
,,,,,,1.5990864,0.054213442,-0.21075277,,,
,,,,,,1.598254,0.05173416,-0.20991312,,,
,,,,,,1.5978267,0.047989402,-0.20226859,,,
,,,,,,1.5954008,0.044321414,-0.19405785,,,
,,,,,,1.5915252,0.03984241,-0.18813282,,,
,,,,,,1.5835459,0.032056496,-0.18609452,,,
,,,,,,1.5737661,0.024350401,-0.18594174,,,
,,,,,,1.5624384,0.024382135,-0.18803321,,,
,,,,,,1.5468951,0.03103327,-0.18869899,,,
,,,,,,1.5283053,0.04537337,-0.18872611,,,
,,,,,,1.5058792,0.06716635,-0.1875361,,,
,,,,,,1.4921035,0.0848309,-0.18543372,,,
,,,,,,1.4815284,0.10420102,-0.18353178,,,
,,,,,,1.4907634,0.10646151,-0.18349454,,,
,,,,,,1.5091534,0.10127926,-0.18366738,,,
,,,,,,1.5317535,0.085647464,-0.17961298,,,
,,,,,,1.5530823,0.06869831,-0.17356348,,,
,,,,,,1.5675418,0.054325603,-0.16737156,,,
,,,,,,1.5762805,0.044274166,-0.16193855,,,
,,,,,,1.5833479,0.03599047,-0.15846352,,,
,,,,,,1.5849698,0.028446438,-0.15502426,,,
,,,,,,1.5768052,0.019331904,-0.15709642,,,
,,,,,,1.5641092,0.007817854,-0.15729095,,,
,,,,,,1.550949,0.001395777,-0.15498562,,,
,,,,,,1.5380492,-0.003468366,-0.15209074,,,
,,,,,,1.5304713,-0.00618788,-0.152336,,,
,,,,,,1.5222734,-0.009245322,-0.15436944,,,
,,,,,,1.5128856,-0.00531791,-0.16016033,,,
,,,,,,1.503311,-0.001078218,-0.16446446,,,
,,,,,,1.5022136,0.004489631,-0.16941321,,,
,,,,,,1.5056894,0.01140246,-0.17389396,,,
,,,,,,1.5111033,0.021250956,-0.17944357,,,
,,,,,,1.5179871,0.03319023,-0.1846375,,,
,,,,,,1.5255504,0.04312588,-0.19064796,,,
,,,,,,1.532165,0.05081273,-0.19548087,,,
,,,,,,1.533037,0.053728417,-0.20258658,,,
,,,,,,1.5319728,0.05439086,-0.20818298,,,
,,,,,,1.5303189,0.05493695,-0.21346647,,,
,,,,,,1.5279614,0.05526588,-0.21687439,,,
,,,,,,1.5270858,0.05445129,-0.2208998,,,
,,,,,,1.5274494,0.053562243,-0.22244315,,,
,,,,,,1.528211,0.05315009,-0.2194733,,,
,,,,,,1.5300331,0.05300193,-0.21111953,,,
,,,,,,1.5314788,0.050437972,-0.20829664,,,
,,,,,,1.5343391,0.045600824,-0.20552522,,,
,,,,,,1.5371752,0.04071317,-0.20804419,,,
,,,,,,1.5407926,0.03437992,-0.2061085,,,
,,,,,,1.5408386,0.032259736,-0.20537587,,,
,,,,,,1.539713,0.031668793,-0.20253983,,,
,,,,,,1.5361327,0.032976534,-0.20037189,,,
,,,,,,1.5322336,0.03446242,-0.19780421,,,
,,,,,,1.530827,0.03639806,-0.19691727,,,
,,,,,,1.5303413,0.03849682,-0.19551584,,,
,,,,,,1.5317578,0.040106796,-0.19491799,,,
,,,,,,1.5340105,0.041371547,-0.19466545,,,
,,,,,,1.5422374,0.037812058,-0.19632514,,,
,,,,,,1.5522605,0.03214697,-0.19648808,,,
,,,,,,1.5588928,0.023849417,-0.19931516,,,
,,,,,,1.5632849,0.014823253,-0.20313676,,,
,,,,,,1.5632985,0.013068631,-0.2096546,,,
,,,,,,1.5616901,0.013975512,-0.21467744,,,
,,,,,,1.5597831,0.020960674,-0.22104588,,,
,,,,,,1.5571423,0.02919281,-0.22388102,,,
,,,,,,1.5554214,0.034895524,-0.23059867,,,
,,,,,,1.5535358,0.03929129,-0.23652928,,,
,,,,,,1.55148,0.04405444,-0.24358782,,,
,,,,,,1.5491563,0.048630293,-0.24900723,,,
,,,,,,1.5472261,0.053695913,-0.25671077,,,
,,,,,,1.5463061,0.059348043,-0.26349342,,,
,,,,,,1.5475373,0.066443935,-0.2706959,,,
,,,,,,1.5506501,0.07385551,-0.27315325,,,
,,,,,,1.5547209,0.08307761,-0.2788904,,,
,,,,,,1.5578986,0.09176119,-0.28249565,,,
,,,,,,1.560122,0.10026452,-0.28871924,,,
,,,,,,1.5631282,0.10887039,-0.29514417,,,
,,,,,,1.5624428,0.11114685,-0.30043486,,,
,,,,,,1.5624417,0.1117469,-0.30511943,,,
,,,,,,1.5620784,0.110624515,-0.3083484,,,
,,,,,,1.5624654,0.109136716,-0.3076246,,,
,,,,,,1.5565622,0.102712564,-0.30494738,,,
,,,,,,1.5484823,0.095806055,-0.29987094,,,
,,,,,,1.5425723,0.0901312,-0.2957375,,,
,,,,,,1.537409,0.087585494,-0.29451293,,,
,,,,,,1.5308233,0.08600046,-0.29461482,,,
,,,,,,1.5249949,0.08837276,-0.29344714,,,
,,,,,,1.5235181,0.09436515,-0.2932183,,,
,,,,,,1.5250714,0.10235083,-0.28920448,,,
,,,,,,1.5323169,0.103261285,-0.28247136,,,
,,,,,,1.5405442,0.10364536,-0.27716327,,,
,,,,,,1.5454005,0.09580606,-0.2727825,,,
,,,,,,1.546901,0.08566775,-0.26833424,,,
,,,,,,1.542509,0.0721518,-0.26333126,,,
,,,,,,1.532711,0.061124627,-0.25791594,,,
,,,,,,1.5228748,0.056423023,-0.25309235,,,
,,,,,,1.5149353,0.062314864,-0.24833427,,,
,,,,,,1.5181931,0.076095454,-0.24384327,,,
,,,,,,1.5264277,0.10025319,-0.24116613,,,
,,,,,,1.5401831,0.118672065,-0.23687728,,,
,,,,,,1.5557668,0.13133304,-0.23190458,,,
,,,,,,1.5689554,0.1259201,-0.22651118,,,
,,,,,,1.5805303,0.111289814,-0.22058386,,,
,,,,,,1.5895852,0.086606205,-0.21347989,,,
,,,,,,1.5973383,0.06454396,-0.20595196,,,
,,,,,,1.6019479,0.046112206,-0.19429532,,,
,,,,,,1.6046828,0.033614587,-0.18450382,,,
,,,,,,1.6028359,0.026437387,-0.18010348,,,
,,,,,,1.5984476,0.02245326,-0.17515251,,,
,,,,,,1.5917122,0.014372781,-0.1708587,,,
,,,,,,1.5832691,0.006543127,-0.16593151,,,
,,,,,,1.5767395,0.001169904,-0.160695,,,
,,,,,,1.5709792,-0.002061771,-0.15879935,,,
,,,,,,1.5704637,-0.008064644,-0.15788408,,,
,,,,,,1.572121,-0.014720675,-0.15630527,,,
,,,,,,1.5750643,-0.019556262,-0.1564655,,,
,,,,,,1.5785748,-0.023640811,-0.15554282,,,
,,,,,,1.5842111,-0.026092771,-0.15353985,,,
,,,,,,1.5892867,-0.027080812,-0.15113759,,,
,,,,,,1.5916991,-0.024836749,-0.15121092,,,
,,,,,,1.5925341,-0.021136006,-0.15234919,,,
,,,,,,1.5950837,-0.0179045,-0.15347828,,,
,,,,,,1.5980918,-0.014567774,-0.15490426,,,
,,,,,,1.6011136,-0.011905189,-0.15798438,,,
,,,,,,1.6040616,-0.009403728,-0.16110308,,,
,,,,,,1.6062398,-0.00737693,-0.16470784,,,
,,,,,,1.6078893,-0.005985383,-0.16810305,,,
,,,,,,1.610762,-0.004271577,-0.174793,,,
,,,,,,1.6135752,-0.003347987,-0.17885676,,,
,,,,,,1.6162077,-0.002361095,-0.18391284,,,
,,,,,,1.6178005,-0.00175527,-0.18803704,,,
,,,,,,1.6191283,-0.001663877,-0.1898092,,,
,,,,,,1.6203316,-0.002318974,-0.18875125,,,
,,,,,,1.6210659,-0.000787319,-0.18886255,,,
,,,,,,1.6212361,0.001589776,-0.18848859,,,
,,,,,,1.6249771,0.004078117,-0.19130844,,,
,,,,,,1.6282008,0.006061036,-0.19342937,,,
,,,,,,1.6246728,0.00945069,-0.19589825,,,
,,,,,,1.6193846,0.012326643,-0.1969718,,,
,,,,,,1.61799,0.015437897,-0.19723101,,,
,,,,,,1.6174549,0.017383646,-0.1968642,,,
,,,,,,1.6190896,0.021955997,-0.20000714,,,
,,,,,,1.6206794,0.025509562,-0.20153527,,,
,,,,,,1.6209799,0.028435845,-0.20350012,,,
,,,,,,1.6208265,0.028935209,-0.20538968,,,
,,,,,,1.6223581,0.030359829,-0.20916627,,,
,,,,,,1.6236994,0.031759486,-0.21382663,,,
,,,,,,1.6247846,0.035006013,-0.21873662,,,
,,,,,,1.6259059,0.038127527,-0.22311732,,,
,,,,,,1.6277254,0.041638553,-0.22676557,,,
,,,,,,1.6289152,0.044938974,-0.22660898,,,
,,,,,,1.63013,0.046868283,-0.22837795,,,
,,,,,,1.6306947,0.047793325,-0.2279866,,,
,,,,,,1.6311433,0.051251248,-0.22809637,,,
,,,,,,1.6304361,0.054313608,-0.22816765,,,
,,,,,,1.6287608,0.057631474,-0.23047768,,,
,,,,,,1.6262133,0.05979067,-0.23067045,,,
,,,,,,1.6227686,0.06661835,-0.23556088,,,
,,,,,,1.6195314,0.07221248,-0.23788778,,,
,,,,,,1.6174797,0.081072696,-0.24271585,,,
,,,,,,1.6156225,0.089519136,-0.24734262,,,
,,,,,,1.6158003,0.1007734,-0.25471738,,,
,,,,,,1.6130207,0.11320156,-0.25965816,,,
,,,,,,1.6080345,0.123903625,-0.26543736,,,
,,,,,,1.5977364,0.13579375,-0.2696706,,,
,,,,,,1.5905281,0.1414018,-0.27403408,,,
,,,,,,1.5816289,0.14400893,-0.27529928,,,
,,,,,,1.5818415,0.1450034,-0.27946773,,,
,,,,,,1.5837694,0.14336699,-0.28241706,,,
,,,,,,1.589891,0.14043832,-0.28575268,,,
,,,,,,1.594025,0.13759056,-0.28497908,,,
,,,,,,1.6016573,0.13786691,-0.28570122,,,
,,,,,,1.6049848,0.1391502,-0.28420952,,,
,,,,,,1.6047777,0.14244044,-0.28484097,,,
,,,,,,1.5998361,0.14590684,-0.28558248,,,
,,,,,,1.594807,0.15041551,-0.28742352,,,
,,,,,,1.5862176,0.15802433,-0.2881504,,,
,,,,,,1.5852139,0.16371903,-0.285062,,,
,,,,,,1.5840795,0.17204584,-0.27860504,,,
,,,,,,1.5892942,0.17714567,-0.2728808,,,
,,,,,,1.5957948,0.18355325,-0.26513004,,,
,,,,,,1.6011201,0.18265387,-0.25895962,,,
,,,,,,1.6037475,0.18211466,-0.25067088,,,
,,,,,,1.6104604,0.17921764,-0.24320146,,,
,,,,,,1.6168828,0.17574184,-0.23816717,,,
,,,,,,1.6236305,0.17030178,-0.23494276,,,
,,,,,,1.6286482,0.16545449,-0.2332128,,,
,,,,,,1.6371893,0.15941021,-0.22768854,,,
,,,,,,1.6424617,0.15638787,-0.22243597,,,
,,,,,,1.6458958,0.15491277,-0.22010104,,,
,,,,,,1.6464788,0.15484594,-0.2193604,,,
,,,,,,1.6469584,0.15476206,-0.22070238,,,
,,,,,,1.645808,0.15524821,-0.22172254,,,
,,,,,,1.6473992,0.15416378,-0.2231372,,,
,,,,,,1.65053,0.15234149,-0.2249925,,,
,,,,,,1.6570355,0.14993325,-0.2261324,,,
,,,,,,1.6648598,0.146453,-0.22623579,,,
,,,,,,1.6701183,0.14554553,-0.2265221,,,
,,,,,,1.6734513,0.14567459,-0.22667734,,,
,,,,,,1.6749892,0.14658345,-0.22787592,,,
,,,,,,1.6745043,0.14741415,-0.22864912,,,
,,,,,,1.6754234,0.15018287,-0.23157237,,,
,,,,,,1.675624,0.15283862,-0.23396946,,,
,,,,,,1.674321,0.15741351,-0.23747858,,,
,,,,,,1.6718314,0.16124493,-0.2382909,,,
,,,,,,1.670553,0.16596487,-0.24022833,,,
,,,,,,1.6692059,0.17116906,-0.24197096,,,
,,,,,,1.6666485,0.17472756,-0.24450515,,,
,,,,,,1.662365,0.17854178,-0.24587442,,,
,,,,,,1.6614093,0.18157722,-0.24636827,,,
,,,,,,1.6610442,0.18423046,-0.2466604,,,
,,,,,,1.6625072,0.18703493,-0.25027937,,,
,,,,,,1.6633164,0.18880755,-0.25208688,,,
,,,,,,1.666094,0.19081159,-0.2540196,,,
,,,,,,1.6682631,0.19264425,-0.25347626,,,
,,,,,,1.6713916,0.19725358,-0.25375268,,,
,,,,,,1.6735802,0.20382035,-0.25224763,,,
,,,,,,1.6776373,0.21559153,-0.2514425,,,
,,,,,,1.682129,0.22892176,-0.25023603,,,
,,,,,,1.6828524,0.23832338,-0.2502719,,,
,,,,,,1.6826934,0.24676883,-0.2498137,,,
,,,,,,1.6833595,0.2495888,-0.24907893,,,
,,,,,,1.6841713,0.25202608,-0.24386865,,,
,,,,,,1.6853422,0.2525626,-0.24041365,,,
,,,,,,1.6855621,0.25250652,-0.23564047,,,
,,,,,,1.6882652,0.24827997,-0.2342196,,,
,,,,,,1.6907274,0.24320164,-0.23415671,,,
,,,,,,1.6920092,0.23802398,-0.23448241,,,
,,,,,,1.6937832,0.234968,-0.23304193,,,
,,,,,,1.6955745,0.2328432,-0.22981808,,,
,,,,,,1.6978526,0.23234296,-0.22765884,,,
,,,,,,1.7020929,0.23325066,-0.22621612,,,
,,,,,,1.7064338,0.2371938,-0.22470385,,,
,,,,,,1.710139,0.24111886,-0.22439678,,,
,,,,,,1.7134385,0.24650072,-0.22305408,,,
,,,,,,1.7168714,0.24932991,-0.21941346,,,
,,,,,,1.7205989,0.25298265,-0.21597351,,,
,,,,,,1.7234387,0.25341707,-0.2141814,,,
,,,,,,1.726077,0.2535693,-0.21149123,,,
,,,,,,1.7263216,0.25365815,-0.21078123,,,
,,,,,,1.7249842,0.2534461,-0.20830344,,,
,,,,,,1.7230713,0.25028956,-0.20620838,,,
,,,,,,1.7207066,0.24678457,-0.20482938,,,
,,,,,,1.7163614,0.24229412,-0.2055587,,,
,,,,,,1.712112,0.238262,-0.20601699,,,
,,,,,,1.706097,0.23360723,-0.20099168,,,
,,,,,,1.7004042,0.2305014,-0.19662286,,,
,,,,,,1.6983976,0.2307678,-0.19755636,,,
,,,,,,1.6966656,0.23302338,-0.1984459,,,
,,,,,,1.6954955,0.23652335,-0.19978125,,,
,,,,,,1.6934222,0.24095641,-0.19907196,,,
,,,,,,1.6914742,0.24415179,-0.2002279,,,
,,,,,,1.6900399,0.24576192,-0.2019774,,,
,,,,,,1.6932931,0.24279454,-0.20492421,,,
,,,,,,1.6983289,0.23802939,-0.2091639,,,
,,,,,,1.7045758,0.23308869,-0.21187808,,,
,,,,,,1.7102991,0.22850175,-0.21024291,,,
,,,,,,1.7133907,0.22790533,-0.21040854,,,
,,,,,,1.7161155,0.22740614,-0.21136194,,,
,,,,,,1.7160509,0.2305599,-0.21735933,,,
,,,,,,1.7153997,0.2341978,-0.22300804,,,
,,,,,,1.7138789,0.23928408,-0.22806092,,,
,,,,,,1.7113441,0.24612148,-0.23092505,,,
,,,,,,1.7088716,0.25314444,-0.2338719,,,
,,,,,,1.7052203,0.2616294,-0.236678,,,
,,,,,,1.7016213,0.2680412,-0.23987368,,,
,,,,,,1.6976051,0.27520454,-0.24224286,,,
,,,,,,1.6948622,0.28138658,-0.24608202,,,
,,,,,,1.691569,0.28758928,-0.24820453,,,
,,,,,,1.6897383,0.29121247,-0.2495733,,,
,,,,,,1.6883531,0.2933621,-0.24914661,,,
,,,,,,1.6893966,0.2912594,-0.24717778,,,
,,,,,,1.6909922,0.28803346,-0.24520029,,,
,,,,,,1.6940471,0.28290033,-0.24565837,,,
,,,,,,1.6964529,0.27846223,-0.2439705,,,
,,,,,,1.6987033,0.27420312,-0.24080887,,,
,,,,,,1.6999025,0.27095014,-0.23897712,,,
,,,,,,1.7012228,0.26819122,-0.23862664,,,
,,,,,,1.7018445,0.26620522,-0.23867346,,,
,,,,,,1.7020204,0.2628197,-0.23778048,,,
,,,,,,1.7017115,0.25943488,-0.23549491,,,
,,,,,,1.7009283,0.2577197,-0.23335715,,,
,,,,,,1.7000121,0.25613475,-0.23076113,,,
,,,,,,1.6990854,0.25428316,-0.22779888,,,
,,,,,,1.6979233,0.25272566,-0.22289166,,,
,,,,,,1.6994451,0.25092468,-0.21866448,,,
,,,,,,1.7004088,0.25026798,-0.21608147,,,
,,,,,,1.7018812,0.245836,-0.21382251,,,
,,,,,,1.7029178,0.23976283,-0.21223609,,,
,,,,,,1.7059159,0.2350498,-0.21198817,,,
,,,,,,1.7089566,0.2316882,-0.21078847,,,
,,,,,,1.7100961,0.2288991,-0.20779535,,,
,,,,,,1.7097844,0.22761153,-0.20500566,,,
,,,,,,1.7099048,0.22762504,-0.20262468,,,
,,,,,,1.7098188,0.22817369,-0.19996746,,,
,,,,,,1.709267,0.22706603,-0.19810356,,,
,,,,,,1.7092932,0.2241818,-0.19779406,,,
,,,,,,1.7131193,0.22462901,-0.19838884,,,
,,,,,,1.718554,0.22491829,-0.19742209,,,
,,,,,,1.7200696,0.22674558,-0.19683374,,,
,,,,,,1.7197219,0.22921176,-0.19713064,,,
,,,,,,1.7162471,0.23312256,-0.19911024,,,
,,,,,,1.7120953,0.23678732,-0.20062165,,,
,,,,,,1.7083137,0.24133787,-0.20260122,,,
,,,,,,1.7047375,0.24664272,-0.20566373,,,
,,,,,,1.7019266,0.25326067,-0.20910016,,,
,,,,,,1.6999443,0.25879982,-0.21241671,,,
,,,,,,1.6989027,0.26379383,-0.21641229,,,
,,,,,,1.6974674,0.2676317,-0.2171157,,,
,,,,,,1.6956869,0.27020627,-0.21908633,,,
,,,,,,1.6922402,0.2724941,-0.21893014,,,
,,,,,,1.6908021,0.2757543,-0.21807718,,,
,,,,,,1.6902412,0.2781296,-0.21680084,,,
,,,,,,1.6890867,0.27898073,-0.21849394,,,
,,,,,,1.6882249,0.2787937,-0.22037528,,,
,,,,,,1.6893265,0.27778968,-0.22289492,,,
,,,,,,1.690259,0.27640805,-0.22305742,,,
,,,,,,1.6885625,0.27960664,-0.2261074,,,
,,,,,,1.6836891,0.2866111,-0.22917798,,,
,,,,,,1.6752633,0.29698306,-0.23025903,,,
,,,,,,1.6640297,0.30971843,-0.22962652,,,
,,,,,,1.654128,0.32089567,-0.23302236,,,
,,,,,,1.6473463,0.32812226,-0.23485643,,,
,,,,,,1.6479552,0.32945934,-0.23662929,,,
,,,,,,1.6529907,0.32564846,-0.23545732,,,
,,,,,,1.6611451,0.31911588,-0.23267917,,,
,,,,,,1.6691579,0.31203765,-0.22741799,,,
,,,,,,1.6743022,0.30557796,-0.2244815,,,
,,,,,,1.6770836,0.29987064,-0.22478476,,,
,,,,,,1.6782441,0.2985178,-0.22800073,,,
,,,,,,1.6781036,0.29876134,-0.22990055,,,
,,,,,,1.6785749,0.30006695,-0.23059747,,,
,,,,,,1.6783712,0.30209467,-0.2285606,,,
,,,,,,1.6764092,0.30444294,-0.22778656,,,
,,,,,,1.6734883,0.30625716,-0.22698793,,,
,,,,,,1.6742328,0.30755013,-0.2283544,,,
,,,,,,1.6758777,0.30822018,-0.23084489,,,
,,,,,,1.6745199,0.307439,-0.23396754,,,
,,,,,,1.6715877,0.30626503,-0.23420659,,,
,,,,,,1.6731899,0.30857962,-0.23530953,,,
,,,,,,1.6746312,0.31225404,-0.23516864,,,
,,,,,,1.6752992,0.31377906,-0.23601487,,,
,,,,,,1.6746259,0.31436542,-0.23594594,,,
,,,,,,1.6733348,0.31316793,-0.23583245,,,
,,,,,,1.671338,0.31151378,-0.236529,,,
,,,,,,1.6739074,0.31221625,-0.23931481,,,
,,,,,,1.6761968,0.31355894,-0.23946822,,,
,,,,,,1.6760123,0.31300837,-0.2373934,,,
,,,,,,1.6742698,0.31211793,-0.23572494,,,
,,,,,,1.6743,0.31169477,-0.23586123,,,
,,,,,,1.6749004,0.3115,-0.23971269,,,
,,,,,,1.6749667,0.3119631,-0.2451241,,,
,,,,,,1.6743852,0.31267652,-0.24788453,,,
,,,,,,1.676303,0.31448013,-0.24978387,,,
,,,,,,1.6781051,0.3173555,-0.25263968,,,
,,,,,,1.6787797,0.31836805,-0.2568894,,,
,,,,,,1.6783037,0.3183347,-0.26405305,,,
,,,,,,1.6776935,0.31837085,-0.273228,,,
,,,,,,1.6767535,0.31818488,-0.28192914,,,
,,,,,,1.6797347,0.31681892,-0.28593665,,,
,,,,,,1.6834153,0.3153833,-0.2867408,,,
,,,,,,1.6915698,0.33013818,-0.28575227,,,
,,,,,,1.7003725,0.351342,-0.28625154,,,
,,,,,,1.7206842,0.3739893,-0.28767112,,,
,,,,,,1.74311,0.39490446,-0.2889658,,,
,,,,,,1.7853501,0.40902236,-0.2902446,,,
,,,,,,1.8158869,0.41585577,-0.29129785,,,
,,,,,,1.8699456,0.4138283,-0.293471,,,
,,,,,,1.9070821,0.4096735,-0.29311743,,,
,,,,,,1.9640001,0.40271688,-0.29183745,,,
,,,,,,2.0121663,0.39518228,-0.29086274,,,
,,,,,,2.0779603,0.37282237,-0.28879884,,,
,,,,,,2.1399744,0.34832737,-0.28717634,,,
,,,,,,2.213679,0.32608593,-0.28540337,,,
,,,,,,2.2973433,0.3084848,-0.28251562,,,
,,,,,,2.3932903,0.2960255,-0.28052914,,,
,,,,,,2.5045679,0.28932172,-0.2744436,,,
,,,,,,2.6439729,0.28238103,-0.26696107,,,
,,,,,,2.7738638,0.27876145,-0.26199663,,,
,,,,,,2.9285924,0.27407184,-0.25842226,,,
,,,,,,3.0391188,0.26849213,-0.25514153,,,
,,,,,,3.1751084,0.25791174,-0.25010523,,,
,,,,,,3.2701347,0.24854201,-0.24613942,,,
,,,,,,3.3789172,0.2406646,-0.24167098,,,
,,,,,,3.4787092,0.23728618,-0.23510204,,,
,,,,,,3.58203,0.23704901,-0.22823305,,,
,,,,,,3.6860673,0.24137442,-0.22692958,,,
,,,,,,3.7717068,0.25328377,-0.22507234,,,
,,,,,,3.8653042,0.27408516,-0.21767658,,,
,,,,,,3.947029,0.3016808,-0.21181142,,,
,,,,,,4.0473394,0.34710836,-0.20557916,,,
,,,,,,4.1349964,0.3944037,-0.19804382,,,
,,,,,,4.232518,0.4534404,-0.18523651,,,
,,,,,,4.3447843,0.51882845,-0.171259,,,
,,,,,,4.4321365,0.56597674,-0.16257133,,,
,,,,,,4.537295,0.60798866,-0.15499663,,,
,,,,,,4.617638,0.6230397,-0.1506741,,,
,,,,,,4.724122,0.61518747,-0.14497456,,,
,,,,,,4.8139377,0.58802783,-0.1387527,,,
,,,,,,4.932379,0.5431654,-0.12904258,,,
,,,,,,5.072196,0.48155892,-0.115506284,,,
,,,,,,5.2004156,0.4265934,-0.102727406,,,
,,,,,,5.362229,0.36624172,-0.086821675,,,
,,,,,,5.508768,0.33622655,-0.07337189,,,
,,,,,,5.690249,0.3273709,-0.059035953,,,
,,,,,,5.8460627,0.348283,-0.051711943,,,
,,,,,,6.028643,0.40400332,-0.042719766,,,
,,,,,,6.1966925,0.46694195,-0.033452965,,,
,,,,,,6.3397207,0.53241825,-0.022613652,,,
,,,,,,6.518812,0.5973576,-0.010520225,,,
,,,,,,6.6531672,0.6525374,-0.002162215,,,
,,,,,,6.82401,0.692577,0.004296988,,,
,,,,,,6.957401,0.71241003,0.007168455,,,
,,,,,,7.1324644,0.7016747,0.006029942,,,
,,,,,,7.2893724,0.6665681,0.003260079,,,
,,,,,,7.4653163,0.5985643,-0.002927043,,,
,,,,,,7.640551,0.5036848,-0.008016295,,,
,,,,,,7.8127737,0.40016097,-0.012119155,,,
,,,,,,8.017257,0.2547462,-0.013830392,,,
,,,,,,8.192311,0.14148459,-0.001635104,,,
,,,,,,8.40796,0.010326556,0.040798623,,,
,,,,,,8.623252,-0.07285507,0.090107955,,,
,,,,,,8.825356,-0.12478777,0.13300295,,,
,,,,,,9.076985,-0.14200354,0.1755333,,,
,,,,,,9.269987,-0.12958106,0.20322238,,,
,,,,,,9.493506,-0.07752312,0.23088786,,,
,,,,,,9.656041,-0.007900838,0.2496338,,,
,,,,,,9.846977,0.096124955,0.2652487,,,
,,,,,,10.006008,0.21079537,0.2709492,,,
,,,,,,10.166962,0.31583482,0.27435046,,,
,,,,,,10.312857,0.42652124,0.2744986,,,
,,,,,,10.448223,0.49486968,0.27998978,,,
,,,,,,10.607814,0.57281935,0.3095352,,,
,,,,,,10.747971,0.59117424,0.3487885,,,
,,,,,,10.921566,0.59597033,0.38850138,,,
,,,,,,11.120699,0.55977863,0.41411462,,,
,,,,,,11.349921,0.5049838,0.42230842,,,
,,,,,,11.596606,0.41293627,0.40979213,,,
,,,,,,11.822003,0.31205434,0.39171234,,,
,,,,,,12.092454,0.17037195,0.37414983,,,
,,,,,,12.310178,0.03780467,0.3679378,,,
,,,,,,12.560236,-0.13349043,0.36438537,,,
,,,,,,12.772574,-0.2988752,0.36319363,,,
,,,,,,12.953804,-0.4474957,0.36466724,,,
,,,,,,13.118022,-0.5943507,0.3707738,,,
,,,,,,13.268719,-0.70670515,0.38569245,,,
,,,,,,13.444402,-0.78039014,0.4199885,,,
,,,,,,13.622462,-0.78752977,0.45299172,,,
,,,,,,13.841696,-0.75948566,0.4849667,,,
,,,,,,14.015161,-0.70815444,0.51004416,,,
,,,,,,14.181137,-0.627174,0.5287294,,,
,,,,,,14.332146,-0.5382739,0.53942347,,,
,,,,,,14.482702,-0.43237665,0.5412075,,,
,,,,,,14.628481,-0.33153766,0.5336126,,,
,,,,,,14.759935,-0.23709457,0.5283375,,,
,,,,,,14.909209,-0.13475804,0.5177456,,,
,,,,,,15.038682,-0.040602975,0.5050957,,,
,,,,,,15.145429,0.019851873,0.49664932,,,
,,,,,,15.245221,0.077264495,0.4912479,,,
,,,,,,15.288994,0.073872715,0.48414227,,,
,,,,,,15.333572,0.059947334,0.47293222,,,
,,,,,,15.329367,-0.013072083,0.45841688,,,
,,,,,,15.349278,-0.13005298,0.43812665,,,
,,,,,,15.331742,-0.2880477,0.42660397,,,
,,,,,,15.351084,-0.46218833,0.41663158,,,
,,,,,,15.310172,-0.631186,0.40788233,,,
,,,,,,15.312402,-0.81253284,0.3985293,,,
,,,,,,15.301707,-0.957144,0.3921329,,,
,,,,,,15.340095,-1.1166697,0.3853017,,,
,,,,,,15.377933,-1.2383019,0.37845933,,,
,,,,,,15.451914,-1.3763809,0.36960325,,,
,,,,,,15.488448,-1.4443203,0.36162698,,,
,,,,,,15.537093,-1.5229971,0.3524401,,,
,,,,,,15.500908,-1.5179223,0.33981305,,,
,,,,,,15.456067,-1.4859011,0.33265728,,,
,,,,,,15.3811245,-1.3078848,0.3143329,,,
,,,,,,15.304294,-1.084515,0.30022022,,,
,,,,,,15.251484,-0.8726071,0.30607104,,,
,,,,,,15.204786,-0.68883467,0.29831886,,,
,,,,,,15.157584,-0.56830555,0.25831038,,,
,,,,,,15.134141,-0.46020508,0.17036687,,,
,,,,,,15.113795,-0.40674776,0.13933069,,,
,,,,,,15.079291,-0.34866413,0.12982103,,,
,,,,,,15.04838,-0.3554754,0.107274234,,,
,,,,,,15.034697,-0.36207932,0.079976745,,,
,,,,,,15.091813,-0.43032494,0.055667203,,,
,,,,,,15.160104,-0.45797205,0.08118951,,,
,,,,,,15.26846,-0.47537196,0.059046153,,,
,,,,,,15.383608,-0.42061347,0.073395625,,,
,,,,,,15.450093,-0.3074189,0.07890423,,,
,,,,,,15.5093,-0.2203849,0.06183055,,,
,,,,,,15.638091,-0.19486167,0.035848007,,,
,,,,,,15.798213,-0.19287603,0.033272587,,,
,,,,,,15.96334,-0.17111208,0.031659517,,,
,,,,,,16.116556,-0.13708253,0.023442458,,,
,,,,,,16.217848,-0.081787795,0.02288133,,,
,,,,,,16.302473,-0.022403425,0.0215013,,,
,,,,,,16.341988,0.04977459,0.026530663,,,
,,,,,,16.380102,0.11956126,0.032065984,,,
,,,,,,16.363213,0.18871956,0.045915768,,,
,,,,,,16.322475,0.2554925,0.04923152,,,
,,,,,,16.245358,0.34351656,0.058395915,,,
,,,,,,16.178362,0.43142143,0.06359743,,,
,,,,,,16.119442,0.48730865,0.0671578,,,
,,,,,,16.07956,0.5348583,0.06528045,,,
,,,,,,16.044224,0.5606212,0.061184023,,,
,,,,,,16.022802,0.58470345,0.054383513,,,
,,,,,,16.014637,0.5896228,0.04654799,,,
,,,,,,16.017939,0.59688324,0.03699886,,,
,,,,,,16.002298,0.5902835,0.0308729,,,
,,,,,,15.991685,0.5911976,0.022684516,,,
,,,,,,15.953199,0.5793552,0.015722023,,,
,,,,,,15.911025,0.5700394,0.008710072,,,
,,,,,,15.868319,0.5371454,0.002357039,,,
,,,,,,15.83613,0.5108293,-0.006543155,,,
,,,,,,15.789967,0.46941787,-0.012998543,,,
,,,,,,15.750167,0.43764675,-0.020016255,,,
,,,,,,15.698093,0.39694965,-0.02492196,,,
,,,,,,15.652832,0.3669827,-0.03336373,,,
,,,,,,15.580797,0.33509794,-0.040709924,,,
,,,,,,15.513702,0.31409547,-0.048704185,,,
,,,,,,15.409903,0.2826716,-0.053727485,,,
,,,,,,15.312028,0.25936377,-0.05955245,,,
,,,,,,15.199529,0.2327921,-0.064480364,,,
,,,,,,15.099154,0.21513586,-0.071940705,,,
,,,,,,15.014191,0.18276061,-0.07637849,,,
,,,,,,14.944615,0.15652516,-0.080561936,,,
,,,,,,14.878873,0.12697662,-0.085416354,,,
,,,,,,14.819814,0.102210864,-0.091356255,,,
,,,,,,14.742018,0.08201808,-0.09728363,,,
,,,,,,14.661869,0.068817064,-0.103686646,,,
,,,,,,14.570978,0.04964574,-0.10996585,,,
,,,,,,14.481917,0.032612815,-0.11698319,,,
,,,,,,14.3838005,0.013198797,-0.123510875,,,
,,,,,,14.288486,-0.002775042,-0.13033706,,,
,,,,,,14.187842,-0.020772927,-0.13520497,,,
,,,,,,14.091339,-0.035589777,-0.14044265,,,
,,,,,,13.991705,-0.05056579,-0.14600007,,,
,,,,,,13.896649,-0.062079165,-0.15169446,,,
,,,,,,13.801327,-0.075746045,-0.15496513,,,
,,,,,,13.711033,-0.087125644,-0.15810889,,,
,,,,,,13.638963,-0.09223327,-0.15849486,,,
,,,,,,13.577498,-0.09243956,-0.1590485,,,
,,,,,,13.522927,-0.09080742,-0.15839033,,,
,,,,,,13.472149,-0.087009504,-0.15779924,,,
,,,,,,13.435098,-0.10418816,-0.1566823,,,
,,,,,,13.400119,-0.12267445,-0.15867423,,,
,,,,,,13.372759,-0.1675772,-0.15836313,,,
,,,,,,13.349157,-0.20211242,-0.15868331,,,
